id,dateUpdated,dateAccessed,documentLink,documentType,lactationBooster,lactationCode,lactationCounselingAndInformation,lactationQualifications,pregnancyBooster,pregnancyCode,pregnancyQualifications,pregnancyTest,vaccines,orgName,orgType,countryIso3166Alpha2,countryName,wbRegion,wbIncomeLevel
19,2020-12-01,2021-03-31,https://www.fda.gov/media/144638/download,Fact sheet,,Permitted with qualifications,,Provider consultation required,,Permitted with qualifications,Provider consultation required,,Moderna COVID-19 vaccine,Food and Drug Administration,Regulatory Body,US,United States,North America,High income
18,2020-12-01,2021-03-31,https://www.fda.gov/media/144637/download,Fact sheet,,Permitted,,,,Permitted,,,Moderna COVID-19 vaccine,Food and Drug Administration,Regulatory Body,US,United States,North America,High income
100,2020-12-22,2021-04-26,https://www.pio.gov.cy/coronavirus/uploads/Q&As%20Vaccine%2022122020.pdf,FAQ,,Permitted,,,,Permitted,,,Pfizer/BioNTech Comirnaty,Ministry of Health,Public Health Authority,CY,Cyprus,Europe and Central Asia,High income
1276,2020-12-23,2022-02-15,https://www.facebook.com/UKinTCI/photos/a.398942706844089/4814926548578994,Official social media post,,Not recommended,,,,Not recommended,,,Pfizer/BioNTech Comirnaty,Ministry of Health,Public Health Authority,TC,Turks and Caicos Islands,Latin America and Caribbean,High income
205,2020-12-30,2021-05-13,"<iframe src=""https://www.facebook.com/plugins/post.php?href=https%3A%2F%2Fwww.facebook.com%2FMOHPalau%2Fposts%2F3669320706455462&show_text=true&width=500"" width=""500"" height=""511"" style=""border:none;overflow:hidden"" scrolling=""no"" frameborder=""0"" allowfullscreen=""true"" allow=""autoplay; clipboard-write; encrypted-media; picture-in-picture; web-share""></iframe>",Official social media post,,No position found,,,,Permitted,,,,Ministry of Health,Public Health Authority,PW,Palau,East Asia and Pacific,High income
1230,2020-12-30,2022-02-06,https://sego.es/info_covid-19,Guidance statement,,Permitted,"Lactating people SHOULD consult provider / ""talk to provider""",,,No position found,,,"Pfizer/BioNTech Comirnaty|Moderna COVID-19 vaccine",Sociedad Espanõla de Ginecología y Obstetricia,Professional Society,ES,Spain,Europe and Central Asia,High income
88,2021-01-03,2021-04-23,https://nun.gl/emner/sundhedsprofessionelle/til_fagpersoner/vaccination_mod_covid19?sc_lang=da,Guidance statement,,Not recommended,,,,Not recommended,,,Pfizer/BioNTech Comirnaty,National Board of Health,Public Health Authority,GL,Greenland,Europe and Central Asia,High income
1373,2021-01-04,2022-06-14,https://www.minsal.cl/wp-content/uploads/2022/01/Actualizaci%C3%B3n-de-la-vacunaci%C3%B3n-contra-SARS-CoV-2-en-Embarazadas-y-Nodrizas.pdf,Government website,,Permitted,,,,Permitted,,,,"Ministry of Health, Institute of Public Health",Public Health Authority,CL,Chile,Latin America and Caribbean,High income
20,2021-01-05,2021-03-31,https://www.fda.gov/emergency-preparedness-and-response/mcm-legal-regulatory-and-policy-framework/moderna-covid-19-vaccine-frequently-asked-questions,FAQ,,Permitted with qualifications,,Provider consultation required,,Permitted with qualifications,Provider consultation required,,Moderna COVID-19 vaccine,Food and Drug Administration,Regulatory Body,US,United States,North America,High income
99,2021-01-06,2021-04-26,https://www.pio.gov.cy/coronavirus/uploads/Q&As%20Moderna%20vaccine.pdf,FAQ,,Permitted,,,,Permitted,,,Moderna COVID-19 vaccine,Ministry of Health,Public Health Authority,CY,Cyprus,Europe and Central Asia,High income
191,2021-01-06,2021-05-12,https://nphcda.gov.ng/faqs/,FAQ,,Permitted,,Elevated risk of exposure,,Not recommended but with exceptions,"Elevated risk of exposure (occupational, housing)|Elevated risk of serious disease (underlying condition, co-morbidity, age)",,,National Primary Health Care Development Agency,Public Health Authority,NG,Nigeria,Sub-Saharan Africa,Lower middle income
339,2021-01-07,2021-06-21,https://corona.fo/?_l=en,Guidance statement,,Not recommended,,,,Not recommended but with exceptions,"Provider consultation required|Elevated risk of serious disease (underlying condition, co-morbidity, age)",Required,"Pfizer/BioNTech Comirnaty|Moderna COVID-19 vaccine",The Government of the Faroe Islands,Public Health Authority,FO,Faroe Islands,Europe and Central Asia,High income
978,2021-01-08,2021-11-23,http://www.cngof.fr/coronavirus-go-cngof/apercu?path=Vaccination-anti-covid-19%252F2021-01-07-Communique-Vacc-covid-CNGOF.pdf&i=46693,Press release,,,,,,Recommended for some or all,,,,College National des Gynecologues et Obstetriciens Francais,Professional Society,FR,France,Europe and Central Asia,High income
1,2021-01-08,2021-03-26,https://www.who.int/publications/i/item/WHO-2019-nCoV-vaccines-SAGE_recommendation-BNT162b2-2021.1,Guidance statement,,Recommended for some or all,,Elevated risk of exposure,,Not recommended but with exceptions,"Elevated risk of exposure (occupational, housing)|Elevated risk of serious disease (underlying condition, co-morbidity, age)",Not recommended,Pfizer/BioNTech Comirnaty,World Health Organization,Public Health Authority,,Global,,
873,2021-01-10,2021-10-26,http://oshksh.gov.al/wp-content/uploads/2021/01/Leter-miratimi-refuzimi-vaksinim-COVID-19.pdf,Consent form/screening checklist,,Not recommended,,,,Not recommended,,,Pfizer/BioNTech Comirnaty,Ministry of Health and Social Services,Public Health Authority,AL,Albania,Europe and Central Asia,Upper middle income
438,2021-01-11,2021-07-13,https://kesmas.kemkes.go.id/assets/uploads/contents/others/FAQ_VAKSINASI_COVID__call_center.pdf,FAQ,,Not recommended,,,,Not recommended,,,,Ministry of Health,Public Health Authority,ID,Indonesia,East Asia and Pacific,Upper middle income
9,2021-01-12,2021-03-30,https://www.who.int/news-room/feature-stories/detail/who-can-take-the-pfizer-biontech-covid-19--vaccine,Press release,,Permitted,,Elevated risk of exposure,,Not recommended but with exceptions,"Elevated risk of exposure (occupational, housing)",,Pfizer/BioNTech Comirnaty,World Health Organization,Public Health Authority,,Global,,
235,2021-01-15,2021-05-26,http://www.ms.ro/brosura-medici-vaccinarea-covid-19-ms/,FAQ,,Permitted,,"Elevated risk of exposure|Elevated risk of serious disease",,Permitted,,,"Pfizer/BioNTech Comirnaty|Moderna COVID-19 vaccine",Ministry of Health,Public Health Authority,RO,Romania,Europe and Central Asia,High income
37,2021-01-15,2021-04-13,http://www.sante.gov.dz/images/Prevention/cornavirus/formationsvaccincovid19/5-Module-5-2-droulement-de-la-sance-de-vaccination.pdf,Fact sheet,,Not recommended,,,,Not recommended,,,,"Ministry of Health, Population, and Hospital Reform",Public Health Authority,DZ,Algeria,Middle East and North Africa,Lower middle income
109,2021-01-15,2021-04-28,https://www.guineasalud.org/archivos/Protocolos/PlandeIntroduccionVacunaCOVID19.pdf,Guidance statement,,No position found,,,,No position found,,,,Ministry of Health and Social Wellbeing,Public Health Authority,GQ,Equatorial Guinea,Sub-Saharan Africa,Upper middle income
53,2021-01-15,2021-06-18,https://www.ambassadeangola.ch/telechargements/COVID_19.pdf,Guidance statement,,No position found,,,,Not recommended,,,,Ministry of Health,Public Health Authority,AO,Angola,Sub-Saharan Africa,Lower middle income
83,2021-01-15,2021-04-23,https://www.ispch.cl/wp-content/uploads/2021/01/FIV-CoronaVac-28012021B.pdf,Fact sheet,,Not recommended,,,,Not recommended,,,Sinovac CoronaVac,"Ministry of Health, Institute of Public Health",Public Health Authority,CL,Chile,Latin America and Caribbean,High income
126,2021-01-15,2021-05-04,https://www.moh.gov.gr/articles/health/dieythynsh-dhmosias-ygieinhs/emboliasmoi/ekpaideytiko-yliko-gia-emboliasmoys-covid19/8253-odhgies-emboliasmoy-enanti-toy-ioy-sars-cov-2,Guidance statement,,Permitted with qualifications,,Elevated risk of exposure,,Permitted with qualifications,"Elevated risk of exposure (occupational, housing)|Elevated risk of serious disease (underlying condition, co-morbidity, age)",Not recommended,,Ministry of Health,Public Health Authority,GR,Greece,Europe and Central Asia,High income
520,2021-01-15,2021-08-03,https://sogr.ro/pozitia-societatii-de-obstetrica-si-ginecologie-din-romania-sogr-fata-de-vaccinarea-covid-19-a-femeii-gravide-si-care-alapteaza/,Guidance statement,,Permitted,"Lactating people SHOULD consult provider / ""talk to provider""",,,Permitted,,Not required,"Moderna COVID-19 vaccine|Pfizer/BioNTech Comirnaty",Romanian Society of Obstetrics and Gynecology,Professional Society,RO,Romania,Europe and Central Asia,High income
338,2021-01-16,2021-06-20,https://nk.gov.az/media/files/aacabbd711bceaf011679298e9eb8a89.pdf,Guidance statement,,No position found,,,,No position found,,,,Ministry of Public Health,Public Health Authority,AZ,Azerbaijan,Europe and Central Asia,Upper middle income
582,2021-01-16,2021-08-22,http://ptwakc.org.pl/wytyczne-i-stanowiska/stanowisko-fundacji-bank-mleka-kobiecego-centrum-nauki-o-laktacji-i-polskiego-towarzystwa-wakcynologii-w-sprawie-szczepienia-przeciwko-sars-cov-2-kobiet-w-okresie-laktacji/,Guidance statement,,Permitted,"Lactating people SHOULD consult provider / ""talk to provider""","Elevated risk of exposure|Elevated risk of serious disease",,,,,"Pfizer/BioNTech Comirnaty|Moderna COVID-19 vaccine","Women's Milk Bank Foundation, Lactation Science Center and the Polish Society of Wakcynology: ",Professional Society,PL,Poland,Europe and Central Asia,High income
634,2021-01-17,2021-09-12,https://spogpanama.org/posicionamiento-de-la-spog-respecto-a-la-aplicacion-de-la-vacuna-contra-la-covid-19-durante-el-embarazo-y-lactancia/,Guidance statement,,,,,,Permitted,,,"Pfizer/BioNTech Comirnaty|Moderna COVID-19 vaccine",Sociedad Panamenã de Obstetricia y Ginecología,Professional Society,PA,Panama,Latin America and Caribbean,High income
45,2021-01-18,2021-04-13,http://www.sante.gov.dz/images/Prevention/FAQ_vaccination-contre-la-Covid-19_version-18-janv2021_18h30.pdf,FAQ,,Not recommended,,,,Not recommended,,,Gamaleya Sputnik V,"Ministry of Health, Population, and Hospital Reform",Public Health Authority,DZ,Algeria,Middle East and North Africa,Lower middle income
930,2021-01-18,2021-11-08,https://www.gov.il/en/departments/news/19012021-01,Guidance statement,,Recommended for some or all,,,,Recommended for some or all,,,"Pfizer/BioNTech Comirnaty|Moderna COVID-19 vaccine",Israel Society of Obstetrics and Gynecology,Professional Society,IL,Israel,Middle East and North Africa,High income
763,2021-01-19,2021-09-28,https://www.facebook.com/RMINDMO,Press release,,No position found,,,,No position found,,,Moderna COVID-19 vaccine,Ministry of Health and Human Services,Public Health Authority,MH,Marshall Islands,East Asia and Pacific,Upper middle income
145,2021-01-19,2021-05-07,https://www.gov.il/he/departments/news/19012021-05,Guidance statement,,,,,,Recommended for some or all,"Elevated risk of exposure (occupational, housing)|Elevated risk of serious disease (underlying condition, co-morbidity, age)",,,Ministry of Health,Public Health Authority,IL,Israel,Middle East and North Africa,High income
95,2021-01-20,2021-04-26,https://www.ministeriodesalud.go.cr/sobre_ministerio/prensa/docs/lineamientos_vacunacion_covid19_21012021.pdf,Guidance statement,,Not recommended but with exceptions,,,,Not recommended,,Required,Pfizer/BioNTech Comirnaty,Ministry of Health,Public Health Authority,CR,Costa Rica,Latin America and Caribbean,Upper middle income
434,2021-01-21,2021-07-12,https://vaccines.ncdc.ge/vaccinationprocess/#vaccines,Guidance statement,,,,,,Not recommended,,,,National Centers for Disease Control,Public Health Authority,GE,Georgia,Europe and Central Asia,Upper middle income
957,2021-01-21,2021-11-17,https://www.ens.ee/uudised/item/1379-ens-seisukoht-koroonaviirusevastase-vaktsineerimise-kohta,Guidance statement,,Permitted with qualifications,,Provider consultation required,,Permitted with qualifications,Provider consultation required,Not required,"Pfizer/BioNTech Comirnaty|Moderna COVID-19 vaccine",Society of Estonian Gynaecologists,Professional Society,EE,Estonia,Europe and Central Asia,High income
105,2021-01-21,2021-04-28,https://www.salud.gob.ec/wp-content/uploads/2021/03/Plan-de-Vacunacion-para-prevenir-la-COVID-19-–-ECUADOR-2020-2021-actualizacion-21-de-enero-2021.pdf,Guidance statement,,Not recommended,,,,Not recommended,,,Pfizer/BioNTech Comirnaty,Ministry of Public Health,Public Health Authority,EC,Ecuador,Latin America and Caribbean,Upper middle income
198,2021-01-22,2021-05-13,https://covid19.rosminzdrav.ru/minzdrav-rossii-standartiziroval-pravila-provedeniya-vakczinaczii-ot-covid-19/,Guidance statement,,Not recommended,,,,Not recommended,,,Gamaleya Sputnik V,Ministry of Health,Public Health Authority,RU,Russian Federation,Europe and Central Asia,Upper middle income
354,2021-01-22,2021-06-21,https://beatcovid19.ai/wp-content/uploads/2021/01/ANGUILLA-FAQ-ASTRA-ZENECA-COVID-19-VACCINE.pdf,FAQ,,No position found,,,,Not recommended,,,"Oxford-AstraZeneca Vaxzevria, Covishield",The Government of Anguilla,Public Health Authority,AI,Anguilla,Latin America and Caribbean,High income
6,2021-01-25,2021-03-26,https://www.who.int/publications/i/item/interim-recommendations-for-use-of-the-moderna-mrna-1273-vaccine-against-covid-19,Guidance statement,,Recommended for some or all,,Elevated risk of exposure,,Not recommended but with exceptions,"Elevated risk of exposure (occupational, housing)|Elevated risk of serious disease (underlying condition, co-morbidity, age)",Not recommended,Moderna COVID-19 vaccine,World Health Organization,Public Health Authority,,Global,,
162,2021-01-25,2021-05-11,https://foph-coronavirus.ch/downloads/downloads-covid-19-vaccine/,Fact sheet,,No position found,,,,Not recommended but with exceptions,"Elevated risk of serious disease (underlying condition, co-morbidity, age)|Elevated risk of exposure (occupational, housing)",,"Pfizer/BioNTech Comirnaty|Moderna COVID-19 vaccine",Federal Office of Public Health,Public Health Authority,CH,Switzerland,Europe and Central Asia,High income
705,2021-01-26,2021-09-22,https://www.facebook.com/MinisterulSanatatii/photos/a.175201909501249/1361144610906967/,Official social media post,,Permitted,"Lactating people SHOULD consult provider / ""talk to provider""",,,Permitted,,,"Pfizer/BioNTech Comirnaty|Moderna COVID-19 vaccine",Ministry of Health,Public Health Authority,RO,Romania,Europe and Central Asia,High income
368,2021-01-26,2021-06-22,http://healthclusteropt.org/admin/file_manager/uploads/files/shares/Documents/601a930abb674.pdf,Guidance statement,,No position found,,,,No position found,,,,Ministry of Health,Public Health Authority,PS,West Bank and Gaza,Middle East and North Africa,Lower middle income
1249,2021-01-26,2022-02-07,https://ranzcog.edu.au/statements-guidelines/covid-19-statement/covid-19-vaccination-information,Guidance statement,,No position found,,,,Not recommended but with exceptions,"Elevated risk of exposure (occupational, housing)|Elevated risk of serious disease (underlying condition, co-morbidity, age)|Provider consultation required",,,The Royal Australian and New Zealand College of Obstetricians and Gynaecologists (RANZCOG),Professional Society,"AU|NZ","Australia|New Zealand","East Asia and Pacific|East Asia and Pacific","High income|High income"
102,2021-01-27,2021-04-26,https://covid.gov.cz/en/situations/information-about-vaccine,FAQ,,No position found,,,,No position found,,,,Ministry of the Interior,Public Health Authority,CZ,Czech Republic,Europe and Central Asia,High income
17,2021-01-28,2021-03-30,https://www.fda.gov/emergency-preparedness-and-response/mcm-legal-regulatory-and-policy-framework/pfizer-biontech-covid-19-vaccine-frequently-asked-questions,FAQ,,Permitted with qualifications,,Provider consultation required,,Permitted with qualifications,Provider consultation required,,Pfizer/BioNTech Comirnaty,Food and Drug Administration,Regulatory Body,US,United States,North America,High income
1311,2021-01-28,2022-03-08,https://bvi.gov.vg/media-centre/honourable-carvin-malone-remarks-covid-19-vaccination-and-new-uk-strain,,,,,,,Not recommended,,,"Oxford-AstraZeneca Vaxzevria, Covishield",Government of the Virgin Islands,Public Health Authority,VG,British Virgin Islands,Latin America and Caribbean,High income
259,2021-01-28,2021-05-31,https://www.gov.il/en/departments/news/28012021-03,Press release,,Recommended for some or all,,,,Recommended for some or all,"Elevated risk of exposure (occupational, housing)|Elevated risk of serious disease (underlying condition, co-morbidity, age)|Advises administration in 2nd and 3rd trimester",,,Ministry of Health,Public Health Authority,IL,Israel,Middle East and North Africa,High income
862,2021-01-29,2021-10-26,https://www.febrasgo.org.br/pt/covid19/item/1208-recomendacao-febrasgo-na-vacinacao-de-gestantes-e-lactantes-contra-covid-19,Guidance statement,,No position found,,,,Permitted with qualifications,"Provider consultation required|Elevated risk of serious disease (underlying condition, co-morbidity, age)|Elevated risk of exposure (occupational, housing)",Not required,Sinovac CoronaVac,Brazilian Federation of Gynecology and Obstetrics Associations (Febrasgo),Professional Society,BR,Brazil,Latin America and Caribbean,Upper middle income
10,2021-01-29,2021-03-30,https://www.who.int/news-room/feature-stories/detail/the-moderna-covid-19-mrna-1273-vaccine-what-you-need-to-know,Press release,,Permitted,,Elevated risk of exposure,,Permitted with qualifications,"Provider consultation required|Elevated risk of exposure (occupational, housing)|Elevated risk of serious disease (underlying condition, co-morbidity, age)",,Moderna COVID-19 vaccine,World Health Organization,Public Health Authority,,Global,,
98,2021-01-29,2021-04-26,https://www.pio.gov.cy/coronavirus/uploads/Q&As%20AstraZenecavaccine.pdf,FAQ,,Permitted,"Lactating people SHOULD consult provider / ""talk to provider""",,,Permitted,,,"Oxford-AstraZeneca Vaxzevria, Covishield",Ministry of Health,Public Health Authority,CY,Cyprus,Europe and Central Asia,High income
363,2021-02-01,2021-06-22,https://www.adb.org/sites/default/files/linked-documents/50282-003-sd-06.pdf,Guidance statement,,No position found,,,,No position found,,,,"Ministry of Health, Social Welfare and Gender",Public Health Authority,TV,Tuvalu,East Asia and Pacific,Upper middle income
337,2021-02-01,2021-06-20,https://www.adb.org/sites/default/files/linked-documents/55012-001-sd-03.pdf,Guidance statement,,No position found,,,,No position found,,,,Ministry of Public Health,Public Health Authority,AF,Afghanistan,South Asia,Low income
407,2021-02-01,2021-07-04,https://www.zzjzfbih.ba/vakcine-protiv-covid-19-distribucija-i-efekat-na-pandemiju/,FAQ,,No position found,,,,No position found,,,,Institute for Public Health,Public Health Authority,BA,Bosnia and Herzegovina,Europe and Central Asia,Upper middle income
933,2021-02-02,2021-11-11,https://www.humanitarianresponse.info/es/operations/malawi/document/malawi-covid-19-vaccine-deployment-plan-02-february-2021,Government website,,No position found,,,,No position found,,,,Ministry of Health,Public Health Authority,MW,Malawi,Sub-Saharan Africa,Low income
425,2021-02-03,2021-07-11,http://www.med.kg/en/news/3887-covid-19-vaccination.html,Press release,,No position found,,,,No position found,,,,Ministry of Health and Social Development,Public Health Authority,KG,Kyrgyz Republic,Europe and Central Asia,Lower middle income
236,2021-02-04,2021-05-26,https://www.gob.pe/institucion/minsa/normas-legales/1635499-161-2021-minsa,Guidance statement,,Not recommended,Lactation consultation NOT required,,,"Permitted|Not recommended",,,Sinopharm BIBP-CorV,Ministry of Health,Public Health Authority,PE,Peru,Latin America and Caribbean,Upper middle income
197,2021-02-04,2021-05-13,http://www.nhsrc.gov.pk/SiteImage/Misc/files/20210204%20Guidelines%20for%20Sinopharm%20Vaccine%20_5802.pdf,Guidance statement,,No position found,,,,Not recommended,,,Sinopharm BIBP-CorV,Ministry of National Health Services Regulation and Coordination,Public Health Authority,PK,Pakistan,South Asia,Lower middle income
35,2021-02-04,2021-04-12,https://shendetesia.gov.al/vaksina-anti-covid/,Guidance statement,,,,,,,,,,Ministry of Health and Social Services,Public Health Authority,AL,Albania,Europe and Central Asia,Upper middle income
531,2021-02-04,2021-08-04,https://www.mohs.gov.mm/Main/content/publication/2019-ncov,Guidance statement,,No position found,,,,No position found,,,,Ministry of Health and Sports,Public Health Authority,MM,Myanmar,East Asia and Pacific,Lower middle income
797,2021-02-04,2021-05-19,https://www.gov.bm/sites/default/files/COVID-19%20Vaccine%20Information%20and%20Consent%20Form.pdf,Consent form/screening checklist,,Not recommended,,,,Not recommended,,,Pfizer/BioNTech Comirnaty,Government of Bermuda,Public Health Authority,BM,Bermuda,North America,High income
103,2021-02-05,2021-04-26,https://covid.gov.cz/en/situations/information-about-vaccine/who-should-not-get-vaccinated,FAQ,,Permitted with qualifications,"Lactating people SHOULD consult provider / ""talk to provider""","Elevated risk of exposure|Elevated risk of serious disease",,Permitted with qualifications,"Elevated risk of exposure (occupational, housing)|Elevated risk of serious disease (underlying condition, co-morbidity, age)",,,Ministry of the Interior,Public Health Authority,CZ,Czech Republic,Europe and Central Asia,High income
128,2021-02-05,2021-05-04,https://www.mspas.gob.gt/component/jdownloads/send/891-documento-plan-nacional-de-vacunación-contra-la-covid-19/7461-plan-nacional-vacunación-contra-covid-19.html,Guidance statement,,No position found,,,,No position found,,,"Pfizer/BioNTech Comirnaty|Moderna COVID-19 vaccine|Oxford-AstraZeneca Vaxzevria, Covishield",Ministry of Public Health and Social Assistance,Public Health Authority,GT,Guatemala,Latin America and Caribbean,Upper middle income
51,2021-02-05,2021-04-14,https://www.bopa.ad/bopa/033018/Pagines/GD20210205_13_23_21.aspx,Guidance statement,,No position found,,,,Permitted with qualifications,"Elevated risk of serious disease (underlying condition, co-morbidity, age)",,,Ministry of Health,Public Health Authority,AD,Andorra,Europe and Central Asia,High income
147,2021-02-05,2021-05-10,https://www.iss.it/documents/20126/0/Rapporto+ISS+COVID-19+2_2021_EN.pdf/b700d137-165d-50c4-88b8-686d048af736?t=1615472766650,Guidance statement,,Recommended for some or all,,"Elevated risk of exposure|Elevated risk of serious disease",,Permitted with qualifications,"Elevated risk of exposure (occupational, housing)|Elevated risk of serious disease (underlying condition, co-morbidity, age)",,"Pfizer/BioNTech Comirnaty|Moderna COVID-19 vaccine|Oxford-AstraZeneca Vaxzevria, Covishield",Superior Institute of Health (ISS),Public Health Authority,IT,Italy,Europe and Central Asia,High income
160,2021-02-06,2021-05-11,https://covid19.health.gov.mv/wp-content/uploads/2021/02/FAQ-6-Feb.pdf,,,Permitted with qualifications,Lactating people MUST consult provider,Provider consultation required,,Not recommended,,,"Oxford-AstraZeneca Vaxzevria, Covishield",Ministry of Health,Public Health Authority,MV,Maldives,South Asia,Upper middle income
96,2021-02-09,2021-04-26,https://www.koronavirus.hr/cijepljenje-protiv-covid-19-bolesti-najcesca-pitanja-i-odgovori/892?__cf_chl_jschl_tk__=6cb62f8beec70916bd029ca0dc37d723838a51d1-1619485907-0-AdrBA8BlDWT-NjwQWZX9DSzutkxzORrEMsYgKfYYHSMgBDZonAlynSna6Jy9JTGCCxhp6BZ5aKVa_8gDrwax60pa4xNEzXmisZ7LR72hn_9v1zbPcnxlvNaXlfrBtWygMYJ9wSEmIwxaJ2lHp0L4Mwd89tzPsEvQ6GEgeSJWknnP0B5-xkks8FkN3bRtEBwA8SRihwg-9Qp9G7Fi96kg4PgNcey65_sTyh8ZNLg7RuRy3BE0z5i0DOJJQnya2I3A60hRFOUUH8HmFucqkf0fPT4GsozWlhLQO8RRIqD8eAgmAxzCFdfJRD-Eni1ukTXqiI2dOiyxFhMkP79Y2qFje4zmEaX8JazIp-TToLEisioyXGzIp1My1gtSpwirXKUCKAv02AUcaXqw7m2cY7c1zE7ATWcbKeLCvavsRptpR2FqkI2ylGwAUsuGB-nm_ij58yZssjn_y6ULNWyYOXvcZzK6CLANmTbTnAbkfFeMeMN7F9lSwSujUmMR9IRMisGjyip_3LxSGEsRq8SLNvdkuwigC-7M_lEl8JOmTJdEQ4g9,FAQ,,No position found,,,,Permitted with qualifications,"Elevated risk of exposure (occupational, housing)|Elevated risk of serious disease (underlying condition, co-morbidity, age)",,"Pfizer/BioNTech Comirnaty|Moderna COVID-19 vaccine|Oxford-AstraZeneca Vaxzevria, Covishield",Institute of Public Health,Public Health Authority,HR,Croatia,Europe and Central Asia,High income
204,2021-02-10,2021-05-13,https://www.vacunate.gov.py/index-plan-vacunacion.html,Guidance statement,,Not recommended,,,,Not recommended,,,"Oxford-AstraZeneca Vaxzevria, Covishield|Gamaleya Sputnik V",Ministry of Public Health and Social Welfare,Public Health Authority,PY,Paraguay,Latin America and Caribbean,Upper middle income
7,2021-02-10,2021-03-26,https://www.who.int/publications/i/item/WHO-2019-nCoV-vaccines-SAGE_recommendation-AZD1222-2021.1,Guidance statement,,Recommended for some or all,,Elevated risk of exposure,,Permitted with qualifications,"Elevated risk of exposure (occupational, housing)|Elevated risk of serious disease (underlying condition, co-morbidity, age)",Not recommended,"Oxford-AstraZeneca Vaxzevria, Covishield",World Health Organization,Public Health Authority,,Global,,
60,2021-02-10,2021-04-19,https://bancos.salud.gob.ar/recurso/actualizacion-del-manual-del-vacunador-de-sputnik-v,Fact sheet,,Not recommended but with exceptions,"Lactating people SHOULD consult provider / ""talk to provider""","Elevated risk of exposure|Elevated risk of serious disease",,Not recommended but with exceptions,"Elevated risk of exposure (occupational, housing)|Elevated risk of serious disease (underlying condition, co-morbidity, age)|Provider consultation required",Not recommended,Gamaleya Sputnik V,Ministry of Health,Public Health Authority,AR,Argentina,Latin America and Caribbean,Upper middle income
388,2021-02-10,2021-06-25,https://covid19.rosminzdrav.ru/otvety-na-aktualnye-voprosy-po-covid-19/,FAQ,,Not recommended,,,,Not recommended,,,,Ministry of Health,Public Health Authority,RU,Russian Federation,Europe and Central Asia,Upper middle income
647,2021-02-11,2021-09-15,https://covid19.gov.tl/en/awaits-more-data-on-astrazeneca-to-approve-vaccination-plan-lusa/,Press release,,No position found,,,,Not recommended,,,"Oxford-AstraZeneca Vaxzevria, Covishield",Ministry of Health,Public Health Authority,TL,Timor-Leste,East Asia and Pacific,Lower middle income
1098,2021-02-12,2021-12-18,https://www.independent.co.ug/pregnant-women-in-covid-19-hotspots-will-get-vaccine-health-ministry/,Media article,,Permitted,,,,Permitted with qualifications,"Elevated risk of exposure (occupational, housing)|Provider consultation required",,"Oxford-AstraZeneca Vaxzevria, Covishield",Ministry of Health,Public Health Authority,UG,Uganda,Sub-Saharan Africa,Low income
166,2021-02-12,2021-05-11,https://www.vacunacovid.gob.es/preguntas-y-respuestas/puedo-vacunarme-si-estoy-embarazada-o-quiero-quedarme-embarazada-y-si-tengo,FAQ,,Permitted with qualifications,,"Elevated risk of exposure|Elevated risk of serious disease",,Not recommended but with exceptions,"Elevated risk of exposure (occupational, housing)|Elevated risk of serious disease (underlying condition, co-morbidity, age)",,"Moderna COVID-19 vaccine|Pfizer/BioNTech Comirnaty|Oxford-AstraZeneca Vaxzevria, Covishield|Johnson & Johnson Janssen COVID-19 vaccine",Ministry of Health,Public Health Authority,ES,Spain,Europe and Central Asia,High income
91,2021-02-15,2021-04-26,https://mhss.gov.na/documents/119527/833096/8+AUGUST+2020+-+COVID19+UPDATE+-+150+NEW+CASES+-+65+NEW+RECOVERIES+-+MINISTRY+OF+HEALTH+AND+SOCIAL+SERVICES+-+UPDATE+BY+DR.+KALUMBI+SHANGULA%2C+MINISTER+OF+HEALTH+AND+SOCIAL+SERVICES+ON+COVID-19+IN+NAMIBIA+%283%29.pdf/827ae584-80a4-4bb2-a6d1-c01022de752a,Guidance statement,,Permitted with qualifications,Lactating people MUST consult provider,Provider consultation required,,Permitted with qualifications,"Provider consultation required|Prescription required",,,Ministry of Health,Public Health Authority,NA,Namibia,Sub-Saharan Africa,Upper middle income
836,2021-02-15,2021-10-19,https://ifdana.fda.gov.ir/fa/News/18228,FAQ,,,,,,Not recommended,,,"Gamaleya Sputnik V|Sinopharm BIBP-CorV|Bharat Biotech Covaxin",Food and Drug Administration,Regulatory Body,IR,"Iran, Islamic Rep.",Middle East and North Africa,Upper middle income
87,2021-02-15,2021-04-23,https://comunicaciones.segurossura.com.co/covid19/Contenidos/Vacunacion/Aspectos-y-lineamientos-tecnicos/Lineamientos-tecnicos.pdf,Guidance statement,,Permitted,,"Elevated risk of serious disease|Elevated risk of exposure",,Not recommended,,Required,Pfizer/BioNTech Comirnaty,Ministry of Health,Public Health Authority,CO,Colombia,Latin America and Caribbean,Upper middle income
130,2021-02-15,2021-05-04,https://ddc.moph.go.th/vaccine-covid19/guidelines,Guidance statement,,Permitted with qualifications,Lactating people MUST consult provider,"Elevated risk of serious disease|Provider consultation required",,Not recommended but with exceptions,"Elevated risk of exposure (occupational, housing)|Elevated risk of serious disease (underlying condition, co-morbidity, age)|Provider consultation required",,"Oxford-AstraZeneca Vaxzevria, Covishield|Sinovac CoronaVac","Department of Disease Control, Ministry of Public Health",Public Health Authority,TH,Thailand,East Asia and Pacific,Upper middle income
837,2021-02-15,2021-10-19,https://ifdana.fda.gov.ir/fa/News/18228,FAQ,,,,,,Permitted with qualifications,Provider consultation required,,"Oxford-AstraZeneca Vaxzevria, Covishield",Food and Drug Administration,Regulatory Body,IR,"Iran, Islamic Rep.",Middle East and North Africa,Upper middle income
712,2021-02-15,2021-09-22,https://www.kemkes.go.id/article/view/21021800004/vaksinasi-covid-19-bagi-pekerja-publik-akan-dimulai-17-februari-2021.html,Press release,,Permitted,,,,,,,,Ministry of Health,Public Health Authority,ID,Indonesia,East Asia and Pacific,Upper middle income
316,2021-02-15,2021-06-13,http://www.salud.gob.hn/site/index.php/vacunascovid,Guidance statement,,Not recommended but with exceptions,Lactating people MUST consult provider,"Elevated risk of serious disease|Elevated risk of exposure|Prescription required|Provider consultation required",,Not recommended but with exceptions,"Elevated risk of exposure (occupational, housing)|Elevated risk of serious disease (underlying condition, co-morbidity, age)|Prescription required|Provider consultation required",Not required,"Pfizer/BioNTech Comirnaty|Oxford-AstraZeneca Vaxzevria, Covishield|Moderna COVID-19 vaccine|Gamaleya Sputnik V",Secretary of Health,Public Health Authority,HN,Honduras,Latin America and Caribbean,Lower middle income
330,2021-02-15,2021-06-17,https://s3-eu-west-1.amazonaws.com/s3.sourceafrica.net/documents/120939/Kenya-Ministry-of-Health-National-COVID-19.pdf,Guidance statement,,Not recommended,,,,Not recommended,,Not required,,Ministry of Health,Public Health Authority,KE,Kenya,Sub-Saharan Africa,Lower middle income
501,2021-02-16,2021-07-26,https://moph.gov.lb/en/Pages/2/44738/covid-19-vaccine,Guidance statement,,No position found,,,,No position found,,,,Ministry of Public Health,Public Health Authority,LB,Lebanon,Middle East and North Africa,Upper middle income
285,2021-02-17,2021-06-10,https://coronavirus.bg/bg/vaccinations/publications/28,Guidance statement,,No position found,,,,Not recommended but with exceptions,"Provider consultation required|Elevated risk of serious disease (underlying condition, co-morbidity, age)",,,Unified Government Information Portal,Public Health Authority,BG,Bulgaria,Europe and Central Asia,Upper middle income
237,2021-02-17,2021-05-27,http://www.minsa.gob.pa/informacion-salud/autorizaciones-de-uso-de-emergencia,Guidance statement,,Not recommended,,,,Not recommended,,,Gamaleya Sputnik V,Ministry of Health,Public Health Authority,PA,Panama,Latin America and Caribbean,High income
238,2021-02-17,2021-05-27,http://www.minsa.gob.pa/informacion-salud/autorizaciones-de-uso-de-emergencia,Guidance statement,,,,,,Permitted with qualifications,"Elevated risk of exposure (occupational, housing)|Elevated risk of serious disease (underlying condition, co-morbidity, age)",,Sinovac CoronaVac,Ministry of Health,Public Health Authority,PA,Panama,Latin America and Caribbean,High income
65,2021-02-18,2021-04-19,https://www.health.belgium.be/en/report-9622-vaccination-against-covid-19-pregnant-women,Guidance statement,,Permitted,,"Elevated risk of exposure|Elevated risk of serious disease",,Not recommended but with exceptions,"Elevated risk of exposure (occupational, housing)|Elevated risk of serious disease (underlying condition, co-morbidity, age)",,"Pfizer/BioNTech Comirnaty|Moderna COVID-19 vaccine|Oxford-AstraZeneca Vaxzevria, Covishield",Superior Health Council,Public Health Authority,BE,Belgium,Europe and Central Asia,High income
116,2021-02-18,2021-04-30,https://www.has-sante.fr/upload/docs/application/pdf/2020-12/strategie_vaccination_covid_19_place_vaccin_a_arnm_comirnaty_bnt162b2.pdf,Guidance statement,,"Permitted|Not recommended",,,,Permitted,,,Pfizer/BioNTech Comirnaty,High Health Authority (HAS),Public Health Authority,"FR|GF","France|French Guiana","Europe and Central Asia|Latin America and Caribbean","High income|High income"
159,2021-02-18,2021-05-11,https://www.vaksincovid.gov.my/upload/media/National_COVID-19_Immunisation_Programme_English.pdf,Guidance statement,,Not recommended,,,,Not recommended,,,"Pfizer/BioNTech Comirnaty|Oxford-AstraZeneca Vaxzevria, Covishield|Gamaleya Sputnik V|Sinovac CoronaVac","Ministry of Health of Malaysia and the Ministry of Science, Technology and Innovation",Public Health Authority,MY,Malaysia,East Asia and Pacific,Upper middle income
57,2021-02-18,2021-04-15,https://www.argentina.gob.ar/coronavirus/vacuna/equipos-salud/lineamientos-manual-vacunador,Fact sheet,,Permitted with qualifications,"Lactating people SHOULD consult provider / ""talk to provider""","Elevated risk of exposure|Elevated risk of serious disease",,Permitted with qualifications,"Elevated risk of exposure (occupational, housing)|Elevated risk of serious disease (underlying condition, co-morbidity, age)",Not recommended,"Oxford-AstraZeneca Vaxzevria, Covishield",Ministry of Health,Public Health Authority,AR,Argentina,Latin America and Caribbean,Upper middle income
118,2021-02-18,2021-05-03,https://www.has-sante.fr/upload/docs/application/pdf/2021-02/strategie_de_vaccination_contre_la_covid-19_-_place_du_covid-19_vaccine_astrazeneca_recommandations.pdf,Guidance statement,,Permitted,,,,Permitted with qualifications,"Elevated risk of exposure (occupational, housing)|Elevated risk of serious disease (underlying condition, co-morbidity, age)",,"Oxford-AstraZeneca Vaxzevria, Covishield",High Health Authority (HAS),Public Health Authority,"FR|GF","France|French Guiana","Europe and Central Asia|Latin America and Caribbean","High income|High income"
353,2021-02-18,2021-06-21,http://ministryofhealth.gov.vg/vaccines/frequently-asked-questions/,FAQ,,Permitted with qualifications,Lactating people MUST consult provider,Provider consultation required,,Permitted with qualifications,Provider consultation required,,"Oxford-AstraZeneca Vaxzevria, Covishield",Government of the Virgin Islands,Public Health Authority,VG,British Virgin Islands,Latin America and Caribbean,High income
117,2021-02-18,2021-05-03,https://www.has-sante.fr/upload/docs/application/pdf/2021-02/strategie_de_vaccination_contre_la_covid-19_place_du_vaccin_moderna_covid-19_mrna_nucleoside_modifie_2021-02-26_17-55-48_757.pdf,Guidance statement,,Permitted,,,,Permitted,,,Moderna COVID-19 vaccine,High Health Authority (HAS),Public Health Authority,"FR|GF","France|French Guiana","Europe and Central Asia|Latin America and Caribbean","High income|High income"
28,2021-02-19,2021-03-31,https://covid-vaccine.canada.ca/info/pdf/covid-19-vaccine-moderna-pm-en.pdf,Guidance statement,,Permitted with qualifications,,Provider consultation required,,Permitted with qualifications,Provider consultation required,,Moderna COVID-19 vaccine,Health Canada,Regulatory Body,CA,Canada,North America,High income
54,2021-02-21,2021-06-18,https://vaccineantiguabarbuda.com/faq/,FAQ,,Not recommended,,,,Not recommended,,,"Oxford-AstraZeneca Vaxzevria, Covishield","Ministry of Health, Wellness & Environment",Public Health Authority,AG,Antigua and Barbuda (OECS),Latin America and Caribbean,High income
782,2021-02-21,2021-10-04,https://www.dzsvenac.rs/sluzbeno/images/dokumenta/covid/vakcinacija/SMU-munizacija-COVID-19-21022021.pdf,Guidance statement,,Not recommended,,,,Not recommended,,,"Pfizer/BioNTech Comirnaty|Gamaleya Sputnik V|Sinopharm BIBP-CorV",Institute of Public Health,Public Health Authority,RS,Serbia,Europe and Central Asia,Upper middle income
1250,2021-02-22,2022-02-07,https://ranzcog.edu.au/statements-guidelines/covid-19-statement/covid-19-vaccination-information,Guidance statement,,No position found,,,,Not recommended but with exceptions,"Elevated risk of exposure (occupational, housing)|Elevated risk of serious disease (underlying condition, co-morbidity, age)|Provider consultation required",,,The Royal Australian and New Zealand College of Obstetricians and Gynaecologists (RANZCOG),Professional Society,"AU|NZ","Australia|New Zealand","East Asia and Pacific|East Asia and Pacific","High income|High income"
77,2021-02-22,2021-04-22,https://www.gub.uy/ministerio-salud-publica/comunicacion/comunicados/grupos-habilitados-para-vacunarse,FAQ,,Recommended for some or all,,"Elevated risk of exposure|Elevated risk of serious disease",,Not recommended but with exceptions,"Elevated risk of serious disease (underlying condition, co-morbidity, age)|Elevated risk of exposure (occupational, housing)",,"Sinovac CoronaVac|Oxford-AstraZeneca Vaxzevria, Covishield|Pfizer/BioNTech Comirnaty",Ministry of Public Health,Public Health Authority,UY,Uruguay,Latin America and Caribbean,High income
266,2021-02-22,2021-05-31,http://minzdrav.gov.by/ru/dlya-belorusskikh-grazhdan/COVID-19/,Guidance statement,,Not recommended,,,,Not recommended,,,Gamaleya Sputnik V,Ministry of Health,Public Health Authority,BY,Belarus,Europe and Central Asia,Upper middle income
49,2021-02-23,2021-04-14,https://www.govern.ad/info-vacunacio,FAQ,,No position found,,,,Permitted with qualifications,Prescription required,,,Ministry of Health,Public Health Authority,AD,Andorra,Europe and Central Asia,High income
179,2021-02-23,2021-05-12,https://www.moh.gov.sg/covid-19/vaccination,Fact sheet,,Permitted with qualifications,Lactating people MUST consult provider,Provider consultation required,,Not recommended,,,Moderna COVID-19 vaccine,Ministry of Health,Public Health Authority,SG,Singapore,East Asia and Pacific,High income
192,2021-02-23,2021-05-12,https://kovid19vakcinacija.mk/faq/,FAQ,,Not recommended but with exceptions,,,,Not recommended but with exceptions,,,,Ministry of Health,Public Health Authority,MK,North Macedonia,Europe and Central Asia,Upper middle income
771,2021-02-23,2021-09-29,https://www.youtube.com/watch?v=cuBaKJZAY_c,Official social media post,,,,,,Not recommended,,,,Ministry of Health,Public Health Authority,EG,"Egypt, Arab Rep.",Middle East and North Africa,Lower middle income
178,2021-02-23,2021-05-12,https://www.moh.gov.sg/covid-19/vaccination,Fact sheet,,Permitted with qualifications,Lactating people MUST consult provider,Provider consultation required,,Not recommended,,,Pfizer/BioNTech Comirnaty,Ministry of Health,Public Health Authority,SG,Singapore,East Asia and Pacific,High income
136,2021-02-23,2021-05-05,https://koronavirus.gov.hu/sites/default/files/sites/default/files/imce/sinopharm-vakcina_lakossagi_tajekoztato.pdf,FAQ,,Not recommended,,,,Not recommended,,,Sinopharm BIBP-CorV,National Public Health Center,Public Health Authority,HU,Hungary,Europe and Central Asia,High income
39,2021-02-24,2021-04-02,https://www.health.gov.au/resources/publications/covid-19-vaccination-atagi-clinical-guidance-on-covid-19-vaccine-in-australia-in-2021,Guidance statement,,Permitted,,,,Not recommended but with exceptions,"Elevated risk of exposure (occupational, housing)|Elevated risk of serious disease (underlying condition, co-morbidity, age)",,"Pfizer/BioNTech Comirnaty|Oxford-AstraZeneca Vaxzevria, Covishield",Australian Government Department of Health,Public Health Authority,AU,Australia,East Asia and Pacific,High income
599,2021-02-25,2021-08-27,http://www.sdog.org.do/recomendacion-de-la-sociedad-dominicana-de-obstetricia-y-ginecologia-sobre-la-vacunacion-covid-en-embarazadas/,Guidance statement,,No position found,,,,Permitted,,,,Sociedad Dominicana de Obstetricia y Ginecologia,Professional Society,DO,Dominican Republic,Latin America and Caribbean,Upper middle income
16,2021-02-25,2021-03-30,https://www.fda.gov/media/144414/download,Fact sheet,,Permitted with qualifications,,Provider consultation required,,Permitted with qualifications,Provider consultation required,,Pfizer/BioNTech Comirnaty,Food and Drug Administration,Regulatory Body,US,United States,North America,High income
15,2021-02-25,2021-03-30,https://www.fda.gov/media/144413/download,Fact sheet,,Permitted,,,,Permitted,,,Pfizer/BioNTech Comirnaty,Food and Drug Administration,Regulatory Body,US,United States,North America,High income
342,2021-02-26,2021-06-21,https://www.service-public.pf/dsp/covid-19/professionnels-sante-covid-19/#vaccination-covid,FAQ,,No position found,,,,Permitted,Advises administration in 2nd and 3rd trimester,,Pfizer/BioNTech Comirnaty,Health Administration,Public Health Authority,PF,French Polynesia,East Asia and Pacific,High income
297,2021-02-26,2021-06-10,https://www.health.gov.ck/covid19/,Fact sheet,,No position found,,,,Permitted with qualifications,"Elevated risk of exposure (occupational, housing)|Elevated risk of serious disease (underlying condition, co-morbidity, age)|Provider consultation required",,Pfizer/BioNTech Comirnaty,Ministry of Health,Public Health Authority,CK,Cook Islands,East Asia and Pacific,High income
23,2021-02-27,2021-03-31,https://www.fda.gov/emergency-preparedness-and-response/mcm-legal-regulatory-and-policy-framework/janssen-covid-19-vaccine-frequently-asked-questions,FAQ,,Permitted with qualifications,,Provider consultation required,,Permitted with qualifications,Provider consultation required,,Johnson & Johnson Janssen COVID-19 vaccine,Food and Drug Administration,Regulatory Body,US,United States,North America,High income
421,2021-03-01,2021-07-10,http://fdaghana.gov.gh/img/reports/FAQs%20on%20COVID-19%20Vacine%20Safety%20(Ghana).pdf,FAQ,,No position found,,,,Not recommended,,,,Ghana Food and Drugs Authority,Regulatory Body,GH,Ghana,Sub-Saharan Africa,Lower middle income
716,2021-03-01,2021-09-22,https://covid19response.lc/blogs/covid-19-vaccine-and-vaccination-roll-out,Press release,,No position found,,,,No position found,,,"Oxford-AstraZeneca Vaxzevria, Covishield",Ministry of Health,Public Health Authority,LC,St. Lucia (OECS),Latin America and Caribbean,Upper middle income
34,2021-03-01,2021-04-02,https://www.gov.uk/government/publications/covid-19-vaccination-women-of-childbearing-age-currently-pregnant-planning-a-pregnancy-or-breastfeeding/covid-19-vaccination-a-guide-for-women-of-childbearing-age-pregnant-planning-a-pregnancy-or-breastfeeding,Guidance statement,,Recommended for some or all,,,,Not recommended but with exceptions,"Elevated risk of exposure (occupational, housing)|Provider consultation required|Elevated risk of serious disease (underlying condition, co-morbidity, age)",,"Pfizer/BioNTech Comirnaty|Oxford-AstraZeneca Vaxzevria, Covishield|Moderna COVID-19 vaccine",Public Health England ,Regulatory Body,GB,United Kingdom,Europe and Central Asia,High income
124,2021-03-01,2021-05-04,https://health.gov.tt/covid-19/covid-19-vaccine/learn-more,Fact sheet,,Not recommended,,,,Not recommended,,,"Oxford-AstraZeneca Vaxzevria, Covishield",Ministry of Health,Public Health Authority,TT,Trinidad and Tobago,Latin America and Caribbean,High income
617,2021-03-01,2021-08-31,https://www.mspas.gob.gt/component/jdownloads/category/891-documento-plan-nacional-de-vacunaci%C3%B3n-contra-la-covid-19.html?Itemid=-1,Guidance statement,,Permitted,,,,Not recommended but with exceptions,"Elevated risk of exposure (occupational, housing)|Elevated risk of serious disease (underlying condition, co-morbidity, age)",Not recommended,"Pfizer/BioNTech Comirnaty|Moderna COVID-19 vaccine|Oxford-AstraZeneca Vaxzevria, Covishield",Ministry of Public Health and Social Assistance,Public Health Authority,GT,Guatemala,Latin America and Caribbean,Upper middle income
976,2021-03-02,2021-11-23,https://www.figo.org/covid-19-vaccination-pregnant-and-breastfeeding-women,Guidance statement,,Permitted,,,,Permitted,,Not required,,International Federation of Gynecology and Obstetrics (FIGO),Professional Society,,Global,,
115,2021-03-02,2021-04-28,https://www.has-sante.fr/jcms/p_3240117/fr/strategie-de-vaccination-contre-le-sars-cov-2-actualisation-des-facteurs-de-risque-de-formes-graves-de-la-covid-19-et-des-recommandations-sur-la-strategie-de-priorisation-des-populations-a-vacciner?portal=p_3058934,Guidance statement,,,,,,Permitted,,,,High Health Authority (HAS),Public Health Authority,"FR|GF","France|French Guiana","Europe and Central Asia|Latin America and Caribbean","High income|High income"
709,2021-03-02,2021-09-22,https://www.facebook.com/sidrabayhealthservices/photos/pcb.1628391307352813/1628391150686162,Official social media post,,Not recommended,,,,Not recommended,,,,Ministry of Health ,Public Health Authority,LY,Libya,Middle East and North Africa,Upper middle income
426,2021-03-03,2021-07-11,https://behdasht.gov.ir/FAQ,FAQ,,,,,,Permitted,,,,Ministry of Health and Medical Education,Public Health Authority,IR,"Iran, Islamic Rep.",Middle East and North Africa,Upper middle income
29,2021-03-03,2021-03-31,https://covid-vaccine.canada.ca/info/pdf/pfizer-biontech-covid-19-vaccine-pm1-en.pdf,Guidance statement,,Permitted with qualifications,,Provider consultation required,,Permitted with qualifications,Provider consultation required,,Pfizer/BioNTech Comirnaty,Health Canada,Regulatory Body,CA,Canada,North America,High income
27,2021-03-03,2021-03-31,https://s3.amazonaws.com/cdn.smfm.org/media/2854/Provider_Considerations_for_Engaging_in_COVID_Vaccination_Considerations_3-16-21_(final).pdf,Guidance statement,,Recommended for some or all,,,,Permitted,,Not recommended,"Pfizer/BioNTech Comirnaty|Moderna COVID-19 vaccine|Johnson & Johnson Janssen COVID-19 vaccine",Society for Maternal Fetal Medicine,Professional Society,US,United States,North America,High income
66,2021-03-03,2021-04-19,https://www.gov.bt/covid19/03-03-21-information-series-on-covid-19-vaccines-moh/,FAQ,,Not recommended but with exceptions,,,,Not recommended but with exceptions,"Elevated risk of serious disease (underlying condition, co-morbidity, age)|Elevated risk of exposure (occupational, housing)",,"Oxford-AstraZeneca Vaxzevria, Covishield|Pfizer/BioNTech Comirnaty",Prime Minister's Office/Ministry of Health,Public Health Authority,BT,Bhutan,South Asia,Lower middle income
184,2021-03-04,2021-05-12,https://www.misau.gov.mz/index.php/covid-19-planos-nacionais-e-vacinacao,Guidance statement,,No position found,,,,Not recommended,,,,Ministry of Health,Public Health Authority,MZ,Mozambique,Sub-Saharan Africa,Low income
73,2021-03-04,2021-04-21,http://www.moh.gov.bn/SitePages/COVID-19%20Vaccine%20FAQ.aspx,FAQ,,,,,,Permitted with qualifications,Provider consultation required,,,Ministry of Health,Public Health Authority,BN,Brunei Darussalam,East Asia and Pacific,High income
24,2021-03-05,2021-03-31,https://www.cdc.gov/vaccines/covid-19/info-by-product/clinical-considerations.html,Guidance statement,,Permitted,,,,Permitted,,Not recommended,"Pfizer/BioNTech Comirnaty|Moderna COVID-19 vaccine|Johnson & Johnson Janssen COVID-19 vaccine",Centers for Disease Control and Prevention,Public Health Authority,"US|VI","United States|Virgin Islands (US)","North America|Latin America and Caribbean","High income|High income"
31,2021-03-05,2021-03-31,https://covid-vaccine.canada.ca/info/pdf/janssen-covid-19-vaccine-pm-en.pdf,Guidance statement,,Permitted with qualifications,,Provider consultation required,,Permitted with qualifications,Provider consultation required,,Johnson & Johnson Janssen COVID-19 vaccine,Health Canada,Regulatory Body,CA,Canada,North America,High income
493,2021-03-05,2021-07-25,https://lagd.lt/naujienos/atnaujintas-lagd-kreipimasis/249?fbclid=IwAR0L_YCXXr2LBdAVpZ_mTUM10HGl4Qd9ejwHE73dUyJ34OpYFM2kgsuCBl4,Guidance statement,,No position found,,,,Permitted with qualifications,"Elevated risk of exposure (occupational, housing)|Elevated risk of serious disease (underlying condition, co-morbidity, age)",,,Lithuanian Association of Obstetricians and Gynecologists,Professional Society,LT,Lithuania,Europe and Central Asia,High income
1017,2021-03-06,2021-11-29,https://naigo.ir/%d8%af%d8%b3%d8%aa%d9%88%d8%b1%d8%a7%d9%84%d8%b9%d9%85%d9%84-%d9%87%d8%a7%db%8c-%d8%a8%db%8c%d9%86-%d8%a7%d9%84%d9%85%d9%84%d9%84%db%8c/,Guidance statement,,,,,,Permitted,,,,National Association of Iranian Obstetricians & Gynecologists,Professional Society,IR,"Iran, Islamic Rep.",Middle East and North Africa,Upper middle income
979,2021-03-08,2021-11-23,http://www.cngof.fr/coronavirus-go-cngof/apercu?path=Vaccination-anti-covid-19%252Fvaccination-Covid-19-femmes-enceintes-CNGOF-GRIG-8-3-2021.pdf&i=46692,Press release,,,,,,Recommended for some or all,,,"Pfizer/BioNTech Comirnaty|Moderna COVID-19 vaccine",College National des Gynecologues et Obstetriciens Francais,Professional Society,FR,France,Europe and Central Asia,High income
111,2021-03-09,2021-04-28,https://kkk.kriis.ee/en/faq/covid-19-vaccination/vaccination-plan-and-risk-groups,FAQ,,Not recommended,,,,Not recommended but with exceptions,,,,Ministry of Social Affairs,Public Health Authority,EE,Estonia,Europe and Central Asia,High income
38,2021-03-09,2021-04-02,https://www.health.gov.au/resources/publications/covid-19-vaccination-covid-19-vaccination-decision-guide-for-women-who-are-pregnant-breastfeeding-or-planning-pregnancy,Fact sheet,,Permitted,,,,Not recommended but with exceptions,"Elevated risk of exposure (occupational, housing)|Elevated risk of serious disease (underlying condition, co-morbidity, age)",Not required,"Pfizer/BioNTech Comirnaty|Oxford-AstraZeneca Vaxzevria, Covishield",Australian Government Department of Health,Public Health Authority,AU,Australia,East Asia and Pacific,High income
268,2021-03-10,2021-05-31,http://www.sante.gouv.ci/welcome,Guidance statement,,Not recommended,,,,Not recommended,,,,Ministry of Public Health and Hygiene,Public Health Authority,CI,Cote d'Ivoire,Sub-Saharan Africa,Lower middle income
423,2021-03-10,2021-07-11,http://www.moh.gov.bn/SitePages/COVID-19%20Vaccine.aspx,Guidance statement,,,,,,,,,,Ministry of Health,Public Health Authority,BN,Brunei Darussalam,East Asia and Pacific,High income
129,2021-03-10,2021-05-04,https://www.mspas.gob.gt/component/jdownloads/send/999-preguntas-vacunacion-contra-covid-19/7811-preguntas-frecuentes-vacunacion-covid-19.html,FAQ,,,,,,Not recommended but with exceptions,"Elevated risk of exposure (occupational, housing)",,"Oxford-AstraZeneca Vaxzevria, Covishield|Moderna COVID-19 vaccine|Pfizer/BioNTech Comirnaty",Ministry of Public Health and Social Assistance,Public Health Authority,GT,Guatemala,Latin America and Caribbean,Upper middle income
1252,2021-03-10,2022-02-07,https://ranzcog.edu.au/statements-guidelines/covid-19-statement/covid-19-vaccination-information,Guidance statement,,No position found,,,,Permitted with qualifications,"Elevated risk of exposure (occupational, housing)|Elevated risk of serious disease (underlying condition, co-morbidity, age)",,,The Royal Australian and New Zealand College of Obstetricians and Gynaecologists (RANZCOG),Professional Society,"AU|NZ","Australia|New Zealand","East Asia and Pacific|East Asia and Pacific","High income|High income"
101,2021-03-11,2021-04-26,https://www.pio.gov.cy/coronavirus/uploads/Q&As%20Janssen%20vaccine.pdf,FAQ,,Permitted,,,,Permitted,,,Johnson & Johnson Janssen COVID-19 vaccine,Ministry of Health,Public Health Authority,CY,Cyprus,Europe and Central Asia,High income
267,2021-03-11,2021-05-31,https://www.facebook.com/Belizehealth/photos/a.1410495949248816/2641854952779570/,Official social media post,,Not recommended,,,,Not recommended,,,"Oxford-AstraZeneca Vaxzevria, Covishield",Ministry of Health and Wellness,Public Health Authority,BZ,Belize,Latin America and Caribbean,Upper middle income
114,2021-03-12,2021-04-28,https://www.has-sante.fr/jcms/p_3242795/en/strategie-de-vaccination-contre-la-covid-19-place-du-vaccin-covid-19-janssen,Guidance statement,,Permitted,,,,Permitted,,,Johnson & Johnson Janssen COVID-19 vaccine,High Health Authority (HAS),Public Health Authority,"FR|GF","France|French Guiana","Europe and Central Asia|Latin America and Caribbean","High income|High income"
169,2021-03-12,2021-05-12,https://health.govmu.org/Documents/Main%20Page/Corona/753_2021_Fact%20Sheet.pdf,Fact sheet,,No position found,,,,Not recommended,,,"Oxford-AstraZeneca Vaxzevria, Covishield",Ministry of Health and Wellness,Public Health Authority,MU,Mauritius,Sub-Saharan Africa,High income
722,2021-03-12,2021-09-22,https://ssv.uz/ru/news/komu-ne-rekomenduetsja-delat-privivki,Press release,,Not recommended,,,,Not recommended,,,,Ministry of Health,Public Health Authority,UZ,Uzbekistan,Europe and Central Asia,Lower middle income
33,2021-03-12,2021-03-31,https://sogc.org/common/Uploaded%20files/Latest%20News/SOGC_Statement_COVID-19_Vaccination_in_Pregnancy.pdf,Guidance statement,,Recommended for some or all,Lactating people CAN/MAY consult provider,,,Recommended for some or all,,,"Pfizer/BioNTech Comirnaty|Moderna COVID-19 vaccine|Oxford-AstraZeneca Vaxzevria, Covishield",The Society of Obstetricians and Gynaecologists of Canada,Professional Society,CA,Canada,North America,High income
68,2021-03-14,2021-04-19,https://www.minsalud.gob.bo/5226-bolivia-recibe-las-primeras-20-mil-dosis-de-vacunas-contra-la-covid-19,Press release,,No position found,,,,Not recommended,,,Gamaleya Sputnik V,Ministry of Health and Sports,Public Health Authority,BO,Bolivia,Latin America and Caribbean,Lower middle income
112,2021-03-15,2021-04-28,http://www.health.gov.fj/wp-content/uploads/2021/03/Fiji-MHMS-FAQs-COVID19-Vaccines.pdf,FAQ,,Permitted with qualifications,,"Elevated risk of exposure|Elevated risk of serious disease",,Permitted with qualifications,"Elevated risk of exposure (occupational, housing)|Elevated risk of serious disease (underlying condition, co-morbidity, age)",,"Oxford-AstraZeneca Vaxzevria, Covishield",Ministry of Health and Medical Services,Public Health Authority,FJ,Fiji,East Asia and Pacific,Upper middle income
71,2021-03-15,2021-04-20,http://189.28.128.100/dab/docs/portaldab/documentos/NT_12021_DAPESSAPS_MS.pdf,Guidance statement,,Recommended for some or all,Lactating people CAN/MAY consult provider,,,Recommended for some or all,"Elevated risk of exposure (occupational, housing)|Elevated risk of serious disease (underlying condition, co-morbidity, age)",Not required,"Oxford-AstraZeneca Vaxzevria, Covishield|Sinovac CoronaVac",Ministry of Health,Public Health Authority,BR,Brazil,Latin America and Caribbean,Upper middle income
1035,2021-03-15,2021-11-30,https://www.angop.ao/en/noticias/saude/minsa-preve-vacinar-10-mil-profissionais-do-pre-escolar/,Media article,,Permitted,,,,,,,,Ministry of Health,Public Health Authority,AO,Angola,Sub-Saharan Africa,Lower middle income
72,2021-03-15,2021-04-21,https://www.gov.br/saude/pt-br/media/pdf/2021/marco/23/planovacinacaocovid_ed5_15-mar-2021_v2.pdf,Guidance statement,,Permitted with qualifications,Lactating people MUST consult provider,"Elevated risk of exposure|Elevated risk of serious disease|Provider consultation required",,Permitted with qualifications,"Provider consultation required|Elevated risk of exposure (occupational, housing)|Elevated risk of serious disease (underlying condition, co-morbidity, age)",Not required,"Sinovac CoronaVac|Oxford-AstraZeneca Vaxzevria, Covishield",Ministry of Health,Public Health Authority,BR,Brazil,Latin America and Caribbean,Upper middle income
84,2021-03-15,2021-04-23,https://www.ispch.cl/wp-content/uploads/2021/03/FIV-PfizerV02-08032021A.pdf,,,Not recommended,,,,Not recommended,,,Pfizer/BioNTech Comirnaty,"Ministry of Health, Institute of Public Health",Public Health Authority,CL,Chile,Latin America and Caribbean,High income
82,2021-03-15,2021-04-23,https://www.ispch.cl/wp-content/uploads/2021/03/FIV-AstrazenecaV01-05032021A.pdf,Fact sheet,,Not recommended,,,,Not recommended,,,"Oxford-AstraZeneca Vaxzevria, Covishield","Ministry of Health, Institute of Public Health",Public Health Authority,CL,Chile,Latin America and Caribbean,High income
470,2021-03-15,2021-07-20,http://www.mohcc.gov.zw/index.php?option=com_phocadownload&view=category&id=18:operational-support-and-logistics&Itemid=746,FAQ,,No position found,,,,No position found,,,,Ministry of Health and Child Care,Public Health Authority,ZW,Zimbabwe,Sub-Saharan Africa,Lower middle income
295,2021-03-15,2021-06-10,https://www.minsal.cl/nuevo-coronavirus-2019-ncov/informacion-tecnica-vacunas-covid-19/,Guidance statement,,Permitted with qualifications,Lactating people MUST consult provider,"Elevated risk of exposure|Elevated risk of serious disease|Provider consultation required",,,,,"Pfizer/BioNTech Comirnaty|Oxford-AstraZeneca Vaxzevria, Covishield|Sinovac CoronaVac","Ministry of Health, Institute of Public Health",Public Health Authority,CL,Chile,Latin America and Caribbean,High income
301,2021-03-15,2021-06-10,https://www.mzcr.cz/tiskove-centrum-mz/vsechny-registrovane-vakciny-proti-covid-19-jsou-ucinne-a-bezpecne-stejne-tak-vakcina-od-spolecnosti-astrazeneca/,Press release,,,,,,Permitted with qualifications,Provider consultation required,,"Oxford-AstraZeneca Vaxzevria, Covishield",Ministry of the Interior,Public Health Authority,CZ,Czech Republic,Europe and Central Asia,High income
81,2021-03-16,2021-04-23,https://www.canada.ca/en/public-health/services/immunization/national-advisory-committee-on-immunization-naci/recommendations-use-covid-19-vaccines.html,Guidance statement,,Permitted with qualifications,Lactating people MUST consult provider,Provider consultation required,,Permitted with qualifications,"Provider consultation required|Elevated risk of exposure (occupational, housing)|Elevated risk of serious disease (underlying condition, co-morbidity, age)",,"Pfizer/BioNTech Comirnaty|Oxford-AstraZeneca Vaxzevria, Covishield|Moderna COVID-19 vaccine",Public Health Agency of Canada,Public Health Authority,CA,Canada,North America,High income
12,2021-03-17,2021-03-30,https://www.who.int/publications/i/item/WHO-2019-nCoV-vaccines-SAGE-recommendation-Ad26.COV2.S-2021.1,Guidance statement,,Recommended for some or all,,Elevated risk of exposure,,Permitted with qualifications,"Elevated risk of exposure (occupational, housing)|Elevated risk of serious disease (underlying condition, co-morbidity, age)",Not recommended,Johnson & Johnson Janssen COVID-19 vaccine,World Health Organization,Public Health Authority,,Global,,
113,2021-03-17,2021-04-28,https://thl.fi/en/web/infectious-diseases-and-vaccinations/what-s-new/coronavirus-covid-19-latest-updates/transmission-and-protection-coronavirus/vaccines-and-coronavirus/suitability-of-covid-19-vaccines-for-various-groups,Fact sheet,,Permitted,,,,Permitted with qualifications,"Elevated risk of exposure (occupational, housing)|Elevated risk of serious disease (underlying condition, co-morbidity, age)|Provider consultation required",,,Finish Institute for Health and Welfare,Public Health Authority,FI,Finland,Europe and Central Asia,High income
188,2021-03-17,2021-05-12,http://www.minsa.gob.ni/index.php/111-noticias2021,Press release,,No position found,,,,Not recommended,,,"Oxford-AstraZeneca Vaxzevria, Covishield",Ministry of Health,Public Health Authority,NI,Nicaragua,Latin America and Caribbean,Lower middle income
11,2021-03-17,2021-03-30,https://www.who.int/news-room/feature-stories/detail/the-oxford-astrazeneca-covid-19-vaccine-what-you-need-to-know,Press release,,Permitted,,,,Permitted with qualifications,"Provider consultation required|Elevated risk of exposure (occupational, housing)|Elevated risk of serious disease (underlying condition, co-morbidity, age)",,"Oxford-AstraZeneca Vaxzevria, Covishield",World Health Organization,Public Health Authority,,Global,,
327,2021-03-18,2021-06-15,https://gouv.nc/vaccination,Guidance statement,,Permitted,,,,Not recommended but with exceptions,"Elevated risk of exposure (occupational, housing)|Elevated risk of serious disease (underlying condition, co-morbidity, age)",Not required,Pfizer/BioNTech Comirnaty,Government of New Caledonia,Public Health Authority,NC,New Caledonia,East Asia and Pacific,High income
75,2021-03-18,2021-04-21,https://covid19.cv/vacinas/,FAQ,,No position found,,,,Not recommended,,,"Pfizer/BioNTech Comirnaty|Oxford-AstraZeneca Vaxzevria, Covishield",Government,Public Health Authority,CV,Cabo Verde,Sub-Saharan Africa,Lower middle income
1054,2021-03-19,2021-12-04,https://pajhwok.com/2021/03/19/who-should-not-administer-covid-19-vaccine/,Media article,,Not recommended,,,,Not recommended,,,,Ministry of Public Health,Public Health Authority,AF,Afghanistan,South Asia,Low income
290,2021-03-19,2021-06-10,https://coronavirus.bg/bg/vaccinations/publications/48p,Guidance statement,,Permitted with qualifications,"Lactating people SHOULD consult provider / ""talk to provider""",,,Permitted with qualifications,"Elevated risk of serious disease (underlying condition, co-morbidity, age)|Elevated risk of exposure (occupational, housing)",,Johnson & Johnson Janssen COVID-19 vaccine,Unified Government Information Portal,Public Health Authority,BG,Bulgaria,Europe and Central Asia,Upper middle income
25,2021-03-19,2021-03-31,https://www.cdc.gov/coronavirus/2019-ncov/vaccines/recommendations/pregnancy.html,Fact sheet,,Permitted,,,,Permitted,,Not recommended,"Pfizer/BioNTech Comirnaty|Moderna COVID-19 vaccine|Johnson & Johnson Janssen COVID-19 vaccine",Centers for Disease Control and Prevention,Public Health Authority,"US|VI","United States|Virgin Islands (US)","North America|Latin America and Caribbean","High income|High income"
21,2021-03-19,2021-03-31,https://www.fda.gov/media/146304/download,Fact sheet,,Permitted,,,,Permitted,,,Johnson & Johnson Janssen COVID-19 vaccine,Food and Drug Administration,Regulatory Body,US,United States,North America,High income
379,2021-03-19,2021-06-23,http://www.sintmaartengov.org/government/VSA/Health-Updates/NOVELCORONAVIRUS/Pages/Vaccine.aspx,Fact sheet,,,,,,Not recommended,,,"Pfizer/BioNTech Comirnaty|Moderna COVID-19 vaccine",Government of Sint Maarten,Public Health Authority,SX,Sint Maarten (Dutch part),Latin America and Caribbean,High income
22,2021-03-19,2021-03-31,https://www.fda.gov/media/146305/download,Fact sheet,,Permitted with qualifications,,Provider consultation required,,Permitted with qualifications,Provider consultation required,,Johnson & Johnson Janssen COVID-19 vaccine,Food and Drug Administration,Regulatory Body,US,United States,North America,High income
170,2021-03-22,2021-05-12,https://health.govmu.org/Documents/Main%20Page/Corona/Final%20Fact%20Sheet%20-%20Covaxine.pdf,Fact sheet,,Not recommended,,,,Not recommended,,,Bharat Biotech Covaxin,Ministry of Health and Wellness,Public Health Authority,MU,Mauritius,Sub-Saharan Africa,High income
154,2021-03-22,2021-05-10,https://moph.gov.lb/userfiles/files/Prevention/COVID-19%20Vaccine/COVID-19%20Vaccine%20FAQ%20-%20AR%20-%2022-3-%202021.pdf,FAQ,,Recommended for some or all,Lactating people CAN/MAY consult provider,"Elevated risk of exposure|Elevated risk of serious disease",,Permitted with qualifications,"Provider consultation required|Elevated risk of exposure (occupational, housing)|Elevated risk of serious disease (underlying condition, co-morbidity, age)",,,Ministry of Public Health,Public Health Authority,LB,Lebanon,Middle East and North Africa,Upper middle income
146,2021-03-22,2021-05-07,https://govextra.gov.il/ministry-of-health/covid19-vaccine/covid19-vaccine-fqa/,FAQ,,Recommended for some or all,,,,Recommended for some or all,,,,Ministry of Health,Public Health Authority,IL,Israel,Middle East and North Africa,High income
78,2021-03-22,2021-04-22,https://u.ae/en/information-and-services/justice-safety-and-the-law/handling-the-covid-19-outbreak/vaccines-against-covid-19-in-the-uae,Government website,,Not recommended,,,,Not recommended,,,"Pfizer/BioNTech Comirnaty|Gamaleya Sputnik V|Oxford-AstraZeneca Vaxzevria, Covishield|Sinopharm BIBP-CorV",Ministry of Health and Prevention,Public Health Authority,AE,United Arab Emirates,Middle East and North Africa,High income
85,2021-03-22,2021-04-23,http://www.gov.cn/xinwen/2021-03/22/content_5594349.htm,Press release,,No position found,,,,Not recommended,,,,Centers for Disease Control,Public Health Authority,CN,China,East Asia and Pacific,Upper middle income
350,2021-03-22,2021-06-21,https://www.gov.bm/vaccines-faqs,FAQ,,Permitted,Lactating people CAN/MAY consult provider,,,Permitted,,Not recommended,Pfizer/BioNTech Comirnaty,Government of Bermuda,Public Health Authority,BM,Bermuda,North America,High income
917,2021-03-22,2021-11-07,https://fb.watch/97WSGh56IC/,Official social media post,,Permitted,"Lactating people SHOULD consult provider / ""talk to provider""",,,Permitted,,,,Society of Obstetricians & Gynaecologists of Pakistan,Professional Society,PK,Pakistan,South Asia,Lower middle income
135,2021-03-23,2021-05-05,https://koronavirus.gov.hu/sites/default/files/sites/default/files/imce/qa_lakossag_oltasi_javallatok_es_ellenjavallatok_szputnyik.pdf,FAQ,,Not recommended,,,,Not recommended,,,Gamaleya Sputnik V,National Public Health Center,Public Health Authority,HU,Hungary,Europe and Central Asia,High income
134,2021-03-23,2021-05-05,https://koronavirus.gov.hu/sites/default/files/sites/default/files/imce/astrazeneca_lakossagi_tajekoztato_2.pdf,FAQ,,Permitted with qualifications,,"Elevated risk of exposure|Elevated risk of serious disease",,Not recommended,,,"Oxford-AstraZeneca Vaxzevria, Covishield",National Public Health Center,Public Health Authority,HU,Hungary,Europe and Central Asia,High income
30,2021-03-24,2021-03-31,https://covid-vaccine.canada.ca/info/pdf/astrazeneca-covid-19-vaccine-pm-en.pdf,Guidance statement,,Permitted with qualifications,,Provider consultation required,,Permitted with qualifications,Provider consultation required,,"Oxford-AstraZeneca Vaxzevria, Covishield",Health Canada,Regulatory Body,CA,Canada,North America,High income
244,2021-03-24,2021-05-27,https://twitter.com/NphcdaNG/status/1374654275918385155/photo/1,Official social media post,,,,,,,Provider consultation required,,,National Primary Health Care Development Agency,Public Health Authority,NG,Nigeria,Sub-Saharan Africa,Lower middle income
26,2021-03-24,2021-03-31,https://www.acog.org/clinical/clinical-guidance/practice-advisory/articles/2020/12/vaccinating-pregnant-and-lactating-patients-against-covid-19,Guidance statement,,Recommended for some or all,,,,Permitted,,Not recommended,"Pfizer/BioNTech Comirnaty|Moderna COVID-19 vaccine|Johnson & Johnson Janssen COVID-19 vaccine",American College of Obstetricians and Gynecologists,Professional Society,US,United States,North America,High income
110,2021-03-25,2021-04-28,https://vaktsineeri.ee/en/covid-19/getting-a-vaccination/,Government website,,,,,,Permitted with qualifications,"Elevated risk of exposure (occupational, housing)|Elevated risk of serious disease (underlying condition, co-morbidity, age)",,,Ministry of Social Affairs,Public Health Authority,EE,Estonia,Europe and Central Asia,High income
139,2021-03-25,2021-05-07,https://www.mohfw.gov.in/covid_vaccination/vaccination/faqs.html#about-the-vaccine,FAQ,,Not recommended,,,,Not recommended,,,"Oxford-AstraZeneca Vaxzevria, Covishield|Bharat Biotech Covaxin",Ministry of Health and Family Welfare,Public Health Authority,IN,India,South Asia,Lower middle income
133,2021-03-26,2021-05-05,https://koronavirus.gov.hu/cikkek/itt-szakmai-ajanlas-varandosok-kerhetik-az-oltast,Press release,,,,,,Permitted,Advises administration in 2nd and 3rd trimester,,"Pfizer/BioNTech Comirnaty|Moderna COVID-19 vaccine",National Public Health Center,Public Health Authority,HU,Hungary,Europe and Central Asia,High income
265,2021-03-26,2021-05-31,https://koronavirus.gov.hu/letoltheto-tajekoztatok,FAQ,,Permitted,,,,Permitted,,,Moderna COVID-19 vaccine,National Public Health Center,Public Health Authority,HU,Hungary,Europe and Central Asia,High income
132,2021-03-26,2021-05-05,https://koronavirus.gov.hu/sites/default/files/sites/default/files/imce/pfizer-biontech_vakcina_lakossagi_tajekoztato_2.pdf,FAQ,,Permitted,,"Elevated risk of serious disease|Elevated risk of exposure",,Permitted,,,Pfizer/BioNTech Comirnaty,National Public Health Center,Public Health Authority,HU,Hungary,Europe and Central Asia,High income
56,2021-03-26,2021-04-14,https://bancos.salud.gob.ar/recurso/actualizacion-de-los-lineamientos-tecnicos-campana-nacional-de-vacunacion-contra-la-covid,Guidance statement,,Permitted with qualifications,"Lactating people SHOULD consult provider / ""talk to provider""","Elevated risk of exposure|Elevated risk of serious disease",,Permitted with qualifications,"Provider consultation required|Elevated risk of serious disease (underlying condition, co-morbidity, age)|Elevated risk of exposure (occupational, housing)",Not recommended,"Pfizer/BioNTech Comirnaty|Gamaleya Sputnik V|Oxford-AstraZeneca Vaxzevria, Covishield|Sinopharm BIBP-CorV",Ministry of Health,Public Health Authority,AR,Argentina,Latin America and Caribbean,Upper middle income
228,2021-03-27,2021-05-26,https://www.moh.gov.sg/covid-19/vaccination,FAQ,,Permitted,,,,Not recommended,,,"Pfizer/BioNTech Comirnaty|Moderna COVID-19 vaccine",Ministry of Health,Public Health Authority,SG,Singapore,East Asia and Pacific,High income
13,2021-03-29,2021-03-30,https://www.who.int/news-room/feature-stories/detail/the-j-j-covid-19-vaccine-what-you-need-to-know,Press release,,Permitted,,Elevated risk of exposure,,Permitted with qualifications,"Elevated risk of exposure (occupational, housing)|Elevated risk of serious disease (underlying condition, co-morbidity, age)|Provider consultation required",,Johnson & Johnson Janssen COVID-19 vaccine,World Health Organization,Public Health Authority,,Global,,
311,2021-03-29,2021-06-11,https://www.has-sante.fr/jcms/p_3234447/fr/covid-19-se-vacciner-decider-avec-son-medecin,Fact sheet,,,,,,Permitted,,,"Pfizer/BioNTech Comirnaty|Moderna COVID-19 vaccine",High Health Authority (HAS),Public Health Authority,"FR|GF","France|French Guiana","Europe and Central Asia|Latin America and Caribbean","High income|High income"
281,2021-03-29,2021-06-10,http://www.moh.gov.bn/SitePages/COVID-19%20Vaccine.aspx,Fact sheet,,Not recommended,,,,Not recommended,,,Sinopharm BIBP-CorV,Ministry of Health,Public Health Authority,BN,Brunei Darussalam,East Asia and Pacific,High income
296,2021-03-29,2021-06-10,http://www.nhc.gov.cn/jkj/s3582/202103/c2febfd04fc5498f916b1be080905771.shtml,Guidance statement,,Recommended for some or all,,Elevated risk of exposure,,Not recommended,,,"Sinopharm BIBP-CorV|CanSino Biologics Convidecia|Sinovac CoronaVac",Centers for Disease Control,Public Health Authority,CN,China,East Asia and Pacific,Upper middle income
163,2021-03-29,2021-05-11,https://www.bag.admin.ch/bag/en/home/krankheiten/ausbrueche-epidemien-pandemien/aktuelle-ausbrueche-epidemien/novel-cov/haeufig-gestellte-fragen.html?faq-url=/en/categories/pregnancy,FAQ,,Permitted,,,,Not recommended but with exceptions,"Elevated risk of exposure (occupational, housing)|Elevated risk of serious disease (underlying condition, co-morbidity, age)",Required,"Pfizer/BioNTech Comirnaty|Moderna COVID-19 vaccine",Federal Office of Public Health,Public Health Authority,CH,Switzerland,Europe and Central Asia,High income
67,2021-03-29,2021-04-19,https://www.gov.bt/covid19/28-03-21-frequently-asked-questions-from-the-people-pmo/,FAQ,,Permitted,,Elevated risk of exposure,,Permitted,,,,Prime Minister's Office/Ministry of Health,Public Health Authority,BT,Bhutan,South Asia,Lower middle income
735,2021-03-30,2021-09-22,https://doh.gov.ph/node/28465,Government website,,,,,,Not recommended,,,Gamaleya Sputnik V,Department of Health,Public Health Authority,PH,Philippines,East Asia and Pacific,Lower middle income
40,2021-03-30,2021-04-02,https://www.health.gov.au/initiatives-and-programs/covid-19-vaccines/is-it-true/is-it-true-do-covid-19-vaccines-cause-infertility,FAQ,,,,,,,,,"Pfizer/BioNTech Comirnaty|Oxford-AstraZeneca Vaxzevria, Covishield",Australian Government Department of Health,Public Health Authority,AU,Australia,East Asia and Pacific,High income
718,2021-03-30,2021-09-22,https://solomons.gov.sb/new-order-of-priority-groups-for-covid-19-vaccination-as-of-today-30th-march/,Press release,,No position found,,,,No position found,,,,Ministry of Health,Public Health Authority,SB,Solomon Islands,East Asia and Pacific,Lower middle income
288,2021-03-30,2021-06-10,https://coronavirus.bg/bg/vaccinations/publications/16,Guidance statement,,Permitted with qualifications,"Lactating people SHOULD consult provider / ""talk to provider""",,,Permitted with qualifications,"Elevated risk of exposure (occupational, housing)|Elevated risk of serious disease (underlying condition, co-morbidity, age)",,Moderna COVID-19 vaccine,Unified Government Information Portal,Public Health Authority,BG,Bulgaria,Europe and Central Asia,Upper middle income
832,2021-03-30,2021-10-19,https://kovid19vakcinacija.mk/za-vakcinite/,Guidance statement,,,,,,,,,"Oxford-AstraZeneca Vaxzevria, Covishield",Ministry of Health,Public Health Authority,MK,North Macedonia,Europe and Central Asia,Upper middle income
156,2021-03-30,2021-05-10,https://www.vvkt.lt/index.php?3932444142,FAQ,,Permitted with qualifications,Lactating people MUST consult provider,Provider consultation required,,Permitted with qualifications,"Provider consultation required|Elevated risk of exposure (occupational, housing)|Elevated risk of serious disease (underlying condition, co-morbidity, age)",,"Pfizer/BioNTech Comirnaty|Moderna COVID-19 vaccine|Oxford-AstraZeneca Vaxzevria, Covishield|Johnson & Johnson Janssen COVID-19 vaccine",Ministry of Health,Public Health Authority,LT,Lithuania,Europe and Central Asia,High income
125,2021-03-30,2021-05-04,https://www.zusammengegencorona.de/impfen/impfstoffe/wirksamkeit-und-sicherheit/#faqitem=8c37ec52-e28a-548b-bbcd-7dc255ebc9c7,FAQ,,No position found,,,,Not recommended but with exceptions,"Elevated risk of exposure (occupational, housing)|Elevated risk of serious disease (underlying condition, co-morbidity, age)",,"Pfizer/BioNTech Comirnaty|Moderna COVID-19 vaccine|Oxford-AstraZeneca Vaxzevria, Covishield|Johnson & Johnson Janssen COVID-19 vaccine",Federal Ministry of Health,Public Health Authority,DE,Germany,Europe and Central Asia,High income
834,2021-03-30,2021-10-19,https://kovid19vakcinacija.mk/za-vakcinite/,Guidance statement,,Not recommended,,,,Not recommended,,,Gamaleya Sputnik V,Ministry of Health,Public Health Authority,MK,North Macedonia,Europe and Central Asia,Upper middle income
734,2021-03-30,2021-09-22,https://doh.gov.ph/node/28465,Government website,,,,,,Permitted,Advises administration in 2nd and 3rd trimester,,"Pfizer/BioNTech Comirnaty|Moderna COVID-19 vaccine|Oxford-AstraZeneca Vaxzevria, Covishield|Johnson & Johnson Janssen COVID-19 vaccine|Sinopharm BIBP-CorV|Sinovac CoronaVac",Department of Health,Public Health Authority,PH,Philippines,East Asia and Pacific,Lower middle income
283,2021-03-31,2021-06-10,http://www.moh.gov.bn/SitePages/COVID-19%20Vaccine.aspx,Fact sheet,,,,,,Not recommended,,,"Oxford-AstraZeneca Vaxzevria, Covishield",Ministry of Health,Public Health Authority,BN,Brunei Darussalam,East Asia and Pacific,High income
269,2021-03-31,2021-06-01,https://twitter.com/EswatiniGovern1/status/1377154174186496001/photo/2,Official social media post,,No position found,,,,No position found,,,,Government,Public Health Authority,SZ,Eswatini,Sub-Saharan Africa,Lower middle income
770,2021-03-31,2021-09-29,https://www.facebook.com/cdcmohcam/photos/%E1%9E%94%E1%9E%BB%E1%9E%82%E1%9F%92%E1%9E%82%E1%9E%9B%E1%9E%98%E1%9E%B7%E1%9E%93%E1%9E%A2%E1%9E%B6%E1%9E%85%E1%9E%85%E1%9E%B6%E1%9E%80%E1%9F%8B%E1%9E%9C%E1%9F%89%E1%9E%B6%E1%9E%80%E1%9F%8B%E1%9E%9F%E1%9E%B6%E1%9F%86%E1%9E%84%E1%9E%94%E1%9E%B6%E1%9E%93/3476568525781995/,Official social media post,,Not recommended,,,,Not recommended,,,Sinopharm BIBP-CorV,Ministry of Health,Public Health Authority,KH,Cambodia,East Asia and Pacific,Lower middle income
508,2021-04-01,2021-07-27,https://www.zzjzfbih.ba/informacije-o-cjepivu/,Guidance statement,,,,,,,,,,Institute for Public Health,Public Health Authority,BA,Bosnia and Herzegovina,Europe and Central Asia,Upper middle income
278,2021-04-01,2021-06-20,https://www.gouv.bj/coronavirus/,Press release,,No position found,,,,No position found,,,,Ministry of Health,Public Health Authority,BJ,Benin,Sub-Saharan Africa,Lower middle income
357,2021-04-01,2021-06-22,https://www.has-sante.fr/jcms/p_3259006/fr/avis-n-2021-0025/ac/seesp-du-1er-avril-2021-du-college-de-la-haute-autorite-de-sante-relatif-a-l-edition-2021-du-calendrier-des-vaccinations-et-recommandations-vaccinales,Guidance statement,,Permitted,,,,Permitted,,,"Pfizer/BioNTech Comirnaty|Moderna COVID-19 vaccine|Johnson & Johnson Janssen COVID-19 vaccine",High Health Authority (HAS),Public Health Authority,"FR|GF","France|French Guiana","Europe and Central Asia|Latin America and Caribbean","High income|High income"
358,2021-04-01,2021-06-22,https://www.has-sante.fr/jcms/p_3259006/fr/avis-n-2021-0025/ac/seesp-du-1er-avril-2021-du-college-de-la-haute-autorite-de-sante-relatif-a-l-edition-2021-du-calendrier-des-vaccinations-et-recommandations-vaccinales,Guidance statement,,Permitted,,,,Not recommended,,,"Oxford-AstraZeneca Vaxzevria, Covishield",High Health Authority (HAS),Public Health Authority,"FR|GF","France|French Guiana","Europe and Central Asia|Latin America and Caribbean","High income|High income"
530,2021-04-01,2021-08-04,https://covid19.gov.tl/en/first-vaccines-for-east-timor-arrive-in-dili-on-monday-lusa/,Government website,,,,,,,,,,Ministry of Health,Public Health Authority,TL,Timor-Leste,East Asia and Pacific,Lower middle income
196,2021-04-01,2021-05-13,http://www.nhsrc.gov.pk/SiteImage/Misc/files/20210401%20Guidelines%20for%20Sputnik%20V%20Vaccine_6101.pdf,Guidance statement,,Not recommended,,,,Not recommended but with exceptions,Provider consultation required,,Gamaleya Sputnik V,Ministry of National Health Services Regulation and Coordination,Public Health Authority,PK,Pakistan,South Asia,Lower middle income
850,2021-04-02,2021-10-20,http://www.nhc.gov.cn/jkj/s5899tg/202104/1619f941de034452a4b9bcaf307afd79.shtml,Guidance statement,,Recommended for some or all,,Elevated risk of exposure,,Not recommended,,,"Sinopharm BIBP-CorV|Sinovac CoronaVac|CanSino Biologics Convidecia",State Council,Public Health Authority,CN,China,East Asia and Pacific,Upper middle income
43,,2021-04-05,https://cov19reg.phd.iq/learning.aspx,FAQ,,Not recommended,,,,Not recommended,,,,Ministry of Health,Public Health Authority,IQ,Iraq,Middle East and North Africa,Upper middle income
42,,2021-04-05,https://www.health.gov.gy/images/documents/Screening_checklist_for_Contraindications_Adults.pdf,Consent form/screening checklist,,,,,,Not recommended,,,,Ministry of Health,Public Health Authority,GY,Guyana,Latin America and Caribbean,Upper middle income
284,2021-04-05,2021-06-10,http://www.moh.gov.bn/SitePages/COVID-19%20Vaccine.aspx,FAQ,,Permitted,,"Elevated risk of exposure|Elevated risk of serious disease",,,,,"Oxford-AstraZeneca Vaxzevria, Covishield|Sinopharm BIBP-CorV",Ministry of Health,Public Health Authority,BN,Brunei Darussalam,East Asia and Pacific,High income
41,,2021-04-05,https://www.health.gov.gy/images/media/Covishield-_AstraZenca.pdf,Fact sheet,,No position found,,,,Not recommended,,,"Oxford-AstraZeneca Vaxzevria, Covishield",Ministry of Health,Public Health Authority,GY,Guyana,Latin America and Caribbean,Upper middle income
317,2021-04-06,2021-06-13,https://www.unicef.org/laos/sites/unicef.org.laos/files/2021-04/Vaccines%20FAQ_6%20April_0.pdf,FAQ,,Recommended for some or all,,Elevated risk of exposure,,Not recommended but with exceptions,"Elevated risk of exposure (occupational, housing)|Elevated risk of serious disease (underlying condition, co-morbidity, age)",Not recommended,,Ministry of Health,Public Health Authority,LA,Lao PDR,East Asia and Pacific,Lower middle income
1178,2021-04-07,2022-01-17,https://www.vacunate.gov.py/index-documentos-tecnicos.html,Guidance statement,,Not recommended,,,,Not recommended,,,Bharat Biotech Covaxin,Ministry of Public Health and Social Welfare,Public Health Authority,PY,Paraguay,Latin America and Caribbean,Upper middle income
1181,2021-04-07,2022-01-18,https://www.facebook.com/www.progyn.org/,Official social media post,,No position found,,,,Permitted,,,,Puerto Rico Obstetrics and Gynecology,Professional Society,PR,Puerto Rico,Latin America and Caribbean,High income
1283,2021-04-08,2022-02-22,"http://naurugov.nr/government-information-office/gio-notices/thursday,-8-april-2021.aspx",Press release,,Not recommended,,,,Not recommended,,,"Oxford-AstraZeneca Vaxzevria, Covishield",Ministry of Health,Public Health Authority,NR,Nauru,East Asia and Pacific,High income
359,2021-04-08,2021-06-22,https://www.humanitarianresponse.info/sites/www.humanitarianresponse.info/files/documents/files/covax_yemen_who_unicef_partners_briefing_8_april_2021.pdf?utm_source=miragenews&utm_medium=miragenews&utm_campaign=news,Guidance statement,,No position found,,,,No position found,,,,Ministry of Health and Population,Public Health Authority,YE,"Yemen, Rep.",Middle East and North Africa,Low income
254,2021-04-08,2021-05-31,http://moh.gov.lr/news/2021/covid-19-vaccines-message-from-mr-adolphus-clarke-program-manager-expanded-programme-on-immunization-moh/,Press release,,No position found,,,,Permitted with qualifications,Provider consultation required,,,Ministry of Health,Public Health Authority,LR,Liberia,Sub-Saharan Africa,Low income
58,2021-04-09,2021-06-18,https://www.sozialministerium.at/Corona-Schutzimpfung/Corona-Schutzimpfung---Fachinformationen.html,Guidance statement,,Permitted,,,,Permitted,,Not required,"Pfizer/BioNTech Comirnaty|Moderna COVID-19 vaccine|Oxford-AstraZeneca Vaxzevria, Covishield|Johnson & Johnson Janssen COVID-19 vaccine","Federal Ministry Republic of Austria Social Affairs, Health, Care and Consumer Protection",Public Health Authority,AT,Austria,Europe and Central Asia,High income
86,2021-04-11,2021-04-23,http://www.gov.cn/fuwu/2021-04/11/content_5599017.htm,Press release,,,,,,Not recommended,,,,State Council,Public Health Authority,CN,China,East Asia and Pacific,Upper middle income
1053,2021-04-12,2021-12-04,https://ariananews.af/vaccine-campaign-now-open-for-everyone-over-18/,Media article,,,,,,Not recommended,,,,Ministry of Public Health,Public Health Authority,AF,Afghanistan,South Asia,Low income
137,2021-04-12,2021-05-05,https://koronavirus.gov.hu/sites/default/files/sites/default/files/imce/janssen_vakcina_lakossagi_tajekoztato.pdf,FAQ,,Not recommended,,,,Not recommended,,,Johnson & Johnson Janssen COVID-19 vaccine,National Public Health Center,Public Health Authority,HU,Hungary,Europe and Central Asia,High income
203,2021-04-13,2021-05-13,https://www.gob.pe/13223,Government website,,,"Lactating people SHOULD consult provider / ""talk to provider""",,,,,,,Ministry of Health,Public Health Authority,PE,Peru,Latin America and Caribbean,Upper middle income
55,2021-04-13,2021-04-14,https://www.argentina.gob.ar/coronavirus/vacuna/preguntas-frecuentes,FAQ,,Not recommended but with exceptions,,"Elevated risk of exposure|Elevated risk of serious disease",,Permitted with qualifications,"Elevated risk of exposure (occupational, housing)|Elevated risk of serious disease (underlying condition, co-morbidity, age)",,"Oxford-AstraZeneca Vaxzevria, Covishield|Gamaleya Sputnik V|Johnson & Johnson Janssen COVID-19 vaccine|Sinopharm BIBP-CorV|Pfizer/BioNTech Comirnaty|Moderna COVID-19 vaccine",Ministry of Health,Public Health Authority,AR,Argentina,Latin America and Caribbean,Upper middle income
50,,2021-04-14,https://www.salut.ad/preinscripcio-vacuna-covid19/,Government website,,No position found,,,,Permitted with qualifications,Prescription required,,,Ministry of Health,Public Health Authority,AD,Andorra,Europe and Central Asia,High income
202,2021-04-14,2021-05-13,https://doh.gov.ph/Vaccines/Am-I-eligible-to-get-the-COVID-19-vaccine,FAQ,,Permitted,,Elevated risk of exposure,,Permitted,Advises administration in 2nd and 3rd trimester,Not required,,Department of Health,Public Health Authority,PH,Philippines,East Asia and Pacific,Lower middle income
138,2021-04-15,2021-05-05,https://www.landlaeknir.is/um-embaettid/greinar/grein/item43978/Bolusetning-gegn-COVID-19---Algengar-spurningar-og-svor,FAQ,,Permitted,,,,Permitted,,,"Pfizer/BioNTech Comirnaty|Moderna COVID-19 vaccine|Oxford-AstraZeneca Vaxzevria, Covishield",Directorate of Health,Public Health Authority,IS,Iceland,Europe and Central Asia,High income
287,2021-04-15,2021-06-10,https://coronavirus.bg/bg/vaccinations/publications/23,Guidance statement,,Permitted with qualifications,"Lactating people SHOULD consult provider / ""talk to provider""",,,Permitted with qualifications,"Elevated risk of exposure (occupational, housing)|Elevated risk of serious disease (underlying condition, co-morbidity, age)",,"Oxford-AstraZeneca Vaxzevria, Covishield",Unified Government Information Portal,Public Health Authority,BG,Bulgaria,Europe and Central Asia,Upper middle income
346,2021-04-15,2021-06-21,https://www.gov.je/Health/Coronavirus/Vaccine/Pages/COVID19VaccineInformation.aspx,Fact sheet,,Permitted,,,,Permitted,,,"Pfizer/BioNTech Comirnaty|Moderna COVID-19 vaccine",Government of Jersey,Public Health Authority,,Channel Islands,Europe and Central Asia,High income
347,2021-04-15,2021-06-21,https://www.gov.je/Health/Coronavirus/Vaccine/Pages/COVID19VaccineInformation.aspx,Fact sheet,,Not recommended but with exceptions,,,,Not recommended but with exceptions,Only if received 1st dose with this vaccine,,"Oxford-AstraZeneca Vaxzevria, Covishield",Government of Jersey,Public Health Authority,,Channel Islands,Europe and Central Asia,High income
409,2021-04-15,2021-07-06,https://www.moh.gov.zm/?wpfb_dl=181,Guidance statement,,No position found,,,,No position found,,,,Ministry of Health,Public Health Authority,ZM,Zambia,Sub-Saharan Africa,Lower middle income
753,2021-04-16,2021-09-28,https://gouvernement.lu/en/actualites/toutes_actualites/communiques/2021/04-avril/16-csmi-avis-astrazeneca.html,Press release,,,,,,Not recommended,,,"Oxford-AstraZeneca Vaxzevria, Covishield",Government,Public Health Authority,LU,Luxembourg,Europe and Central Asia,High income
70,2021-04-16,2021-04-20,https://www.bomra.co.bw/index.php/news-updates/172-covid-19-vaccine-q-a,FAQ,,No position found,,,,No position found,Provider consultation required,Required,,Medicines Regulatory Authority,Regulatory Body,BW,Botswana,Sub-Saharan Africa,Upper middle income
251,2021-04-16,,https://covid19.mc/en/mesures/tout-sur-les-vaccins/,FAQ,,No position found,,,,Permitted with qualifications,Prescription required,,Pfizer/BioNTech Comirnaty,Government,Public Health Authority,MC,Monaco,Europe and Central Asia,High income
153,2021-04-17,2021-05-10,https://www.vmnvd.gov.lv/lv/vakcinacijas-rokasgramata-informativais-materials-vakcinacijas-veicejiem,Guidance statement,,Permitted,,,,Not recommended,,Not recommended,"Oxford-AstraZeneca Vaxzevria, Covishield",National Health Service,Public Health Authority,LV,Latvia,Europe and Central Asia,High income
152,2021-04-17,2021-05-10,https://www.vmnvd.gov.lv/lv/vakcinacijas-rokasgramata-informativais-materials-vakcinacijas-veicejiem,Guidance statement,,Permitted,,,,Recommended for some or all,"Elevated risk of exposure (occupational, housing)|Elevated risk of serious disease (underlying condition, co-morbidity, age)",Not recommended,"Pfizer/BioNTech Comirnaty|Moderna COVID-19 vaccine",National Health Service,Public Health Authority,LV,Latvia,Europe and Central Asia,High income
64,,2021-04-19,https://healthalert.gov.bh/uploads/dhep3ew1_l2l.pdf,FAQ,,Not recommended,,,,Not recommended,,,,Ministry of Health,Public Health Authority,BH,Bahrain,Middle East and North Africa,High income
150,2021-04-19,2021-05-10,https://www.covid19.gov.la/index.php?r=site%2Fdetail&id=883,Consent form/screening checklist,,,Lactating people MUST consult provider,Provider consultation required,,Permitted with qualifications,Provider consultation required,,"Sinopharm BIBP-CorV|Oxford-AstraZeneca Vaxzevria, Covishield",Ministry of Health,Public Health Authority,LA,Lao PDR,East Asia and Pacific,Lower middle income
62,,2021-04-19,http://armvaccine.am/am/covid-vaccine,FAQ,,No position found,,,,No position found,,,,"National Center for Disease Control (NCDC), Ministry of Health",Public Health Authority,AM,Armenia,Europe and Central Asia,Upper middle income
1140,2021-04-19,2021-04-30,https://www.dha.gov.ae/Asset%20Library/COVID19/Covid19_Vaccine_EN.pdf,Guidance statement,,,,,,Not recommended,,,"Sinopharm BIBP-CorV|Pfizer/BioNTech Comirnaty|Moderna COVID-19 vaccine|Oxford-AstraZeneca Vaxzevria, Covishield|Gamaleya Sputnik V",Ministry of Health and Prevention,Public Health Authority,AE,United Arab Emirates,Middle East and North Africa,High income
63,,2021-04-19,https://surokkha.gov.bd/faq,FAQ,,Not recommended but with exceptions,Lactating people MUST consult provider,Provider consultation required,,"Not recommended but with exceptions|Not recommended",Provider consultation required,,,Ministry of Health and Family Welfare,Public Health Authority,BD,Bangladesh,South Asia,Lower middle income
428,2021-04-20,2021-07-11,https://vaktsineeri.ee/en/covid-19/vaccination-in-estonia/,Guidance statement,,,,,,,,,,Ministry of Social Affairs,Public Health Authority,EE,Estonia,Europe and Central Asia,High income
69,,2021-04-20,https://www.info-coronavirus.be/en/vaccination/#overview,FAQ,,"Permitted|Not recommended",,,,Not recommended but with exceptions,"Elevated risk of exposure (occupational, housing)|Elevated risk of serious disease (underlying condition, co-morbidity, age)",,"Pfizer/BioNTech Comirnaty|Moderna COVID-19 vaccine|Oxford-AstraZeneca Vaxzevria, Covishield|Johnson & Johnson Janssen COVID-19 vaccine","Federal Public Service (FPS) Health, Food Chain Safety and Environment",Public Health Authority,BE,Belgium,Europe and Central Asia,High income
104,2021-04-20,2021-04-28,https://www.sst.dk/en/English/Corona-eng/Vaccination-against-COVID-19/Who-should-be-vaccinated,FAQ,,Not recommended but with exceptions,"Lactating people SHOULD consult provider / ""talk to provider""",Elevated risk of serious disease,,Not recommended but with exceptions,"Elevated risk of serious disease (underlying condition, co-morbidity, age)",Required,,Danish Health Authority,Public Health Authority,DK,Denmark,Europe and Central Asia,High income
74,,2021-04-21,https://coronavirus.bg/bg/vaccinations/faq,FAQ,,Permitted with qualifications,,,,Permitted with qualifications,Provider consultation required,,"Pfizer/BioNTech Comirnaty|Moderna COVID-19 vaccine",Unified Government Information Portal,Public Health Authority,BG,Bulgaria,Europe and Central Asia,Upper middle income
374,2021-04-21,2021-06-22,https://healthygibraltar.org/covid-19-vaccine/,FAQ,,Permitted,,,,Permitted,,,Pfizer/BioNTech Comirnaty,Health Authority,Public Health Authority,GI,Gibraltar,Europe and Central Asia,High income
209,2021-04-21,2021-05-20,https://www.who.int/publications/i/item/WHO-2019-nCoV-vaccines-SAGE_recommendation-AZD1222-2021.1,Guidance statement,,Recommended for some or all,,,,Permitted with qualifications,"Elevated risk of exposure (occupational, housing)|Elevated risk of serious disease (underlying condition, co-morbidity, age)",Not recommended,"Oxford-AstraZeneca Vaxzevria, Covishield",World Health Organization,Public Health Authority,,Global,,
79,,2021-04-22,https://covid19.ncema.gov.ae/en/page/about-the-vaccine,FAQ,,Not recommended,,,,Not recommended,,,"Pfizer/BioNTech Comirnaty|Gamaleya Sputnik V|Sinopharm BIBP-CorV",National Emergency Crisis and Disaster Management Authority,Public Health Authority,AE,United Arab Emirates,Middle East and North Africa,High income
80,,2021-04-22,https://vaccination.covid19.gov.ua/articles/questionsanswers,FAQ,,Permitted,,,,Not recommended but with exceptions,"Elevated risk of exposure (occupational, housing)",Not recommended,"Oxford-AstraZeneca Vaxzevria, Covishield|Sinovac CoronaVac|Pfizer/BioNTech Comirnaty",Ministry of Health,Public Health Authority,UA,Ukraine,Europe and Central Asia,Lower middle income
161,2021-04-22,2021-05-11,https://deputyprimeminister.gov.mt/en/health-promotion/covid-19/Pages/vaccines.aspx,FAQ,,Permitted,,,,Not recommended but with exceptions,"Elevated risk of exposure (occupational, housing)|Elevated risk of serious disease (underlying condition, co-morbidity, age)",,"Pfizer/BioNTech Comirnaty|Moderna COVID-19 vaccine|Oxford-AstraZeneca Vaxzevria, Covishield|Johnson & Johnson Janssen COVID-19 vaccine",Ministry of Health,Public Health Authority,MT,Malta,Middle East and North Africa,High income
89,2021-04-23,2021-04-23,https://www.coronavirus2020.kz/ru/koronavirus-kogda-zhenschiny-proshedshie-vakcinaciyu-mogut-planirovat-beremennost_a3780098,Press release,,,,,,Not recommended,,,,Ministry of Health,Public Health Authority,KZ,Kazakhstan,Europe and Central Asia,Upper middle income
331,2021-04-23,2021-05-25,https://www.gov.uk/government/publications/covid-19-vaccination-women-of-childbearing-age-currently-pregnant-planning-a-pregnancy-or-breastfeeding,Fact sheet,,Not recommended but with exceptions,,,,Not recommended but with exceptions,Only if received 1st dose with this vaccine,,"Oxford-AstraZeneca Vaxzevria, Covishield",Public Health England,Public Health Authority,GB,United Kingdom,Europe and Central Asia,High income
97,2021-04-23,2021-04-26,https://salud.msp.gob.cu/la-habana-se-alista-para-intervencion-poblacional-con-soberana-02-y-abdala/,Press release,,Not recommended,,,,Not recommended,,,"Soberana 02 |Abdala",Ministry of Public Health,Public Health Authority,CU,Cuba,Latin America and Caribbean,Upper middle income
90,,2021-04-23,https://covid19asi.saglik.gov.tr/TR-77694/sikca-sorulan-sorular.html,FAQ,,Permitted with qualifications,,"Elevated risk of exposure|Elevated risk of serious disease",,Permitted with qualifications,"Advises administration in 2nd and 3rd trimester|Elevated risk of exposure (occupational, housing)|Elevated risk of serious disease (underlying condition, co-morbidity, age)",,"Pfizer/BioNTech Comirnaty|Sinovac CoronaVac",Ministry of Health,Public Health Authority,TR,Turkey,Europe and Central Asia,Upper middle income
217,2021-04-23,2021-05-25,https://ncov.moh.gov.vn/vi/web/guest/-/6851652-18,Fact sheet,,No position found,,,,No position found,,,,Ministry of Health,Public Health Authority,VN,Vietnam,East Asia and Pacific,Lower middle income
219,2021-04-23,2021-05-25,https://www.gov.uk/government/publications/covid-19-vaccination-women-of-childbearing-age-currently-pregnant-planning-a-pregnancy-or-breastfeeding,Fact sheet,,Permitted,,,,Permitted,,,"Pfizer/BioNTech Comirnaty|Moderna COVID-19 vaccine",Public Health England,Public Health Authority,GB,United Kingdom,Europe and Central Asia,High income
231,2021-04-25,2021-05-26,https://articlesen.covid19awareness.sa/COVID-19-Vaccine-FAQs,FAQ,,,,,,,,,,Ministry of Health,Public Health Authority,SA,Saudi Arabia,Middle East and North Africa,High income
583,2021-04-26,2021-08-22,https://www.ptgin.pl/rekomendacje-0,Guidance statement,,Permitted,,,,Recommended for some or all,,,"Pfizer/BioNTech Comirnaty|Moderna COVID-19 vaccine|Oxford-AstraZeneca Vaxzevria, Covishield|Johnson & Johnson Janssen COVID-19 vaccine",Polish Society of Gynecologists and Obstetricians,Professional Society,PL,Poland,Europe and Central Asia,High income
94,,2021-04-26,https://www.health.gov.ck/covid-19-vaccine-information-sheet/,FAQ,,No position found,,,,Permitted with qualifications,"Elevated risk of exposure (occupational, housing)|Elevated risk of serious disease (underlying condition, co-morbidity, age)|Provider consultation required",,,Ministry of Health,Public Health Authority,CK,Cook Islands,East Asia and Pacific,High income
279,2021-04-26,2021-06-09,https://www.gov.br/saude/pt-br/coronavirus/vacinas/plano-nacional-de-operacionalizacao-da-vacina-contra-a-covid-19,Guidance statement,,Recommended for some or all,,,,Recommended for some or all,"Elevated risk of exposure (occupational, housing)|Elevated risk of serious disease (underlying condition, co-morbidity, age)",Not required,"Oxford-AstraZeneca Vaxzevria, Covishield|Sinovac CoronaVac",Ministry of Health,Public Health Authority,BR,Brazil,Latin America and Caribbean,Upper middle income
1182,2021-04-27,2022-01-18,https://www.facebook.com/www.progyn.org/,Official social media post,,Permitted,,,,Permitted,,,,Puerto Rico Obstetrics and Gynecology,Professional Society,PR,Puerto Rico,Latin America and Caribbean,High income
164,2021-04-27,2021-05-11,https://www.folkhalsomyndigheten.se/nyheter-och-press/nyhetsarkiv/2021/april/gravida-med-andra-riskfaktorer-kan-fa-vaccin-i-fas-3/,Press release,,No position found,,,,Permitted with qualifications,"Elevated risk of serious disease (underlying condition, co-morbidity, age)",,"Pfizer/BioNTech Comirnaty|Moderna COVID-19 vaccine",Public Health Agency,Public Health Authority,SE,Sweden,Europe and Central Asia,High income
351,2021-04-28,2021-06-21,https://covid19.gov.im/vaccination/covid-19-vaccination-a-guide-for-all-women-of-childbearing-age-pregnant-or-breastfeeding/,Guidance statement,,Permitted,Lactating people CAN/MAY consult provider,,,Permitted,,,"Pfizer/BioNTech Comirnaty|Moderna COVID-19 vaccine",Isle of Man Government,Public Health Authority,IM,Isle of Man,Europe and Central Asia,High income
352,2021-04-28,2021-06-21,https://covid19.gov.im/vaccination/covid-19-vaccination-a-guide-for-all-women-of-childbearing-age-pregnant-or-breastfeeding/,Guidance statement,,Permitted,Lactating people CAN/MAY consult provider,,,Not recommended but with exceptions,Only if received 1st dose with this vaccine,,"Oxford-AstraZeneca Vaxzevria, Covishield",Isle of Man Government,Public Health Authority,IM,Isle of Man,Europe and Central Asia,High income
107,,2021-04-28,https://www.planvacunarse.ec/preguntas-y-respuestas/,FAQ,,,,,,,,,"Pfizer/BioNTech Comirnaty|Oxford-AstraZeneca Vaxzevria, Covishield|Sinovac CoronaVac",Ministry of Public Health,Public Health Authority,EC,Ecuador,Latin America and Caribbean,Upper middle income
454,2021-04-28,2021-07-14,https://www.gub.uy/ministerio-salud-publica/comunicacion/noticias/comunicado-vacunacion-contra-covid-19-embarazadas,Press release,,,,,,Recommended for some or all,"Elevated risk of exposure (occupational, housing)|Elevated risk of serious disease (underlying condition, co-morbidity, age)",Not required,"Pfizer/BioNTech Comirnaty|Sinovac CoronaVac",Ministry of Public Health,Public Health Authority,UY,Uruguay,Latin America and Caribbean,High income
106,,2021-04-28,https://www.planvacunarse.ec/preguntas-y-respuestas/,Government website,,Not recommended,,,,Not recommended,,,,Ministry of Public Health,Public Health Authority,EC,Ecuador,Latin America and Caribbean,Upper middle income
631,2021-04-29,2021-09-08,https://www.oeggg.at/leitlinien-stellungnahmen/covid-19-sars-cov-2/,Guidance statement,,Permitted,,,,Permitted,,,"Pfizer/BioNTech Comirnaty|Moderna COVID-19 vaccine|Oxford-AstraZeneca Vaxzevria, Covishield|Johnson & Johnson Janssen COVID-19 vaccine",Austrian Society for Gynecology and Obstetrics,Professional Society,AT,Austria,Europe and Central Asia,High income
157,2021-04-29,2021-05-10,https://covid19.public.lu/fr/vaccination/faq-vaccination.html,FAQ,,Permitted,,,,Recommended for some or all,"Elevated risk of exposure (occupational, housing)|Elevated risk of serious disease (underlying condition, co-morbidity, age)",,"Pfizer/BioNTech Comirnaty|Moderna COVID-19 vaccine",Government,Public Health Authority,LU,Luxembourg,Europe and Central Asia,High income
1052,2021-04-29,2021-12-04,https://kateb.edu.af/dari/%D8%B3%D9%85%DB%8C%D9%86%D8%A7%D8%B1-%D8%B9%D9%84%D9%85%DB%8C-%DA%A9%D8%A7%D8%B1%DA%A9%D8%B1%D8%AF%D9%87%D8%A7%DB%8C-%D9%88%D8%A7%DA%A9%D8%B3%DB%8C%D9%86-%DA%A9%D9%88%D9%88%DB%8C%D8%AF-19-%D8%AF/,Media article,,Not recommended,,,,Not recommended,,,,Ministry of Public Health,Public Health Authority,AF,Afghanistan,South Asia,Low income
225,2021-04-29,2021-05-26,https://www.sahpra.org.za/news-and-updates/guidance-on-the-use-of-the-janssen-ad26-cov2-s-covid-19-vaccine-in-pregnant-and-lactating-women/,Guidance statement,,Permitted with qualifications,Lactating people MUST consult provider,Provider consultation required,,Permitted with qualifications,"Provider consultation required|Elevated risk of serious disease (underlying condition, co-morbidity, age)|Elevated risk of exposure (occupational, housing)",Not recommended,Johnson & Johnson Janssen COVID-19 vaccine,South African Health Products Regulatory Authority,Public Health Authority,ZA,South Africa,Sub-Saharan Africa,Upper middle income
158,2021-04-29,2021-05-10,https://covid19.public.lu/fr/vaccination/faq-vaccination.html,FAQ,,Permitted,,,,,,,"Oxford-AstraZeneca Vaxzevria, Covishield|Johnson & Johnson Janssen COVID-19 vaccine",Government,Public Health Authority,LU,Luxembourg,Europe and Central Asia,High income
273,2021-04-29,2021-06-08,https://www.health.gov.au/resources/publications/covid-19-vaccination-shared-decision-making-guide-for-women-who-are-pregnant-breastfeeding-or-planning-pregnancy,Guidance statement,,Permitted,,,,Permitted with qualifications,"Elevated risk of exposure (occupational, housing)|Elevated risk of serious disease (underlying condition, co-morbidity, age)",Not required,Pfizer/BioNTech Comirnaty,Australian Government Department of Health,Public Health Authority,AU,Australia,East Asia and Pacific,High income
282,2021-04-29,2021-06-08,https://www.health.gov.au/resources/publications/covid-19-vaccination-shared-decision-making-guide-for-women-who-are-pregnant-breastfeeding-or-planning-pregnancy,Guidance statement,,Permitted,,,,Not recommended but with exceptions,"Elevated risk of exposure (occupational, housing)|Elevated risk of serious disease (underlying condition, co-morbidity, age)|Only if received 1st dose with this vaccine",Not required,"Oxford-AstraZeneca Vaxzevria, Covishield",Australian Government Department of Health,Public Health Authority,AU,Australia,East Asia and Pacific,High income
456,2021-05-01,2021-07-14,https://www.dggg.de/stellungnahmen/empfehlung-der-covid-19-impfung-fuer-schwangere-und-stillende-frauen,Guidance statement,,Permitted,,,,Recommended for some or all,,,"Pfizer/BioNTech Comirnaty|Moderna COVID-19 vaccine",The German Society for Gynecology and Obstetrics,Professional Society,DE,Germany,Europe and Central Asia,High income
807,2021-05-01,2021-10-11,https://www.guadeloupe.ars.sante.fr/covid-19-l-campagne-de-vaccination,Press release,,No position found,,,,No position found,,,"Pfizer/BioNTech Comirnaty|Moderna COVID-19 vaccine",Health Agency,Public Health Authority,MF,St Martin (French part),Latin America and Caribbean,High income
131,2021-05-01,2021-05-05,http://www.salud.gob.hn/site/index.php/component/edocman/resumen-ejecutivo-cuarta-campana-de-vacunacion-covid-19-v2904,Guidance statement,,Permitted with qualifications,,Prescription required,,Permitted with qualifications,Prescription required,,"Oxford-AstraZeneca Vaxzevria, Covishield|Gamaleya Sputnik V",Secretary of Health,Public Health Authority,HN,Honduras,Latin America and Caribbean,Lower middle income
367,2021-05-01,2021-06-22,https://msh.rks-gov.net/wp-content/uploads/2021/05/Plani-i-veprimit-per-vaksinimin-e-qytetareve-ne-mase-me-vaksinen-kunder-COVID-19.pdf,Guidance statement,,No position found,,,,No position found,,,,Ministry of Health,Public Health Authority,,Kosovo,Europe and Central Asia,Upper middle income
122,2021-05-01,2021-05-04,https://health.gov.tt/covid-19/covid-19-vaccine,Press release,,Not recommended,,,,Not recommended,,,,Ministry of Health,Public Health Authority,TT,Trinidad and Tobago,Latin America and Caribbean,High income
119,,2021-05-03,http://test.ncdc.ge/Handlers/GetFile.ashx?ID=2a2a89e3-f026-4c4a-b32b-0dcb2fcb4d13,FAQ,,No position found,,,,Not recommended but with exceptions,"Elevated risk of exposure (occupational, housing)|Elevated risk of serious disease (underlying condition, co-morbidity, age)",,"Pfizer/BioNTech Comirnaty|Oxford-AstraZeneca Vaxzevria, Covishield",National Centers for Disease Control,Public Health Authority,GE,Georgia,Europe and Central Asia,Upper middle income
241,2021-05-03,2021-05-27,https://ncoc.gov.pk/covid-vaccination-en.php,Guidance statement,,"Permitted|Not recommended",,,,"Permitted with qualifications|Not recommended but with exceptions",Provider consultation required,,Gamaleya Sputnik V,Ministry of National Health Services Regulation and Coordination,Public Health Authority,PK,Pakistan,South Asia,Lower middle income
240,2021-05-03,2021-05-27,https://ncoc.gov.pk/covid-vaccination-en.php,Guidance statement,,Recommended for some or all,,,,Recommended for some or all,,,CanSino Biologics Convidecia,Ministry of National Health Services Regulation and Coordination,Public Health Authority,PK,Pakistan,South Asia,Lower middle income
299,2021-05-03,2021-06-10,https://www.hzjz.hr/sluzba-epidemiologija-zarazne-bolesti/cijepljenje-protiv-covid-19-bolesti-najcesca-pitanja-i-odgovori/,FAQ,,Permitted,,,,Permitted,,,"Pfizer/BioNTech Comirnaty|Moderna COVID-19 vaccine|Oxford-AstraZeneca Vaxzevria, Covishield|Johnson & Johnson Janssen COVID-19 vaccine",Institute of Public Health,Public Health Authority,HR,Croatia,Europe and Central Asia,High income
239,2021-05-03,2021-05-27,https://ncoc.gov.pk/covid-vaccination-en.php,Guidance statement,,Recommended for some or all,,,,Recommended for some or all,,,Sinopharm BIBP-CorV,Ministry of National Health Services Regulation and Coordination,Public Health Authority,PK,Pakistan,South Asia,Lower middle income
120,,2021-05-03,http://test.ncdc.ge/Handlers/GetFile.ashx?ID=46f58045-4a85-4b8e-b652-2c2d0d598072,FAQ,,,,,,,,,"Pfizer/BioNTech Comirnaty|Oxford-AstraZeneca Vaxzevria, Covishield",National Centers for Disease Control,Public Health Authority,GE,Georgia,Europe and Central Asia,Upper middle income
294,2021-05-03,2021-06-10,https://www.minsal.cl/wp-content/uploads/2021/05/MUJERES-EMBARAZADAS-8.pdf,Guidance statement,,,,,,Permitted with qualifications,"Elevated risk of exposure (occupational, housing)|Elevated risk of serious disease (underlying condition, co-morbidity, age)|Provider consultation required",,"Pfizer/BioNTech Comirnaty|Sinovac CoronaVac","Ministry of Health, Institute of Public Health",Public Health Authority,CL,Chile,Latin America and Caribbean,High income
213,2021-05-03,2021-05-25,https://www.gub.uy/ministerio-salud-publica/comunicacion/noticias/comunicado-sobre-vacunas-contra-covid-19-durante-lactancia-materna-embarazo,Press release,,Permitted,,,,Permitted with qualifications,"Elevated risk of exposure (occupational, housing)|Elevated risk of serious disease (underlying condition, co-morbidity, age)",,,Ministry of Public Health,Public Health Authority,UY,Uruguay,Latin America and Caribbean,High income
242,2021-05-03,2021-05-27,https://ncoc.gov.pk/covid-vaccination-en.php,Guidance statement,,Recommended for some or all,,,,Recommended for some or all,,,Sinovac CoronaVac,Ministry of National Health Services Regulation and Coordination,Public Health Authority,PK,Pakistan,South Asia,Lower middle income
250,2021-05-03,2021-05-31,https://www.facebook.com/MoHSSNamibia/,Official social media post,,Permitted,,,,Permitted,Advises administration in 2nd and 3rd trimester,Not required,,Ministry of Health,Public Health Authority,NA,Namibia,Sub-Saharan Africa,Upper middle income
123,,2021-05-04,https://health.gov.tt/covid-19/covid-19-vaccine/faqs#not%20get,FAQ,,Not recommended,,,,Not recommended,,,,Ministry of Health,Public Health Authority,TT,Trinidad and Tobago,Latin America and Caribbean,High income
127,,2021-05-04,https://covid19.gov.gd/faq-vaccination/,FAQ,,Permitted with qualifications,Lactating people MUST consult provider,Provider consultation required,,Permitted with qualifications,Provider consultation required,,"Oxford-AstraZeneca Vaxzevria, Covishield","Ministry of Health, Social Security, and International Business",Public Health Authority,GD,Grenada (OECS),Latin America and Caribbean,Upper middle income
879,2021-05-04,2021-10-27,https://www.facebook.com/Sochog/posts/3456137707819827,Official social media post,,,,,,Permitted,,,"Pfizer/BioNTech Comirnaty|Sinovac CoronaVac",Sociedad Chilena de Obstetricia y Ginecología,Professional Society,CL,Chile,Latin America and Caribbean,High income
165,2021-05-04,2021-05-11,https://www.folkhalsomyndigheten.se/smittskydd-beredskap/utbrott/aktuella-utbrott/covid-19/vaccination-mot-covid-19/for-personal-inom-vard-och-omsorg/for-personal-inom-halso--och-sjukvard/Vagledning-och-fordjupad-information-om-vaccination-mot-covid-19/,Guidance statement,,Permitted,,,,Permitted with qualifications,"Elevated risk of serious disease (underlying condition, co-morbidity, age)|Advises administration in 2nd and 3rd trimester",Not required,"Pfizer/BioNTech Comirnaty|Moderna COVID-19 vaccine",Public Health Agency,Public Health Authority,SE,Sweden,Europe and Central Asia,High income
232,2021-05-04,2021-05-26,https://www.health.gov.ws/,Government website,,Not recommended,,,,Not recommended,,,,Ministry of Health,Public Health Authority,WS,Samoa,East Asia and Pacific,Upper middle income
1200,2021-05-04,2022-01-25,https://www.caymancompass.com/2021/05/04/pregnant-women-now-encouraged-to-get-vaccinated/,Media article,,Recommended for some or all,,,,Recommended for some or all,,,"Pfizer/BioNTech Comirnaty|Moderna COVID-19 vaccine|Oxford-AstraZeneca Vaxzevria, Covishield",Cayman Islands Government,Public Health Authority,KY,Cayman Islands,Latin America and Caribbean,High income
168,2021-05-04,2021-05-11,https://www.slovenskoproticovidu.sk/sk/vsetko-o-ockovani/ockovaci-proces/10-v-akych-pripadoch-by-som-sa-nemal-ockovat,FAQ,,Not recommended but with exceptions,"Lactating people SHOULD consult provider / ""talk to provider""",,,Not recommended but with exceptions,"Elevated risk of exposure (occupational, housing)|Elevated risk of serious disease (underlying condition, co-morbidity, age)",,"Pfizer/BioNTech Comirnaty|Moderna COVID-19 vaccine",Ministry of Health,Public Health Authority,SK,Slovak Republic,Europe and Central Asia,High income
121,,2021-05-04,http://www.santetunisie.rns.tn/fr/,Guidance statement,,No position found,,,,Not recommended,,,,Ministry of Health,Public Health Authority,TN,Tunisia,Middle East and North Africa,Lower middle income
210,2021-05-04,2021-05-25,https://www.facebook.com/mohzambia,Official social media post,,No position found,,,,No position found,,,,Ministry of Health,Public Health Authority,ZM,Zambia,Sub-Saharan Africa,Lower middle income
464,2021-05-05,2021-07-18,https://www.hkcog.org.hk/hkcog/default.aspx,Guidance statement,,Permitted,,,,Recommended for some or all,,Not required,Pfizer/BioNTech Comirnaty,Hong Kong College of Obstetricians and Gynaecologists,Professional Society,HK,"Hong Kong SAR, China",East Asia and Pacific,High income
581,2021-05-05,2021-08-21,https://www.sigo.it/comunicati-covid-19/position-paper-gravidanza-e-vaccinazione-anti-covid/,Guidance statement,,Permitted,,,,Permitted,,,,Società Italiana di Ginecologia e Ostetricia,Professional Society,IT,Italy,Europe and Central Asia,High income
817,2021-05-05,2021-10-17,https://www.mspas.gob.gt/descargas-mspas/category/604-vacunacion-durante-embarazo,Guidance statement,,,,,,Permitted with qualifications,"Advises administration in 2nd and 3rd trimester|Elevated risk of exposure (occupational, housing)|Elevated risk of serious disease (underlying condition, co-morbidity, age)|Provider consultation required",,"Pfizer/BioNTech Comirnaty|Moderna COVID-19 vaccine|Oxford-AstraZeneca Vaxzevria, Covishield",Ministry of Public Health and Social Assistance,Public Health Authority,GT,Guatemala,Latin America and Caribbean,Upper middle income
467,2021-05-05,2021-07-18,https://www.hkcog.org.hk/hkcog/default.aspx,Guidance statement,,Not recommended,,,,Not recommended,,Not required,Sinovac CoronaVac,Hong Kong College of Obstetricians and Gynaecologists,Professional Society,HK,"Hong Kong SAR, China",East Asia and Pacific,High income
300,2021-05-05,2021-06-10,https://www.pio.gov.cy/coronavirus/eng/categories/vaccines-en,FAQ,,Permitted,"Lactating people SHOULD consult provider / ""talk to provider""",,,Permitted,,,,Ministry of Health,Public Health Authority,CY,Cyprus,Europe and Central Asia,High income
523,2021-05-05,2021-08-03,https://www.ginasoc.lv/search?s=vakcin%C4%81cijai,Guidance statement,,Permitted,Lactating people CAN/MAY consult provider,,,Recommended for some or all,"Elevated risk of exposure (occupational, housing)|Elevated risk of serious disease (underlying condition, co-morbidity, age)",Not required,"Pfizer/BioNTech Comirnaty|Moderna COVID-19 vaccine",Latvian Association of Gynecologists and Obstetricians,Professional Society,LV,Latvia,Europe and Central Asia,High income
597,2021-05-05,2021-08-26,https://www.rcpi.ie/faculties/obstetricians-and-gynaecologists/,FAQ,,Permitted,,,,Permitted,Advises administration in 2nd and 3rd trimester,,"Pfizer/BioNTech Comirnaty|Moderna COVID-19 vaccine",Institute of Obstetricians and Gynaecologists of the Royal College of Physicians of Ireland,Professional Society,IE,Ireland,Europe and Central Asia,High income
142,2021-05-06,2021-05-07,https://www2.hse.ie/screening-and-vaccinations/covid-19-vaccine/get-the-vaccine/pregnancy/,Guidance statement,,,,,,Not recommended,,,Johnson & Johnson Janssen COVID-19 vaccine,Health Services Executive,Public Health Authority,IE,Ireland,Europe and Central Asia,High income
143,2021-05-06,2021-05-07,https://www2.hse.ie/screening-and-vaccinations/covid-19-vaccine/get-the-vaccine/breastfeeding/,Guidance statement,,Recommended for some or all,,,,,,,"Pfizer/BioNTech Comirnaty|Moderna COVID-19 vaccine",Health Services Executive,Public Health Authority,IE,Ireland,Europe and Central Asia,High income
144,2021-05-06,2021-05-07,https://www2.hse.ie/screening-and-vaccinations/covid-19-vaccine/get-the-vaccine/breastfeeding/,Guidance statement,,Not recommended but with exceptions,,If received 1st dose with this vaccine,,,,,"Oxford-AstraZeneca Vaxzevria, Covishield",Health Services Executive,Public Health Authority,IE,Ireland,Europe and Central Asia,High income
414,2021-05-06,2021-06-25,https://www.landlaeknir.is/um-embaettid/greinar/grein/item44322/Bolusetning-barnshafandi-kvenna-vid-COVID,Guidance statement,,,,,,Not recommended,,,"Oxford-AstraZeneca Vaxzevria, Covishield|Johnson & Johnson Janssen COVID-19 vaccine",Directorate of Health,Public Health Authority,IS,Iceland,Europe and Central Asia,High income
187,2021-05-06,2021-05-12,https://www.health.govt.nz/our-work/diseases-and-conditions/covid-19-novel-coronavirus/covid-19-vaccines/covid-19-getting-vaccine/covid-19-who-can-get-vaccine#pregnant,Government website,,Permitted,,,,Permitted,,,Pfizer/BioNTech Comirnaty,Ministry of Health,Public Health Authority,"NZ|TK|NU","New Zealand|Tokelau|Niue","East Asia and Pacific|East Asia and Pacific|East Asia and Pacific","High income|Upper middle income|High income"
389,2021-05-06,2021-06-25,https://www.landlaeknir.is/um-embaettid/greinar/grein/item44322/Bolusetning-barnshafandi-kvenna-vid-COVID,Guidance statement,,,,,,Permitted,Advises administration in 2nd and 3rd trimester,,"Pfizer/BioNTech Comirnaty|Moderna COVID-19 vaccine",Directorate of Health,Public Health Authority,IS,Iceland,Europe and Central Asia,High income
140,2021-05-06,2021-05-07,https://www2.hse.ie/screening-and-vaccinations/covid-19-vaccine/get-the-vaccine/pregnancy/,Guidance statement,,Permitted,,,,Permitted,Advises administration in 2nd and 3rd trimester,,"Pfizer/BioNTech Comirnaty|Moderna COVID-19 vaccine",Health Services Executive,Public Health Authority,IE,Ireland,Europe and Central Asia,High income
646,2021-05-06,2021-09-15,http://www.moi.gov.sy/index.php?content=2&article=MzYzNTM=,Press release,,No position found,,,,No position found,,,,Ministry of Health,Public Health Authority,SY,Syria,Middle East and North Africa,Low income
141,2021-05-06,2021-05-07,https://www2.hse.ie/screening-and-vaccinations/covid-19-vaccine/get-the-vaccine/pregnancy/,Guidance statement,,,,,,Not recommended but with exceptions,"Only if received 1st dose with this vaccine|Advises administration in 2nd and 3rd trimester",,"Oxford-AstraZeneca Vaxzevria, Covishield",Health Services Executive,Public Health Authority,IE,Ireland,Europe and Central Asia,High income
275,2021-05-07,2021-06-18,https://www.sozialministerium.at/Corona-Schutzimpfung/Corona-Schutzimpfung---Haeufig-gestellte-Fragen/Corona-Schutzimpfung-%E2%80%93-Haeufig-gestellte-Fragen---Allgemeine-Fragen.html,FAQ,,,,,,Permitted,Advises administration in 2nd and 3rd trimester,Not required,"Pfizer/BioNTech Comirnaty|Moderna COVID-19 vaccine","Federal Ministry Republic of Austria Social Affairs, Health, Care and Consumer Protection",Public Health Authority,AT,Austria,Europe and Central Asia,High income
258,2021-05-07,2021-05-31,https://www.facebook.com/themohgovjm/,Official social media post,,,,,,,,,,Ministry of Health and Wellness,Public Health Authority,JM,Jamaica,Latin America and Caribbean,Upper middle income
208,2021-05-07,2021-05-20,https://www.who.int/publications/i/item/WHO-2019-nCoV-vaccines-SAGE_recommendation-BIBP-2021.1,Guidance statement,,Recommended for some or all,,,,Permitted,,Not recommended,Sinopharm BIBP-CorV,World Health Organization,Public Health Authority,,Global,,
510,2021-05-07,2021-07-25,https://lagd.lt/naujienos/atnaujintas-lagd-kreipimasis/249?fbclid=IwAR0L_YCXXr2LBdAVpZ_mTUM10HGl4Qd9ejwHE73dUyJ34OpYFM2kgsuCBl4,Guidance statement,,Recommended for some or all,,,,Recommended for some or all,"Elevated risk of exposure (occupational, housing)|Elevated risk of serious disease (underlying condition, co-morbidity, age)",,"Moderna COVID-19 vaccine|Pfizer/BioNTech Comirnaty",Lithuanian Association of Obstetricians and Gynecologists,Professional Society,LT,Lithuania,Europe and Central Asia,High income
945,2021-05-07,2021-11-15,https://covid19.gov.ck/vaccination,Fact sheet,,,,,,,,,Pfizer/BioNTech Comirnaty,Ministry of Health,Public Health Authority,CK,Cook Islands,East Asia and Pacific,High income
494,2021-05-07,2021-07-25,https://lagd.lt/naujienos/atnaujintas-lagd-kreipimasis/249?fbclid=IwAR0L_YCXXr2LBdAVpZ_mTUM10HGl4Qd9ejwHE73dUyJ34OpYFM2kgsuCBl4,Guidance statement,,Not recommended but with exceptions,,,,Not recommended but with exceptions,"Elevated risk of exposure (occupational, housing)|Elevated risk of serious disease (underlying condition, co-morbidity, age)",,"Oxford-AstraZeneca Vaxzevria, Covishield|Johnson & Johnson Janssen COVID-19 vaccine",Lithuanian Association of Obstetricians and Gynecologists,Professional Society,LT,Lithuania,Europe and Central Asia,High income
201,2021-05-07,2021-05-13,https://www.sns.gov.pt/vacinacaocovid19/perguntas-frequentes/,FAQ,,Permitted,,,,Permitted with qualifications,Provider consultation required,Not required,"Pfizer/BioNTech Comirnaty|Moderna COVID-19 vaccine|Oxford-AstraZeneca Vaxzevria, Covishield|Johnson & Johnson Janssen COVID-19 vaccine",National Health Service,Public Health Authority,PT,Portugal,Europe and Central Asia,High income
214,2021-05-09,2021-05-25,https://www.gub.uy/ministerio-salud-publica/comunicacion/noticias/preguntasaspectos-tecnicos-vacunas-contra-covid-19-para-profesionales-salud,Guidance statement,,Recommended for some or all,,"Elevated risk of exposure|Elevated risk of serious disease",,Not recommended but with exceptions,"Elevated risk of serious disease (underlying condition, co-morbidity, age)|Elevated risk of exposure (occupational, housing)",,"Pfizer/BioNTech Comirnaty|Oxford-AstraZeneca Vaxzevria, Covishield|Sinovac CoronaVac",Ministry of Public Health,Public Health Authority,UY,Uruguay,Latin America and Caribbean,High income
149,,2021-05-10,https://corona.moh.gov.jo/ar/Coronavirus-Vaccine,FAQ,,Not recommended,,,,Not recommended,,,,Ministry of Health,Public Health Authority,JO,Jordan,Middle East and North Africa,Upper middle income
401,2021-05-10,2021-07-02,https://koronastop.lrv.lt/en/search?query=pregnanto,FAQ,,Permitted with qualifications,Lactating people MUST consult provider,Provider consultation required,,Permitted with qualifications,Provider consultation required,,"Pfizer/BioNTech Comirnaty|Moderna COVID-19 vaccine|Johnson & Johnson Janssen COVID-19 vaccine|Oxford-AstraZeneca Vaxzevria, Covishield",Ministry of Health,Public Health Authority,LT,Lithuania,Europe and Central Asia,High income
151,2021-05-10,2021-05-10,https://www.spkc.gov.lv/lv/visparigi-jautajumi-par-vakcinam,FAQ,,Permitted with qualifications,Lactating people MUST consult provider,"Elevated risk of exposure|Elevated risk of serious disease|Provider consultation required",,Permitted with qualifications,"Provider consultation required|Elevated risk of exposure (occupational, housing)|Elevated risk of serious disease (underlying condition, co-morbidity, age)",,"Pfizer/BioNTech Comirnaty|Moderna COVID-19 vaccine",National Health Service,Public Health Authority,LV,Latvia,Europe and Central Asia,High income
207,2021-05-10,2021-05-20,https://www.who.int/publications/m/item/chadox1-s-recombinant-covid-19-vaccine,Guidance statement,,Recommended for some or all,,,,Permitted with qualifications,"Elevated risk of exposure (occupational, housing)|Elevated risk of serious disease (underlying condition, co-morbidity, age)",Not recommended,"Oxford-AstraZeneca Vaxzevria, Covishield",World Health Organization,Public Health Authority,,Global,,
148,,2021-05-10,https://www.cov19-vaccine.mhlw.go.jp/qa/0027.html,FAQ,,Permitted,Lactating people CAN/MAY consult provider,,,Permitted,,,,"Ministry of Health, Labor, and Welfare",Public Health Authority,JP,Japan,East Asia and Pacific,High income
224,2021-05-11,2021-05-26,https://www.mscbs.gob.es/profesionales/saludPublica/ccayes/alertasActual/nCov/vacunaCovid19.htm,Guidance statement,,Permitted with qualifications,,If received 1st dose with this vaccine,,Permitted with qualifications,Only if received 1st dose with this vaccine,,"Oxford-AstraZeneca Vaxzevria, Covishield",Ministry of Health,Public Health Authority,ES,Spain,Europe and Central Asia,High income
174,2021-05-11,2021-05-12,http://vacunacovid.gob.mx/wordpress/wp-content/uploads/2021/05/GTApp_AstraZeneca_110521.pdf,Guidance statement,,Permitted,,,,Recommended for some or all,,,"Oxford-AstraZeneca Vaxzevria, Covishield",Secretary of Health,Public Health Authority,MX,Mexico,Latin America and Caribbean,Upper middle income
173,2021-05-11,2021-05-12,http://vacunacovid.gob.mx/wordpress/wp-content/uploads/2021/05/11May2021_PNVx_COVID.pdf,Guidance statement,,,,,,Recommended for some or all,Advises administration in 2nd and 3rd trimester,,"Pfizer/BioNTech Comirnaty|Oxford-AstraZeneca Vaxzevria, Covishield|Gamaleya Sputnik V|CanSino Biologics Convidecia|Sinovac CoronaVac",Secretary of Health,Public Health Authority,MX,Mexico,Latin America and Caribbean,Upper middle income
223,2021-05-11,2021-05-26,https://www.mscbs.gob.es/profesionales/saludPublica/ccayes/alertasActual/nCov/vacunaCovid19.htm,Guidance statement,,Permitted,,,,Permitted,,,"Pfizer/BioNTech Comirnaty|Moderna COVID-19 vaccine",Ministry of Health,Public Health Authority,ES,Spain,Europe and Central Asia,High income
176,2021-05-11,2021-05-12,http://vacunacovid.gob.mx/wordpress/wp-content/uploads/2021/05/GTApp_Sinovac_110521.pdf,Guidance statement,,Permitted,,,,Recommended for some or all,,,Sinovac CoronaVac,Secretary of Health,Public Health Authority,MX,Mexico,Latin America and Caribbean,Upper middle income
177,2021-05-11,2021-05-12,http://vacunacovid.gob.mx/wordpress/wp-content/uploads/2021/05/GTApp_SputnikV_110521.pdf,Guidance statement,,Permitted,,,,Recommended for some or all,,,Gamaleya Sputnik V,Secretary of Health,Public Health Authority,MX,Mexico,Latin America and Caribbean,Upper middle income
193,2021-05-11,2021-05-12,https://www.fhi.no/sv/vaksine/koronavaksinasjonsprogrammet/koronavaksine/#vaksinasjon-av-gravide-og-ammende,,,Permitted,,,,Permitted with qualifications,"Elevated risk of exposure (occupational, housing)|Elevated risk of serious disease (underlying condition, co-morbidity, age)|Provider consultation required",,"Pfizer/BioNTech Comirnaty|Moderna COVID-19 vaccine",National Institute of Public Health,Public Health Authority,NO,Norway,Europe and Central Asia,High income
175,2021-05-11,2021-05-12,http://vacunacovid.gob.mx/wordpress/wp-content/uploads/2021/05/GTApp_CanSino_110521.pdf,Guidance statement,,Permitted,,,,Recommended for some or all,,,CanSino Biologics Convidecia,Secretary of Health,Public Health Authority,MX,Mexico,Latin America and Caribbean,Upper middle income
310,2021-05-12,2021-06-11,https://www.has-sante.fr/jcms/p_3266653/fr/avis-n-2021-0032/ac/seesp-du-12-mai-2021-du-college-de-la-haute-autorite-de-sante-relatif-aux-vaccins-a-adenovirus-suite-aux-nouvelles-donnees-disponibles-sur-la-balance-benefice/risque-par-tranche-d-age-dans-le-contexte-francais,Guidance statement,,Not recommended,,,,Not recommended,,,"Oxford-AstraZeneca Vaxzevria, Covishield|Johnson & Johnson Janssen COVID-19 vaccine",High Health Authority (HAS),Public Health Authority,"FR|GF","France|French Guiana","Europe and Central Asia|Latin America and Caribbean","High income|High income"
892,2021-05-12,2021-11-01,https://www.gov.br/saude/pt-br/coronavirus/vacinas/plano-nacional-de-operacionalizacao-da-vacina-contra-a-covid-19/notas-informativas/comunicado-sobre-a-vacinacao-de-gestantes-e-puerperas-para-covid-19-astrazeneca-oxford.pdf/view,Press release,,,,,,Not recommended,,,"Oxford-AstraZeneca Vaxzevria, Covishield",Ministry of Health,Public Health Authority,BR,Brazil,Latin America and Caribbean,Upper middle income
371,2021-05-12,2021-06-22,https://www.ssm.gov.mo/apps1/covid19vaccine/en.aspx#clg18755,FAQ,,Not recommended,,,,Not recommended but with exceptions,"Elevated risk of exposure (occupational, housing)",,"Pfizer/BioNTech Comirnaty|Sinopharm BIBP-CorV|Oxford-AstraZeneca Vaxzevria, Covishield",Center for Disease Control and Prevention,Public Health Authority,MO,"Macao SAR, China",East Asia and Pacific,High income
182,,2021-05-12,https://www.covidodgovor.me/me/cesta-pitanja,FAQ,,Permitted,Lactating people CAN/MAY consult provider,,,Permitted,,,,"Ministry of Health and the Ministry of Public Administration, Digital Society and Media",Public Health Authority,ME,Montenegro,Europe and Central Asia,Upper middle income
839,2021-05-12,2021-10-20,https://www.jsog.or.jp/search.php?query=covid-19&andor=AND&action=results&submit=search,Guidance statement,,Permitted,"Lactating people SHOULD consult provider / ""talk to provider""","Elevated risk of exposure|Elevated risk of serious disease",,Permitted,"Elevated risk of exposure (occupational, housing)|Elevated risk of serious disease (underlying condition, co-morbidity, age)|Advises administration in 2nd and 3rd trimester",,"Pfizer/BioNTech Comirnaty|Moderna COVID-19 vaccine",Japan Society of Obstetrics and Gynecology,Professional Society,JP,Japan,East Asia and Pacific,High income
183,,2021-05-12,https://www.liqahcorona.ma/ar/questions,FAQ,,Not recommended,,,,Not recommended,,Required,,Ministry of Health,Public Health Authority,MA,Morocco,Middle East and North Africa,Lower middle income
218,2021-05-12,2021-05-25,https://www.facebook.com/FMOH.SUDAN/?ref=page_internal,Official social media post,,No position found,,,,No position found,Provider consultation required,,,Ministry of Health,Public Health Authority,SD,Sudan,Sub-Saharan Africa,Low income
172,,2021-05-12,https://coronavirus.gob.mx/vacuna-covid-19-y-embarazo/,FAQ,,No position found,,,,Recommended for some or all,Advises administration in 2nd and 3rd trimester,,"Oxford-AstraZeneca Vaxzevria, Covishield|CanSino Biologics Convidecia|Pfizer/BioNTech Comirnaty|Sinovac CoronaVac|Gamaleya Sputnik V",Secretary of Health,Public Health Authority,MX,Mexico,Latin America and Caribbean,Upper middle income
186,,2021-05-12,https://www.government.nl/topics/coronavirus-covid-19/dutch-vaccination-programme/getting-vaccinated-against-covid-19,Government website,,No position found,,,,Recommended for some or all,,,"Pfizer/BioNTech Comirnaty|Moderna COVID-19 vaccine","Ministry of Health, Welfare, and Sport",Public Health Authority,NL,Netherlands,Europe and Central Asia,High income
483,2021-05-12,2021-07-23,https://www.facebook.com/mohzambia/posts/statement-on-covid-19-in-zambialusaka-wednesday-12th-may-2021our-country-has-off/1906336979540950/,Official social media post,,Permitted,,,,Permitted,,,"Oxford-AstraZeneca Vaxzevria, Covishield|Sinopharm BIBP-CorV",Ministry of Health,Public Health Authority,ZM,Zambia,Sub-Saharan Africa,Lower middle income
185,,2021-05-12,https://covid19.gov.kn/covid-19-vaccination/,FAQ,,Not recommended,,,,Not recommended,,,"Oxford-AstraZeneca Vaxzevria, Covishield","Ministry of Health, Social, and Community Development and Gender Affairs ",Public Health Authority,KN,St. Kitts and Nevis (OECS),Latin America and Caribbean,High income
181,,2021-05-12,https://vaccinocovid.iss.sm/gravidanza-vaccino-anticovid,FAQ,,Permitted,"Lactating people SHOULD consult provider / ""talk to provider""",,,Permitted,,,,Social Security Institute,Public Health Authority,SM,San Marino,Europe and Central Asia,High income
180,,2021-05-12,http://www.health.gov.sc/index.php/covid-19-vaccination-faqs/,FAQ,,Not recommended,,,,Not recommended,,Not required,Sinopharm BIBP-CorV,Ministry of Health,Public Health Authority,SC,Seychelles,Sub-Saharan Africa,High income
194,,2021-05-13,https://www.moh.gov.om/ar/web/department-of-health-education-information/elibrary,Guidance statement,,No position found,,,,Not recommended,,Required,Pfizer/BioNTech Comirnaty,Ministry of Health,Public Health Authority,OM,Oman,Middle East and North Africa,High income
305,2021-05-13,2021-06-11,https://kkk.kriis.ee/en/faq/covid-19-vaccination/vaccination-plan-and-risk-groups,FAQ,,,,,,Permitted with qualifications,"Elevated risk of exposure (occupational, housing)|Elevated risk of serious disease (underlying condition, co-morbidity, age)",,"Pfizer/BioNTech Comirnaty|Moderna COVID-19 vaccine|Oxford-AstraZeneca Vaxzevria, Covishield|Johnson & Johnson Janssen COVID-19 vaccine",Ministry of Social Affairs,Public Health Authority,EE,Estonia,Europe and Central Asia,High income
200,,2021-05-13,https://ncv.kdca.go.kr/menu.es?mid=a10117020000,FAQ,,Recommended for some or all,,,,Not recommended,,Not required,,Korea Disease Control and Prevention Agency,Public Health Authority,KR,"Korea, Rep.",East Asia and Pacific,High income
199,,2021-05-13,https://vaccinare.gov.md/questionsn,FAQ,,Permitted,,Elevated risk of exposure,,Permitted,,,,Ministry of Health,Public Health Authority,MD,Moldova,Europe and Central Asia,Lower middle income
1143,2021-05-13,2022-01-04,http://www.sintmaartengov.org/PressReleases/Pages/VMT-announces-16-17Year-Olds-and-Pregnant-Women-are-now-Eligible-for-the-COVID19-Vaccine.aspx,Press release,,,,,,Permitted,,,Pfizer/BioNTech Comirnaty,Government of Sint Maarten,Public Health Authority,SX,Sint Maarten (Dutch part),Latin America and Caribbean,High income
715,2021-05-13,2021-09-22,https://www.facebook.com/SVGHEALTH/photos/a.460089407384821/4481088741951514/,Official social media post,,No position found,,,,No position found,,,,"Ministry of Health, Wellness, and the Environment",Public Health Authority,VC,St. Vincent and the Grenadines (OECS),Latin America and Caribbean,Upper middle income
189,,2021-05-13,https://www.gov.pl/web/szczepimysie/pytania-i-odpowiedzi,FAQ,,Permitted,"Lactating people SHOULD consult provider / ""talk to provider""","Elevated risk of exposure|Elevated risk of serious disease",,Permitted,,,,Ministry of Health,Public Health Authority,PL,Poland,Europe and Central Asia,High income
195,,2021-05-13,https://www.moh.gov.om/en/web/department-of-health-education-information/elibrary/-/asset_publisher/JTk9NGlVH8we/content/-1-2?inheritRedirect=false&redirect=https%3A%2F%2Fwww.moh.gov.om%2Fen%2Fweb%2Fdepartment-of-health-education-information%2Felibrary%3Fp_p_id%3D101_INSTANCE_JTk9NGlVH8we%26p_p_lifecycle%3D0%26p_p_state%3Dnormal%26p_p_mode%3Dview%26p_p_col_id%3Dcolumn-2%26p_p_col_pos%3D2%26p_p_col_count%3D3,Guidance statement,,,,,,Not recommended,,,"Oxford-AstraZeneca Vaxzevria, Covishield",Ministry of Health,Public Health Authority,OM,Oman,Middle East and North Africa,High income
206,,2021-05-13,http://minsa.b-cdn.net/sites/default/files/general/conociendo_la_vacuna.pdf,Guidance statement,,No position found,,,,Not recommended,,,"Pfizer/BioNTech Comirnaty|Oxford-AstraZeneca Vaxzevria, Covishield|Johnson & Johnson Janssen COVID-19 vaccine",Ministry of Health,Public Health Authority,PA,Panama,Latin America and Caribbean,High income
1027,2021-05-13,2021-11-30,https://covid19.gov.kn/2021/05/13/government-will-continue-to-rely-on-a-comprehensive-safety-and-security-approach-to-combat-the-covid-19-virus-in-st-kitts-and-nevis/,Press release,,Permitted,,,,Not recommended,,,"Oxford-AstraZeneca Vaxzevria, Covishield","Ministry of Health, Social, and Community Development and Gender Affairs ",Public Health Authority,KN,St. Kitts and Nevis (OECS),Latin America and Caribbean,High income
748,2021-05-13,2021-09-27,https://www.covidodgovor.me/me/vijesti/trudnice-do-sada-prijavljivale-iste-nuspojave-kao-i-ostali-primaoci-vakcine,Press release,,Recommended for some or all,,,,Permitted,,,,Institute of Public Health,Public Health Authority,ME,Montenegro,Europe and Central Asia,Upper middle income
190,,2021-05-13,https://covid19.moph.gov.qa/EN/Covid19-Vaccine/Pages/FAQ.aspx,FAQ,,Permitted with qualifications,Lactating people MUST consult provider,Provider consultation required,,Not recommended but with exceptions,Provider consultation required,,"Pfizer/BioNTech Comirnaty|Moderna COVID-19 vaccine",Ministry of Public Health,Public Health Authority,QA,Qatar,Middle East and North Africa,High income
222,2021-05-14,2021-05-25,https://www.vacunacovid.gob.es/preguntas-y-respuestas,FAQ,,Recommended for some or all,,,,Recommended for some or all,,,"Pfizer/BioNTech Comirnaty|Moderna COVID-19 vaccine",Ministry of Health,Public Health Authority,ES,Spain,Europe and Central Asia,High income
211,2021-05-14,2021-05-25,https://www.cdc.gov/vaccines/covid-19/info-by-product/clinical-considerations.html,Guidance statement,,Permitted,,,,Permitted,,Not recommended,"Pfizer/BioNTech Comirnaty|Moderna COVID-19 vaccine|Johnson & Johnson Janssen COVID-19 vaccine",Centers for Disease Control and Prevention,Public Health Authority,"US|VI","United States|Virgin Islands (US)","North America|Latin America and Caribbean","High income|High income"
212,2021-05-14,2021-05-25,https://www.cdc.gov/coronavirus/2019-ncov/vaccines/recommendations/pregnancy.html,Guidance statement,,Permitted,,,,Permitted,,Not recommended,"Pfizer/BioNTech Comirnaty|Moderna COVID-19 vaccine|Johnson & Johnson Janssen COVID-19 vaccine",Centers for Disease Control and Prevention,Public Health Authority,"US|VI","United States|Virgin Islands (US)","North America|Latin America and Caribbean","High income|High income"
293,2021-05-15,2021-06-10,https://www.ispch.cl/isp-covid-19/vacunas-covid-19/,Fact sheet,,Permitted with qualifications,,,,,,,CanSino Biologics Convidecia,"Ministry of Health, Institute of Public Health",Public Health Authority,CL,Chile,Latin America and Caribbean,High income
888,2021-05-15,2021-06-16,https://www.gov.bm/astrazeneca-vaccine,FAQ,,,Lactating people MUST consult provider,Provider consultation required,,,Provider consultation required,,"Oxford-AstraZeneca Vaxzevria, Covishield",Government of Bermuda,Public Health Authority,BM,Bermuda,North America,High income
658,2021-05-17,2021-09-15,https://www.moh.gov.gr/articles/health/dieythynsh-dhmosias-ygieinhs/emboliasmoi/ekpaideytiko-yliko-gia-emboliasmoys-covid19/8253-odhgies-emboliasmoy-enanti-toy-ioy-sars-cov-2,Guidance statement,,Permitted,,,,Permitted,,,"Pfizer/BioNTech Comirnaty|Moderna COVID-19 vaccine",Ministry of Health,Public Health Authority,GR,Greece,Europe and Central Asia,High income
247,2021-05-17,2021-05-31,https://www.government.nl/topics/coronavirus-covid-19/documents/publications/2021/05/14/leaflets-vaccination-pregnancy,Fact sheet,,Permitted,,,,Permitted,,,,"Ministry of Health, Welfare, and Sport",Public Health Authority,NL,Netherlands,Europe and Central Asia,High income
264,2021-05-17,2021-05-31,https://www.landlaeknir.is/um-embaettid/greinar/grein/item43978/Bolusetning-gegn-COVID-19---Algengar-spurningar-og-svor,FAQ,,Permitted,,,,Permitted,,,"Pfizer/BioNTech Comirnaty|Moderna COVID-19 vaccine",Directorate of Health,Public Health Authority,IS,Iceland,Europe and Central Asia,High income
659,2021-05-17,2021-09-15,https://www.moh.gov.gr/articles/health/dieythynsh-dhmosias-ygieinhs/emboliasmoi/ekpaideytiko-yliko-gia-emboliasmoys-covid19/8253-odhgies-emboliasmoy-enanti-toy-ioy-sars-cov-2,Guidance statement,,Permitted,,,,Permitted with qualifications,mRNA vaccine contraindicated or unavailable,,"Oxford-AstraZeneca Vaxzevria, Covishield|Johnson & Johnson Janssen COVID-19 vaccine",Ministry of Health,Public Health Authority,GR,Greece,Europe and Central Asia,High income
333,2021-05-18,2021-06-20,https://gisbarbados.gov.bb/download/covid-19-vaccine-frequently-asked-questions/,FAQ,,No position found,,,,No position found,,,,Government Information Service,Public Health Authority,BB,Barbados,Latin America and Caribbean,High income
227,2021-05-18,2021-05-26,https://www.slovenskoproticovidu.sk/sk/vsetko-o-ockovani/ockovaci-proces/10-v-akych-pripadoch-by-som-sa-nemal-ockovat,FAQ,,Not recommended but with exceptions,Lactating people MUST consult provider,Provider consultation required,,Not recommended but with exceptions,"Provider consultation required|Elevated risk of exposure (occupational, housing)|Elevated risk of serious disease (underlying condition, co-morbidity, age)",,"Pfizer/BioNTech Comirnaty|Moderna COVID-19 vaccine",Ministry of Health,Public Health Authority,SK,Slovak Republic,Europe and Central Asia,High income
1012,2021-05-19,2021-11-29,https://hsog.gr/?m=202105,Guidance statement,,Recommended for some or all,,,,Recommended for some or all,,,"Pfizer/BioNTech Comirnaty|Moderna COVID-19 vaccine",The Hellenic Obstetrical and Gynecological Society,Professional Society,GR,Greece,Europe and Central Asia,High income
280,2021-05-19,2021-06-09,https://www.gov.br/saude/pt-br/coronavirus/vacinas/plano-nacional-de-operacionalizacao-da-vacina-contra-a-covid-19,Guidance statement,,Permitted with qualifications,Lactating people MUST consult provider,"Elevated risk of exposure|Elevated risk of serious disease|Prescription required|Provider consultation required",,Permitted with qualifications,"Provider consultation required|Prescription required|Elevated risk of exposure (occupational, housing)|Elevated risk of serious disease (underlying condition, co-morbidity, age)",Not required,"Pfizer/BioNTech Comirnaty|Sinovac CoronaVac",Ministry of Health,Public Health Authority,BR,Brazil,Latin America and Caribbean,Upper middle income
271,2021-05-19,2021-06-09,https://www.gov.br/saude/pt-br/coronavirus/vacinas/plano-nacional-de-operacionalizacao-da-vacina-contra-a-covid-19,Guidance statement,,Not recommended,Lactating people MUST consult provider,"If received 1st dose with this vaccine|Provider consultation required|Prescription required",,Not recommended,,Not required,"Oxford-AstraZeneca Vaxzevria, Covishield",Ministry of Health,Public Health Authority,BR,Brazil,Latin America and Caribbean,Upper middle income
1013,2021-05-19,2021-11-29,https://hsog.gr/?m=202105,Guidance statement,,Recommended for some or all,,,,Permitted,,,"Johnson & Johnson Janssen COVID-19 vaccine|Oxford-AstraZeneca Vaxzevria, Covishield",The Hellenic Obstetrical and Gynecological Society,Professional Society,GR,Greece,Europe and Central Asia,High income
550,2021-05-19,2021-08-10,https://www.moh.gov.om/en/-56,Guidance statement,,,,,,,,,,Ministry of Health,Public Health Authority,OM,Oman,Middle East and North Africa,High income
427,2021-05-20,2021-07-11,https://kkk.kriis.ee/en/faq/covid-19-vaccination/side-effects,FAQ,,Permitted,,,,,,Not required,,Ministry of Social Affairs,Public Health Authority,EE,Estonia,Europe and Central Asia,High income
255,2021-05-20,2021-05-31,https://www.vmnvd.gov.lv/lv/vakcinacijas-rokasgramata-informativais-materials-vakcinacijas-veicejiem,Guidance statement,,Permitted,,,,Permitted,,Not required,"Pfizer/BioNTech Comirnaty|Moderna COVID-19 vaccine",National Health Service,Public Health Authority,LV,Latvia,Europe and Central Asia,High income
695,2021-05-20,2021-09-22,https://kkk.kriis.ee/en/faq/covid-19-vaccination/vaccination-in-estonia,FAQ,,,,,,Recommended for some or all,,,"Pfizer/BioNTech Comirnaty|Moderna COVID-19 vaccine",Ministry of Social Affairs,Public Health Authority,EE,Estonia,Europe and Central Asia,High income
304,2021-05-20,2021-06-10,https://www.salud.gob.ec/plan-vacunarse-2020-2021/,Guidance statement,,,,,,Not recommended,,,"Pfizer/BioNTech Comirnaty|Oxford-AstraZeneca Vaxzevria, Covishield|Sinovac CoronaVac",Ministry of Public Health,Public Health Authority,EC,Ecuador,Latin America and Caribbean,Upper middle income
321,2021-05-20,2021-06-14,https://www2.hse.ie/screening-and-vaccinations/covid-19-vaccine/get-the-vaccine/breastfeeding/,Guidance statement,,Permitted,,,,,,,,Health Services Executive,Public Health Authority,IE,Ireland,Europe and Central Asia,High income
1097,2021-05-20,2021-12-17,https://covid19.info.gov.pg/astrazeneca-covid-19-vaccine/,FAQ,,Permitted,,,,Permitted with qualifications,"Elevated risk of exposure (occupational, housing)|Elevated risk of serious disease (underlying condition, co-morbidity, age)",,"Oxford-AstraZeneca Vaxzevria, Covishield",Ministry of Health,Public Health Authority,PG,Papua New Guinea,East Asia and Pacific,Lower middle income
689,,2021-05-20,https://montserratvaccination.com/faq,FAQ,,No position found,,,,No position found,,,"Oxford-AstraZeneca Vaxzevria, Covishield",Government of Montserrat,Public Health Authority,MS,Montserrat,Latin America and Caribbean,High income
306,2021-05-20,2021-06-11,https://vaktsineeri.ee/en/covid-19/getting-a-vaccination/tar,Government website,,,,,,Permitted with qualifications,"Elevated risk of exposure (occupational, housing)|Elevated risk of serious disease (underlying condition, co-morbidity, age)",,,Ministry of Social Affairs,Public Health Authority,EE,Estonia,Europe and Central Asia,High income
256,2021-05-20,2021-05-31,https://www.vmnvd.gov.lv/lv/vakcinacijas-rokasgramata-informativais-materials-vakcinacijas-veicejiem,Guidance statement,,,,,,Not recommended,,,"Oxford-AstraZeneca Vaxzevria, Covishield|Johnson & Johnson Janssen COVID-19 vaccine",National Health Service,Public Health Authority,LV,Latvia,Europe and Central Asia,High income
500,2021-05-21,2021-07-26,http://www.rtcog.or.th/home/cpg/1380/,Guidance statement,,Permitted,,,,Permitted,Advises administration in 2nd and 3rd trimester,,"Sinovac CoronaVac|Oxford-AstraZeneca Vaxzevria, Covishield",The Royal Thai College of Obstetricians and Gynaecologists,Professional Society,TH,Thailand,East Asia and Pacific,Upper middle income
277,2021-05-21,2021-06-09,https://www.health.belgium.be/en/report-9622-vaccination-against-covid-19-pregnant-women#article,Guidance statement,,Permitted,,,,Not recommended but with exceptions,Only if received 1st dose with this vaccine,,"Oxford-AstraZeneca Vaxzevria, Covishield",Superior Health Council,Public Health Authority,BE,Belgium,Europe and Central Asia,High income
243,2021-05-21,2021-05-27,https://www.fhi.no/sv/vaksine/koronavaksinasjonsprogrammet/koronavaksine/#vaksinasjon-av-gravide-og-ammende,Government website,,Permitted,,,,Permitted with qualifications,"Provider consultation required|Elevated risk of serious disease (underlying condition, co-morbidity, age)|Elevated risk of exposure (occupational, housing)",,"Pfizer/BioNTech Comirnaty|Moderna COVID-19 vaccine",National Institute of Public Health,Public Health Authority,NO,Norway,Europe and Central Asia,High income
362,2021-05-21,2021-06-22,https://www.argentina.gob.ar/coronavirus/vacuna/preguntas-frecuentes#24,FAQ,,Permitted with qualifications,,"Elevated risk of serious disease|Elevated risk of exposure",,Permitted with qualifications,"Elevated risk of exposure (occupational, housing)|Elevated risk of serious disease (underlying condition, co-morbidity, age)",,"Oxford-AstraZeneca Vaxzevria, Covishield|Gamaleya Sputnik V|Johnson & Johnson Janssen COVID-19 vaccine|Sinopharm BIBP-CorV|Pfizer/BioNTech Comirnaty|Moderna COVID-19 vaccine",Ministry of Health,Public Health Authority,AR,Argentina,Latin America and Caribbean,Upper middle income
276,2021-05-21,2021-06-09,https://www.health.belgium.be/en/report-9622-vaccination-against-covid-19-pregnant-women#article,Guidance statement,,Permitted,,,,Recommended for some or all,,,"Moderna COVID-19 vaccine|Pfizer/BioNTech Comirnaty",Superior Health Council,Public Health Authority,BE,Belgium,Europe and Central Asia,High income
749,2021-05-24,2021-09-27,https://twitter.com/MOPHQatar,Official social media post,,Recommended for some or all,,,,Recommended for some or all,,,,Ministry of Public Health,Public Health Authority,QA,Qatar,Middle East and North Africa,High income
1372,2021-05-24,2022-06-12,https://peacekeeping.un.org/en/national-covid-19-vaccination-campaign-officially-launched-central-african-republic ,Media article,,No position found,,,,No position found,,,"Oxford-AstraZeneca Vaxzevria, Covishield",Ministry of Public Health and Population ,Public Health Authority,CF,Central African Republic,Sub-Saharan Africa,Low income
270,2021-05-24,2021-06-04,https://www.who.int/publications/i/item/WHO-2019-nCoV-vaccines-SAGE-recommendation-Sinovac-Coronavac,Guidance statement,,Recommended for some or all,,,,Permitted,,Not recommended,Sinovac CoronaVac,World Health Organization,Public Health Authority,,Global,,
298,2021-05-25,2021-06-10,https://www.ministeriodesalud.go.cr/index.php/centro-de-prensa/noticias/741-noticias-2020/1532-lineamientos-nacionales-para-la-vigilancia-de-la-infeccion-por-coronavirus-2019-ncov,Guidance statement,,Not recommended but with exceptions,"Lactating people SHOULD consult provider / ""talk to provider""",,,Not recommended,,Required,Pfizer/BioNTech Comirnaty,Ministry of Health,Public Health Authority,CR,Costa Rica,Latin America and Caribbean,Upper middle income
602,2021-05-25,2021-08-27,https://www.sogc.org/en/-COVID-19/en/content/COVID-19/COVID-19.aspx?hkey=4e808c0d-555f-4714-8a4a-348b547dc268,Guidance statement,,Recommended for some or all,"Lactating people SHOULD consult provider / ""talk to provider""",,,Recommended for some or all,,,"Pfizer/BioNTech Comirnaty|Moderna COVID-19 vaccine|Oxford-AstraZeneca Vaxzevria, Covishield|Johnson & Johnson Janssen COVID-19 vaccine",The Society of Obstetricians and Gynaecologists of Canada,Professional Society,CA,Canada,North America,High income
216,2021-05-25,2021-05-25,https://www.folkhalsomyndigheten.se/nyheter-och-press/nyhetsarkiv/2021/maj/gravida-kan-erbjudas-vaccination-mot-covid-19-i-fas-fyra/,Guidance statement,,,,,,Recommended for some or all,"Elevated risk of exposure (occupational, housing)|Elevated risk of serious disease (underlying condition, co-morbidity, age)|Advises administration in 2nd and 3rd trimester",,"Pfizer/BioNTech Comirnaty|Moderna COVID-19 vaccine",Public Health Agency,Public Health Authority,SE,Sweden,Europe and Central Asia,High income
215,,2021-05-25,https://vaccination.covid19.gov.ua/articles/features,FAQ,,Permitted,,,,Not recommended,,Not recommended,,Ministry of Health,Public Health Authority,UA,Ukraine,Europe and Central Asia,Lower middle income
220,,2021-05-25,https://laatjevaccineren.sr/vaccin/,FAQ,,Permitted,,,,Not recommended but with exceptions,"Provider consultation required|Elevated risk of serious disease (underlying condition, co-morbidity, age)",,"Oxford-AstraZeneca Vaxzevria, Covishield",Ministry of Health,Public Health Authority,SR,Suriname,Latin America and Caribbean,Upper middle income
1257,2021-05-25,2022-02-07,https://governo.gov.ao/ao/noticias/em-24-horas-2/,Press release,,Permitted,,,,,,,,Ministry of Health,Public Health Authority,AO,Angola,Sub-Saharan Africa,Lower middle income
221,,2021-05-25,https://www.hpb.health.gov.lk/en/covid-19,Guidance statement,,Not recommended,,,,Not recommended,,,"Oxford-AstraZeneca Vaxzevria, Covishield",Health Promotion Bureau,Public Health Authority,LK,Sri Lanka,South Asia,Lower middle income
234,,2021-05-26,https://covid19.rosminzdrav.ru/,Government website,,Not recommended,,,,Not recommended,,,"Gamaleya Sputnik V|Vector Institute EpiVacCorona",Ministry of Health,Public Health Authority,RU,Russian Federation,Europe and Central Asia,Upper middle income
233,,2021-05-26,https://rbc.gov.rw/fileadmin/user_upload/annoucement/Factsheet%20covid%2019%20vaccine%20Kinya.pdf,Fact sheet,,No position found,,,,No position found,,,Pfizer/BioNTech Comirnaty,"Ministry of Health, Rwanda Biomedical Centre",Public Health Authority,RW,Rwanda,Sub-Saharan Africa,Low income
226,,2021-05-26,https://www.cepimose.si/cepljenje-proti-covidu-19/pogosta-vprasanja-in-odgovori/,FAQ,,Recommended for some or all,,,,Permitted,,,"Pfizer/BioNTech Comirnaty|Moderna COVID-19 vaccine",Ministry of Health,Public Health Authority,SI,Slovenia,Europe and Central Asia,High income
246,2021-05-26,2021-05-28,https://www.health.govt.nz/our-work/diseases-and-conditions/covid-19-novel-coronavirus/covid-19-vaccines/covid-19-vaccine-advice-specific-groups-and-health-conditions,Government website,,Permitted,,,,Permitted,,,Pfizer/BioNTech Comirnaty,Ministry of Health,Public Health Authority,"NZ|TK|NU","New Zealand|Tokelau|Niue","East Asia and Pacific|East Asia and Pacific|East Asia and Pacific","High income|Upper middle income|High income"
230,,2021-05-26,https://covid19awareness.sa/en/archives/10691nia,Government website,,No position found,,,,No position found,,,,Ministry of Health,Public Health Authority,SA,Saudi Arabia,Middle East and North Africa,High income
262,2021-05-27,2021-05-31,https://www2.hse.ie/screening-and-vaccinations/covid-19-vaccine/get-the-vaccine/pregnancy/,Government website,,,,,,Not recommended,,,Johnson & Johnson Janssen COVID-19 vaccine,Health Services Executive,Public Health Authority,IE,Ireland,Europe and Central Asia,High income
260,2021-05-27,2021-05-31,https://www2.hse.ie/screening-and-vaccinations/covid-19-vaccine/get-the-vaccine/pregnancy/,Government website,,Permitted,,,,Recommended for some or all,Advises administration in 2nd and 3rd trimester,,"Pfizer/BioNTech Comirnaty|Moderna COVID-19 vaccine",Health Services Executive,Public Health Authority,IE,Ireland,Europe and Central Asia,High income
880,2021-05-27,2021-10-27,http://www.spog.org.pe/web/index.php/noticias-spog/591-carta-dirigida-al-ministro-de-salud-pronunciamiento-sobre-vacunacion-para-covid-19-en-gestantes,Guidance statement,,,,,,Recommended for some or all,,,,Sociedad Peruana de Obstetricia y Ginecologia,Professional Society,PE,Peru,Latin America and Caribbean,Upper middle income
309,2021-05-27,2021-06-11,https://thl.fi/en/web/infectious-diseases-and-vaccinations/what-s-new/coronavirus-covid-19-latest-updates/transmission-and-protection-coronavirus/vaccines-and-coronavirus/suitability-of-covid-19-vaccines-for-various-groups,FAQ,,Permitted,,,,Not recommended,,,"Oxford-AstraZeneca Vaxzevria, Covishield",Finish Institute for Health and Welfare,Public Health Authority,FI,Finland,Europe and Central Asia,High income
308,2021-05-27,2021-06-11,https://thl.fi/en/web/infectious-diseases-and-vaccinations/what-s-new/coronavirus-covid-19-latest-updates/transmission-and-protection-coronavirus/vaccines-and-coronavirus/suitability-of-covid-19-vaccines-for-various-groups,FAQ,,Permitted,,,,Permitted with qualifications,"Elevated risk of exposure (occupational, housing)|Elevated risk of serious disease (underlying condition, co-morbidity, age)|Provider consultation required",,"Moderna COVID-19 vaccine|Pfizer/BioNTech Comirnaty",Finish Institute for Health and Welfare,Public Health Authority,FI,Finland,Europe and Central Asia,High income
916,2021-05-27,2021-11-07,http://sogp.org/assets/frontend/uploads/positionpapers/SOGP%20Position%20Statement%20Covid%2019%20Vaccination%20pregnancy-converted.pdf?fbclid=IwAR2SVyGLcfB4NAXiZsr_Wbs54yUaGIeenkmOgRoVINN2HVcw9o_ZZkLf508,Guidance statement,,Recommended for some or all,,,,Recommended for some or all,,Not recommended,,Society of Obstetricians & Gynaecologists of Pakistan,Professional Society,PK,Pakistan,South Asia,Lower middle income
261,2021-05-27,2021-05-31,https://www2.hse.ie/screening-and-vaccinations/covid-19-vaccine/get-the-vaccine/pregnancy/,Government website,,,,,,Not recommended but with exceptions,Only if received 1st dose with this vaccine,,"Oxford-AstraZeneca Vaxzevria, Covishield",Health Services Executive,Public Health Authority,IE,Ireland,Europe and Central Asia,High income
329,2021-05-28,2021-06-17,https://www.bag.admin.ch/bag/en/home/krankheiten/ausbrueche-epidemien-pandemien/aktuelle-ausbrueche-epidemien/novel-cov/impfen.html#-1430125092,Fact sheet,,,,,,Recommended for some or all,"Elevated risk of exposure (occupational, housing)|Elevated risk of serious disease (underlying condition, co-morbidity, age)",,"Pfizer/BioNTech Comirnaty|Moderna COVID-19 vaccine",Federal Office of Public Health,Public Health Authority,CH,Switzerland,Europe and Central Asia,High income
249,2021-05-28,2021-05-31,https://www.rivm.nl/covid-19-vaccinatie/vaccins/zwangerschap,Guidance statement,,,,,,Recommended for some or all,,,"Pfizer/BioNTech Comirnaty|Moderna COVID-19 vaccine",National Institute for Public Health and the Environment,Public Health Authority,NL,Netherlands,Europe and Central Asia,High income
292,2021-05-28,2021-06-10,https://www.canada.ca/en/public-health/services/immunization/national-advisory-committee-on-immunization-naci/recommendations-use-covid-19-vaccines.html,Guidance statement,,Permitted with qualifications,"Lactating people SHOULD consult provider / ""talk to provider""",Elevated risk of serious disease,,Permitted with qualifications,"Elevated risk of serious disease (underlying condition, co-morbidity, age)",,"Oxford-AstraZeneca Vaxzevria, Covishield",Public Health Agency of Canada,Public Health Authority,CA,Canada,North America,High income
444,2021-05-29,2021-07-14,https://www.epid.gov.lk/web/index.php?option=com_content&view=article&id=230&lang=en,Guidance statement,,Permitted,,,,Not recommended,,,Gamaleya Sputnik V,Ministry of Health,Public Health Authority,LK,Sri Lanka,South Asia,Lower middle income
257,,2021-05-31,https://www.coronavirus2020.kz/ru/vaccine2,Government website,,Not recommended,,,,Not recommended,,,Sinopharm BIBP-CorV,Ministry of Health,Public Health Authority,KZ,Kazakhstan,Europe and Central Asia,Upper middle income
253,,2021-05-31,https://www.vaksincovid.gov.my/en/materials/,Fact sheet,,Permitted,"Lactating people SHOULD consult provider / ""talk to provider""","Elevated risk of exposure|Elevated risk of serious disease",,Permitted with qualifications,Advises administration in 2nd and 3rd trimester,,"Pfizer/BioNTech Comirnaty|Moderna COVID-19 vaccine","Ministry of Health of Malaysia and the Ministry of Science, Technology and Innovation",Public Health Authority,MY,Malaysia,East Asia and Pacific,Upper middle income
248,2021-05-31,2021-05-31,https://www.rijksoverheid.nl/onderwerpen/coronavirus-vaccinatie/veiligheid-coronavaccin/zwangerschap-en-coronavaccinatie,Government website,,Permitted,,,,Recommended for some or all,,,"Pfizer/BioNTech Comirnaty|Moderna COVID-19 vaccine","Ministry of Health, Welfare, and Sport",Public Health Authority,NL,Netherlands,Europe and Central Asia,High income
252,,2021-05-31,http://vacunacovid.gob.mx/wordpress/vacuna-covid-19-y-embarazo/,Government website,,,,,,Recommended for some or all,Advises administration in 2nd and 3rd trimester,,"Pfizer/BioNTech Comirnaty|Oxford-AstraZeneca Vaxzevria, Covishield|Gamaleya Sputnik V|CanSino Biologics Convidecia|Sinovac CoronaVac",Secretary of Health,Public Health Authority,MX,Mexico,Latin America and Caribbean,Upper middle income
314,2021-05-31,2021-06-11,https://www.zusammengegencorona.de/impfen/familien/die-corona-schutzimpfung-fuer-schwangere/,FAQ,,Not recommended but with exceptions,Lactating people MUST consult provider,Provider consultation required,,Not recommended but with exceptions,"Provider consultation required|Elevated risk of serious disease (underlying condition, co-morbidity, age)|Elevated risk of exposure (occupational, housing)|Advises administration in 2nd and 3rd trimester",,,Federal Ministry of Health,Public Health Authority,DE,Germany,Europe and Central Asia,High income
981,2021-05-31,2021-11-23,https://www.taog.org.tw/news_contain_page.php?SN=174,Press release,,Recommended for some or all,,,,Recommended for some or all,,,"Moderna COVID-19 vaccine|Pfizer/BioNTech Comirnaty",The Taiwan Association of Obstetrics and Gynecology,Professional Society,TW,Taiwan,East Asia and Pacific,High income
263,,2021-05-31,https://cov19reg.phd.iq/?fbclid=IwAR0vEgAZGYC959qfPxpzuXnvhGH3y3epo1PFXEkeKmJWL-e3eaWBf3KHULg#,Government website,,Not recommended,,,,Not recommended,,,,Ministry of Health,Public Health Authority,IQ,Iraq,Middle East and North Africa,Upper middle income
274,2021-05-31,2021-06-18,https://www.sozialministerium.at/Corona-Schutzimpfung/Corona-Schutzimpfung---Fachinformationen.html,Guidance statement,,Permitted,,,,Permitted,Advises administration in 2nd and 3rd trimester,Not required,"Pfizer/BioNTech Comirnaty|Moderna COVID-19 vaccine|Oxford-AstraZeneca Vaxzevria, Covishield|Johnson & Johnson Janssen COVID-19 vaccine","Federal Ministry Republic of Austria Social Affairs, Health, Care and Consumer Protection",Public Health Authority,AT,Austria,Europe and Central Asia,High income
499,2021-06-01,2021-07-26,https://ddc.moph.go.th/vaccine-covid19/guidelines,Guidance statement,,Permitted,,,,Permitted,Advises administration in 2nd and 3rd trimester,,"Oxford-AstraZeneca Vaxzevria, Covishield|Johnson & Johnson Janssen COVID-19 vaccine","Department of Disease Control, Ministry of Public Health",Public Health Authority,TH,Thailand,East Asia and Pacific,Upper middle income
540,2021-06-01,2021-08-07,https://www.ogss.net/,Guidance statement,,Permitted,"Lactating people SHOULD consult provider / ""talk to provider""",,,Permitted,,,,Obstetrical and Gynaecological Society of Singapore,Professional Society,SG,Singapore,East Asia and Pacific,High income
572,2021-06-01,2021-08-16,https://www.zzjzfbih.ba/informacije-o-cjepivu/,Fact sheet,,,,,,Permitted with qualifications,"Elevated risk of exposure (occupational, housing)|Elevated risk of serious disease (underlying condition, co-morbidity, age)",,Sinopharm BIBP-CorV,Institute for Public Health,Public Health Authority,BA,Bosnia and Herzegovina,Europe and Central Asia,Upper middle income
542,2021-06-01,2021-08-08,https://www.ogss.net/,,,Permitted,"Lactating people SHOULD consult provider / ""talk to provider""",,,Permitted,,,,Obstetrical and Gynaecological Society of Singapore,Professional Society,SG,Singapore,East Asia and Pacific,High income
433,2021-06-01,2021-06-11,https://vaccines.ncdc.ge/faq/,FAQ,,,,,,Not recommended but with exceptions,"Elevated risk of exposure (occupational, housing)|Elevated risk of serious disease (underlying condition, co-morbidity, age)|Provider consultation required",,"Oxford-AstraZeneca Vaxzevria, Covishield",National Centers for Disease Control,Public Health Authority,GE,Georgia,Europe and Central Asia,Upper middle income
432,2021-06-01,2021-06-11,https://vaccines.ncdc.ge/faq/,FAQ,,,,,,Not recommended but with exceptions,"Elevated risk of exposure (occupational, housing)|Elevated risk of serious disease (underlying condition, co-morbidity, age)|Provider consultation required",,Pfizer/BioNTech Comirnaty,National Centers for Disease Control,Public Health Authority,GE,Georgia,Europe and Central Asia,Upper middle income
457,2021-06-02,2021-07-15,https://www.nitag-resource.org/sites/default/files/2021-06/MoM%20NTAGI%20-%20May%2028%2C%202021.pdf,Press release,,Permitted,,,,,,,,Ministry of Health and Family Welfare,Public Health Authority,IN,India,South Asia,Lower middle income
633,2021-06-03,2021-09-11,https://www.cgps.cz/,Guidance statement,,Permitted,,,,Recommended for some or all,"Advises administration in 2nd and 3rd trimester|Elevated risk of exposure (occupational, housing)|Elevated risk of serious disease (underlying condition, co-morbidity, age)",Not required,"Pfizer/BioNTech Comirnaty|Moderna COVID-19 vaccine",Czech Gynecological and Obstetrical Society,Professional Society,CZ,Czech Republic,Europe and Central Asia,High income
465,2021-06-03,2021-07-18,https://www.mzcr.cz/wp-content/uploads/2021/06/Stanovisko-k-o%C4%8Dkov%C3%A1n%C3%AD-proti-onemocn%C4%9Bn%C3%AD-covid-19-u-t%C4%9Bhotn%C3%BDch-a-koj%C3%ADc%C3%ADch-%C5%BEen.pdf,Guidance statement,,Permitted,,,,Permitted,Advises administration in 2nd and 3rd trimester,Not required,,Czech Vaccinological Society of the Czech Medical Society (ČLS)Evangelista Purkyně (JEP) and the Czech Gynecological and Obstetrical Society of the Czech Medical Association,Professional Society,CZ,Czech Republic,Europe and Central Asia,High income
315,2021-06-03,2021-06-13,https://corona.nun.gl/emner/vaccination/tilbud_om_vaccination?sc_lang=da,Government website,,Not recommended,,,,Not recommended,,,"Pfizer/BioNTech Comirnaty|Moderna COVID-19 vaccine",National Board of Health,Public Health Authority,GL,Greenland,Europe and Central Asia,High income
286,2021-06-03,2021-06-10,https://coronavirus.bg/bg/vaccinations/publications/20,Guidance statement,,Permitted with qualifications,"Lactating people SHOULD consult provider / ""talk to provider""",,,Permitted with qualifications,"Elevated risk of exposure (occupational, housing)|Elevated risk of serious disease (underlying condition, co-morbidity, age)",,Pfizer/BioNTech Comirnaty,Unified Government Information Portal,Public Health Authority,BG,Bulgaria,Europe and Central Asia,Upper middle income
463,2021-06-04,2021-07-18,https://www.mzcr.cz/tiskove-centrum-mz/tehotne-a-kojici-zeny-se-mohou-bezpecne-ockovat-proti-onemocneni-covid-19/,Press release,,Permitted,,,,Permitted,Advises administration in 2nd and 3rd trimester,,,Ministry of the Interior,Public Health Authority,CZ,Czech Republic,Europe and Central Asia,High income
375,2021-06-04,2021-06-23,https://www.exploregov.ky/faqs/covid19-vaccine#pregnant,FAQ,,,,,,Permitted,,,"Pfizer/BioNTech Comirnaty|Moderna COVID-19 vaccine",Cayman Islands Government,Public Health Authority,KY,Cayman Islands,Latin America and Caribbean,High income
901,2021-06-04,2021-11-02,https://www.sfog.se/start/information-om-covid-19/,Guidance statement,,Permitted,,,,Recommended for some or all,,,,Swedish Association for Obstetrics and Gynecology (SFOG),Professional Society,SE,Sweden,Europe and Central Asia,High income
688,2021-06-04,2021-06-23,https://www.exploregov.ky/faqs/covid19-vaccine#pregnant,FAQ,,,,,,Permitted with qualifications,mRNA vaccine contraindicated or unavailable,,"Oxford-AstraZeneca Vaxzevria, Covishield",Cayman Islands Government,Public Health Authority,KY,Cayman Islands,Latin America and Caribbean,High income
479,2021-06-04,2021-07-20,https://covid19.public.lu/fr/vaccination/infovaxx.html,FAQ,,,,,,Recommended for some or all,Advises administration in 2nd and 3rd trimester,,"Moderna COVID-19 vaccine|Pfizer/BioNTech Comirnaty",Government,Public Health Authority,LU,Luxembourg,Europe and Central Asia,High income
445,2021-06-06,2021-07-14,https://www.epid.gov.lk/web/index.php?option=com_content&view=article&id=230&lang=en,Guidance statement,,Permitted,,,,Permitted with qualifications,"Elevated risk of serious disease (underlying condition, co-morbidity, age)|Elevated risk of exposure (occupational, housing)|Provider consultation required",,Sinopharm BIBP-CorV,Ministry of Health,Public Health Authority,LK,Sri Lanka,South Asia,Lower middle income
360,2021-06-06,2021-06-22,https://www.facebook.com/Health-Promotions-Vanuatu-1674266679566197/photos/pcb.2989241771402008/2989240874735431/,Official social media post,,No position found,,,,No position found,,,,Ministry of Health,Public Health Authority,VU,Vanuatu,East Asia and Pacific,Lower middle income
486,2021-06-07,2021-07-25,https://www.vacunacovid.gob.es/preguntas-y-respuestas/puedo-vacunarme-si-estoy-embarazada-o-quiero-quedarme-embarazada-y-si-tengo,FAQ,,Recommended for some or all,,,,Recommended for some or all,,,"Pfizer/BioNTech Comirnaty|Moderna COVID-19 vaccine",Ministry of Health,Public Health Authority,ES,Spain,Europe and Central Asia,High income
356,2021-06-07,2021-06-21,https://dhse.gov.sl/wp-content/uploads/2021/06/Key-Messages-COVID-19-Vaccine-V12-1-1.pdf,FAQ,,No position found,,,,Not recommended,,,,Directorate of Health Security and Emergencies,Public Health Authority,SL,Sierra Leone,Sub-Saharan Africa,Low income
334,2021-06-07,2021-06-20,https://www.facebook.com/OFFICIAL.MOHW.BW/photos/a.928167567330306/1955246084622444/,Press release,,,,,,,,,,Ministry of Health,Public Health Authority,BW,Botswana,Sub-Saharan Africa,Upper middle income
302,2021-06-07,2021-06-10,https://www.sst.dk/en/English/Corona-eng/Vaccination-against-COVID-19/Who-should-be-vaccinated,FAQ,,Not recommended but with exceptions,,Elevated risk of serious disease,,Not recommended but with exceptions,"Elevated risk of serious disease (underlying condition, co-morbidity, age)",Required,,Danish Health Authority,Public Health Authority,DK,Denmark,Europe and Central Asia,High income
447,2021-06-07,2021-07-14,https://www.folkhalsomyndigheten.se/the-public-health-agency-of-sweden/communicable-disease-control/covid-19/vaccination-against-covid-19/pregnancy-and-vaccination-against-covid-19/,Guidance statement,,,,,,Recommended for some or all,Advises administration in 2nd and 3rd trimester,,"Pfizer/BioNTech Comirnaty|Moderna COVID-19 vaccine",Public Health Agency,Public Health Authority,SE,Sweden,Europe and Central Asia,High income
406,2021-06-08,2021-07-04,https://minzdrav.gov.ru/news/2021/06/08/16800-soobschenie-press-sluzhby-minzdrava-rossii-o-vaktsinatsii-ot-covid-19,Press release,,,,,,,,,,Ministry of Health,Public Health Authority,RU,Russian Federation,Europe and Central Asia,Upper middle income
1177,2021-06-08,2022-01-17,https://www.vacunate.gov.py/index-documentos-tecnicos.html,Guidance statement,,Permitted,,,,Permitted with qualifications,"Elevated risk of exposure (occupational, housing)|Elevated risk of serious disease (underlying condition, co-morbidity, age)|Advises administration in 2nd and 3rd trimester",,Moderna COVID-19 vaccine,Ministry of Public Health and Social Welfare,Public Health Authority,PY,Paraguay,Latin America and Caribbean,Upper middle income
344,2021-06-08,2021-06-21,https://www.service-public.pf/dsp/covid-19/professionnels-sante-covid-19/#vaccination-covid,Consent form/screening checklist,,Not recommended,,,,Not recommended,,,Johnson & Johnson Janssen COVID-19 vaccine,Health Administration,Public Health Authority,PF,French Polynesia,East Asia and Pacific,High income
307,2021-06-08,2021-06-11,http://www.health.gov.fj/covid-vaccine/vaccine-faqs/,FAQ,,Permitted,,,,Permitted with qualifications,"Elevated risk of exposure (occupational, housing)|Elevated risk of serious disease (underlying condition, co-morbidity, age)",,"Oxford-AstraZeneca Vaxzevria, Covishield",Ministry of Health and Medical Services,Public Health Authority,FJ,Fiji,East Asia and Pacific,Upper middle income
740,2021-06-08,2021-09-24,https://www.sst.dk/en/English/Corona-eng/COVID-19-vaccines-in-Denmark/The-vaccine-from-AstraZeneca,Guidance statement,,Not recommended,,,,Not recommended,,,"Oxford-AstraZeneca Vaxzevria, Covishield",Danish Health Authority,Public Health Authority,DK,Denmark,Europe and Central Asia,High income
343,2021-06-08,2021-06-21,https://www.service-public.pf/dsp/covid-19/professionnels-sante-covid-19/#vaccination-covid,Consent form/screening checklist,,Permitted,,,,Permitted,Advises administration in 2nd and 3rd trimester,,Pfizer/BioNTech Comirnaty,Health Administration,Public Health Authority,PF,French Polynesia,East Asia and Pacific,High income
378,2021-06-09,2021-06-14,https://www.health.govt.nz/our-work/diseases-and-conditions/covid-19-novel-coronavirus/covid-19-vaccines/covid-19-vaccine-advice-specific-groups-and-health-conditions#pregnant,Government website,,Permitted,,,,Recommended for some or all,,,Pfizer/BioNTech Comirnaty,Ministry of Health,Public Health Authority,"NZ|TK|NU","New Zealand|Tokelau|Niue","East Asia and Pacific|East Asia and Pacific|East Asia and Pacific","High income|Upper middle income|High income"
319,2021-06-09,2021-06-14,https://www.cdc.gov/coronavirus/2019-ncov/vaccines/recommendations/pregnancy.html,Guidance statement,,Permitted,,,,Permitted,,Not recommended,"Pfizer/BioNTech Comirnaty|Moderna COVID-19 vaccine|Johnson & Johnson Janssen COVID-19 vaccine",Centers for Disease Control and Prevention,Public Health Authority,"US|VI","United States|Virgin Islands (US)","North America|Latin America and Caribbean","High income|High income"
323,2021-06-09,2021-06-14,https://www.health.gov.au/news/joint-statement-between-ranzcog-and-atagi-about-covid-19-vaccination-for-pregnant-women,Press release,,,,,,Recommended for some or all,,,Pfizer/BioNTech Comirnaty,"Australian Government Department of Health|The Royal Australian and New Zealand College of Obstetricians and Gynaecologists (RANZCOG)","Public Health Authority|Professional Society","AU|AU|NZ","Australia|Australia|New Zealand","East Asia and Pacific|East Asia and Pacific|East Asia and Pacific","High income|High income|High income"
1256,2021-06-09,2022-02-07,https://ranzcog.edu.au/statements-guidelines/covid-19-statement/covid-19-vaccination-information,Guidance statement,,No position found,,,,Recommended for some or all,,,Pfizer/BioNTech Comirnaty,The Royal Australian and New Zealand College of Obstetricians and Gynaecologists (RANZCOG),Professional Society,"AU|NZ","Australia|New Zealand","East Asia and Pacific|East Asia and Pacific","High income|High income"
448,2021-06-10,2021-07-14,https://bancos.salud.gob.ar/recurso/lineamientos-tecnicos-resumen-de-recomendaciones-vigentes-para-la-campana-nacional-de,Guidance statement,,Permitted with qualifications,Lactating people MUST consult provider,"Provider consultation required|Prescription required",,Permitted with qualifications,"Provider consultation required|Prescription required",Not recommended,"Pfizer/BioNTech Comirnaty|Gamaleya Sputnik V",Ministry of Health,Public Health Authority,AR,Argentina,Latin America and Caribbean,Upper middle income
449,2021-06-10,2021-07-14,https://bancos.salud.gob.ar/recurso/lineamientos-tecnicos-resumen-de-recomendaciones-vigentes-para-la-campana-nacional-de,Guidance statement,,Permitted with qualifications,Lactating people MUST consult provider,"Provider consultation required|Prescription required",,Not recommended but with exceptions,"Provider consultation required|Prescription required",Not recommended,"Oxford-AstraZeneca Vaxzevria, Covishield",Ministry of Health,Public Health Authority,AR,Argentina,Latin America and Caribbean,Upper middle income
460,2021-06-10,2021-07-18,http://minzdrav.gov.by/ru/dlya-spetsialistov/rekomendatsii-po-vaktsinatsii-protiv-covid-19.php?sphrase_id=324486,FAQ,,,,,,,,,,Ministry of Health,Public Health Authority,BY,Belarus,Europe and Central Asia,Upper middle income
328,2021-06-10,2021-06-17,https://www.bag.admin.ch/bag/en/home/krankheiten/ausbrueche-epidemien-pandemien/aktuelle-ausbrueche-epidemien/novel-cov/impfen.html#-1430125092,FAQ,,,,,,Recommended for some or all,"Elevated risk of exposure (occupational, housing)|Elevated risk of serious disease (underlying condition, co-morbidity, age)",,"Pfizer/BioNTech Comirnaty|Moderna COVID-19 vaccine",Federal Office of Public Health,Public Health Authority,CH,Switzerland,Europe and Central Asia,High income
303,,2021-06-10,https://vacunate.gob.do/,FAQ,,Permitted,Lactating people CAN/MAY consult provider,,,Permitted with qualifications,Provider consultation required,,"Oxford-AstraZeneca Vaxzevria, Covishield|Sinopharm BIBP-CorV|Sinovac CoronaVac",Ministry of Public Health,Public Health Authority,DO,Dominican Republic,Latin America and Caribbean,Upper middle income
390,2021-06-11,2021-06-25,https://www.slovenskoproticovidu.sk/sk/vsetko-o-ockovani/ockovaci-proces/10-v-akych-pripadoch-by-som-sa-nemal-ockovat,FAQ,,Permitted,,,,Permitted,,,,Ministry of Health,Public Health Authority,SK,Slovak Republic,Europe and Central Asia,High income
452,2021-06-11,2021-07-14,https://www.gob.pe/institucion/minsa/informes-publicaciones/1961820-protocolo-para-la-vacunacion-de-gestantes,Guidance statement,,No position found,,,,Recommended for some or all,Advises administration in 2nd and 3rd trimester,,,Ministry of Health,Public Health Authority,PE,Peru,Latin America and Caribbean,Upper middle income
744,2021-06-11,2021-09-24,https://covid.gov.cz/en/situations/information-about-vaccine/details-about-astrazeneca-vaccine-vaxzevria,FAQ,,Not recommended,,,,Not recommended,,,"Oxford-AstraZeneca Vaxzevria, Covishield",Ministry of the Interior,Public Health Authority,CZ,Czech Republic,Europe and Central Asia,High income
590,2021-06-11,2021-08-24,https://www.gob.pe/institucion/minsa/noticias/499995-vacunacion-prioritaria-de-personas-con-mas-de-28-semanas-de-gestacion-comunicado-n-568,Press release,,,,,,Recommended for some or all,Advises administration in 2nd and 3rd trimester,,,Ministry of Health,Public Health Authority,PE,Peru,Latin America and Caribbean,Upper middle income
746,2021-06-11,2021-09-24,https://www.salute.gov.it/portale/nuovocoronavirus/dettaglioFaqNuovoCoronavirus.jsp?lingua=italiano&id=255,FAQ,,Not recommended,,,,Not recommended,,,"Oxford-AstraZeneca Vaxzevria, Covishield",Ministry of Health,Public Health Authority,IT,Italy,Europe and Central Asia,High income
313,,2021-06-11,https://vaccines.ncdc.ge/faq/,FAQ,,,,,,Not recommended but with exceptions,"Elevated risk of exposure (occupational, housing)|Elevated risk of serious disease (underlying condition, co-morbidity, age)",,"Oxford-AstraZeneca Vaxzevria, Covishield",National Centers for Disease Control,Public Health Authority,GE,Georgia,Europe and Central Asia,Upper middle income
312,,2021-06-11,https://vaccines.ncdc.ge/faq/,FAQ,,,,,,Not recommended but with exceptions,"Elevated risk of exposure (occupational, housing)|Elevated risk of serious disease (underlying condition, co-morbidity, age)",,Pfizer/BioNTech Comirnaty,National Centers for Disease Control,Public Health Authority,GE,Georgia,Europe and Central Asia,Upper middle income
320,,2021-06-14,http://vacunacovid.gob.mx/wordpress/vacuna-covid-19-y-embarazo/,FAQ,,Permitted,,,,Recommended for some or all,,,"Pfizer/BioNTech Comirnaty|Oxford-AstraZeneca Vaxzevria, Covishield|CanSino Biologics Convidecia|Sinovac CoronaVac|Gamaleya Sputnik V",Secretary of Health,Public Health Authority,MX,Mexico,Latin America and Caribbean,Upper middle income
733,2021-06-14,2021-09-22,https://doh.gov.ph/vaccines/resources-healthcare-providers,Fact sheet,,Not recommended,,,,Not recommended,,,Gamaleya Sputnik V,Department of Health,Public Health Authority,PH,Philippines,East Asia and Pacific,Lower middle income
325,2021-06-15,2021-06-15,https://www.who.int/publications/i/item/interim-recommendations-for-use-of-the-moderna-mrna-1273-vaccine-against-covid-19,Guidance statement,,Recommended for some or all,,,,Permitted,,Not recommended,Moderna COVID-19 vaccine,World Health Organization,Public Health Authority,,Global,,
756,2021-06-15,2021-09-28,https://www.salud.gob.ec/documentos-normativos-covid-19-ecuador/,Guidance statement,,Recommended for some or all,,,,Permitted with qualifications,"Advises administration in 2nd and 3rd trimester|Prescription required|Elevated risk of serious disease (underlying condition, co-morbidity, age)",,"Pfizer/BioNTech Comirnaty|Oxford-AstraZeneca Vaxzevria, Covishield|Sinovac CoronaVac",Ministry of Public Health,Public Health Authority,EC,Ecuador,Latin America and Caribbean,Upper middle income
326,2021-06-15,2021-06-15,https://www.who.int/publications/i/item/WHO-2019-nCoV-vaccines-SAGE-recommendation-Ad26.COV2.S-2021.1,Guidance statement,,Recommended for some or all,,,,Permitted with qualifications,"Elevated risk of exposure (occupational, housing)|Elevated risk of serious disease (underlying condition, co-morbidity, age)",Not recommended,Johnson & Johnson Janssen COVID-19 vaccine,World Health Organization,Public Health Authority,,Global,,
861,,2021-06-15,http://www.sogiba.org.ar/index.php/cep/covid-19/665-las-5-preguntas-covid-de-todos-los-dias,FAQ,,,,,,Recommended for some or all,"Elevated risk of serious disease (underlying condition, co-morbidity, age)",,,Sociedad de Obstetricia y Ginecologia de Bs. As.,Professional Society,AR,Argentina,Latin America and Caribbean,Upper middle income
384,2021-06-15,2021-06-23,https://ncoc.gov.pk/sop/vac/20210615%20Guidelines%20for%20AstraZeneca%20Vaccine_7104.pdf,Guidance statement,,Not recommended but with exceptions,,,,Not recommended but with exceptions,Provider consultation required,,"Oxford-AstraZeneca Vaxzevria, Covishield",Ministry of National Health Services Regulation and Coordination,Public Health Authority,PK,Pakistan,South Asia,Lower middle income
601,2021-06-15,2021-08-27,https://sego.es/info_covid-19,Guidance statement,,Permitted,"Lactating people SHOULD consult provider / ""talk to provider""",,,Permitted with qualifications,"Advises administration in 2nd and 3rd trimester|Elevated risk of serious disease (underlying condition, co-morbidity, age)|Elevated risk of exposure (occupational, housing)",,"Pfizer/BioNTech Comirnaty|Moderna COVID-19 vaccine",Sociedad Espanõla de Ginecología y Obstetricia,Professional Society,ES,Spain,Europe and Central Asia,High income
405,2021-06-15,2021-07-04,https://covid19.mc/en/fight-against-coronavirus/vaccination/,FAQ,,No position found,,,,Permitted with qualifications,Prescription required,,Pfizer/BioNTech Comirnaty,Government,Public Health Authority,MC,Monaco,Europe and Central Asia,High income
324,2021-06-15,2021-06-15,https://www.who.int/publications/i/item/WHO-2019-nCoV-vaccines-SAGE_recommendation-BNT162b2-2021.1,Guidance statement,,Recommended for some or all,,,,Permitted,,Not recommended,Pfizer/BioNTech Comirnaty,World Health Organization,Public Health Authority,,Global,,
322,2021-06-16,2021-06-29,https://www.health.govt.nz/our-work/diseases-and-conditions/covid-19-novel-coronavirus/covid-19-vaccines/covid-19-vaccine-advice-specific-groups-and-health-conditions#pregnant,Government website,,Permitted,,,,Recommended for some or all,,,Pfizer/BioNTech Comirnaty,Ministry of Health,Public Health Authority,"NZ|TK|NU","New Zealand|Tokelau|Niue","East Asia and Pacific|East Asia and Pacific|East Asia and Pacific","High income|Upper middle income|High income"
386,2021-06-16,2021-06-23,https://ncoc.gov.pk/sop/vac/20210616%20Guidelines%20for%20Pakvac%20Vaccine_7401.pdf,Guidance statement,,Not recommended,,,,Not recommended,,,CanSinoBio PakVac,Ministry of National Health Services Regulation and Coordination,Public Health Authority,PK,Pakistan,South Asia,Lower middle income
461,2021-06-17,2021-07-18,https://www.aifa.gov.it/web/guest/domande-e-risposte-su-vaccini-covid-19,Guidance statement,,Permitted,"Lactating people SHOULD consult provider / ""talk to provider""",,,Permitted,,,,Italian Medicines Agency,Regulatory Body,IT,Italy,Europe and Central Asia,High income
372,2021-06-17,2021-06-22,https://www.ssm.gov.mo/docs/18897/18897_5e42698ba9c84b28922850298d708515_000.pdf,Guidance statement,,,,,,Not recommended but with exceptions,,,,Center for Disease Control and Prevention,Public Health Authority,MO,"Macao SAR, China",East Asia and Pacific,High income
453,2021-06-17,2021-07-14,https://www.gub.uy/ministerio-salud-publica/comunicacion/noticias/ministerio-salud-publica-reitera-embarazadas-recomendacion-vacunarse-contra,Press release,,,,,,Recommended for some or all,,,Pfizer/BioNTech Comirnaty,Ministry of Public Health,Public Health Authority,UY,Uruguay,Latin America and Caribbean,High income
412,2021-06-17,2021-06-10,https://www.canada.ca/en/public-health/services/immunization/national-advisory-committee-on-immunization-naci/recommendations-use-covid-19-vaccines.html,Guidance statement,,Permitted with qualifications,"Lactating people SHOULD consult provider / ""talk to provider""",Elevated risk of serious disease,,Permitted with qualifications,"Elevated risk of serious disease (underlying condition, co-morbidity, age)",,"Oxford-AstraZeneca Vaxzevria, Covishield",Public Health Agency of Canada,Public Health Authority,CA,Canada,North America,High income
291,2021-06-17,2021-06-10,https://www.canada.ca/en/public-health/services/immunization/national-advisory-committee-on-immunization-naci/recommendations-use-covid-19-vaccines.html,Guidance statement,,Recommended for some or all,"Lactating people SHOULD consult provider / ""talk to provider""",,,Recommended for some or all,,,"Pfizer/BioNTech Comirnaty|Moderna COVID-19 vaccine",Public Health Agency of Canada,Public Health Authority,CA,Canada,North America,High income
450,2021-06-17,2021-07-14,https://www.health.gov.au/resources/publications/covid-19-vaccination-shared-decision-making-guide-for-women-who-are-pregnant-breastfeeding-or-planning-pregnancy,Guidance statement,,Recommended for some or all,,,,Recommended for some or all,,Not required,Pfizer/BioNTech Comirnaty,Australian Government Department of Health,Public Health Authority,AU,Australia,East Asia and Pacific,High income
451,2021-06-17,2021-07-14,https://www.health.gov.au/resources/publications/covid-19-vaccination-shared-decision-making-guide-for-women-who-are-pregnant-breastfeeding-or-planning-pregnancy,Guidance statement,,Not recommended,,,,Not recommended,,Not required,"Oxford-AstraZeneca Vaxzevria, Covishield",Australian Government Department of Health,Public Health Authority,AU,Australia,East Asia and Pacific,High income
507,2021-06-17,2021-07-27,http://armvaccine.am/am/covid-vaccine,FAQ,,,,,,Permitted with qualifications,"Elevated risk of exposure (occupational, housing)|Elevated risk of serious disease (underlying condition, co-morbidity, age)",,,"National Center for Disease Control (NCDC), Ministry of Health",Public Health Authority,AM,Armenia,Europe and Central Asia,Upper middle income
332,,2021-06-18,https://opm.gov.bs/vaccine/covid-19-vaccines-faqs/,FAQ,,No position found,,,,No position found,,,,Office of the Prime Minister,Public Health Authority,BS,"Bahamas, The",Latin America and Caribbean,High income
429,2021-06-18,2021-07-12,https://koronavirus.gov.hu/sites/default/files/sites/default/files/imce/kerdes-_valasz_a_pfizer-biontech_vakcinarol__0.pdf,FAQ,,Permitted,,"Elevated risk of serious disease|Elevated risk of exposure",,Permitted,,,Pfizer/BioNTech Comirnaty,National Public Health Center,Public Health Authority,HU,Hungary,Europe and Central Asia,High income
474,2021-06-18,2021-07-20,https://www.ssm.gov.mo/apps1/covid19vaccine/en.aspx#clg18755,FAQ,,Not recommended but with exceptions,,Elevated risk of exposure,,Not recommended but with exceptions,"Elevated risk of exposure (occupational, housing)",,,Center for Disease Control and Prevention,Public Health Authority,MO,"Macao SAR, China",East Asia and Pacific,High income
385,2021-06-20,2021-06-23,https://ncoc.gov.pk/sop/vac/20210620%20Guidelines%20Pfizer-BioNTech%20Vaccine_7302.pdf,Guidance statement,,Permitted with qualifications,,Elevated risk of serious disease,,Permitted with qualifications,"Elevated risk of serious disease (underlying condition, co-morbidity, age)",,Pfizer/BioNTech Comirnaty,Ministry of National Health Services Regulation and Coordination,Public Health Authority,PK,Pakistan,South Asia,Lower middle income
387,2021-06-20,2021-06-23,https://ncoc.gov.pk/sop/vac/20210620%20Guidelines%20for%20Sinopharm%20Vaccine%20_5705.pdf,Guidance statement,,Recommended for some or all,,,,Recommended for some or all,,,Sinopharm BIBP-CorV,Ministry of National Health Services Regulation and Coordination,Public Health Authority,PK,Pakistan,South Asia,Lower middle income
506,2021-06-20,2021-07-27,https://www.presidence.dj/texte.php?ID=2021-143&ID2=2021-06-20&ID3=D%E9cret&ID4=12&ID5=2021-06-30&ID6=n,Guidance statement,,Not recommended,,,,Not recommended,,,,Government,Public Health Authority,DJ,Djibouti,Middle East and North Africa,Lower middle income
345,,2021-06-21,https://www.vaccinatecnmi.com/covid-19/faqs/,FAQ,,Permitted,,,,Permitted,,,"Pfizer/BioNTech Comirnaty|Moderna COVID-19 vaccine|Johnson & Johnson Janssen COVID-19 vaccine",Commonwealth Healthcare Corporation,Public Health Authority,MP,Northern Mariana Islands,East Asia and Pacific,High income
341,,2021-06-21,https://bakuna.cw/meest-gestelde-vragen/,FAQ,,Permitted,,,,Not recommended but with exceptions,"Elevated risk of serious disease (underlying condition, co-morbidity, age)|Provider consultation required",,"Pfizer/BioNTech Comirnaty|Moderna COVID-19 vaccine",Government of Curacao,Public Health Authority,CW,Curacao,Latin America and Caribbean,High income
348,,2021-06-21,https://www.gov.je/Health/Coronavirus/Vaccine/Pages/COVID19VaccineInformation.aspx#anchor-5,Fact sheet,,Not recommended but with exceptions,Lactating people MUST consult provider,"Elevated risk of exposure|Elevated risk of serious disease|Provider consultation required",,Not recommended but with exceptions,"Provider consultation required|Elevated risk of exposure (occupational, housing)|Elevated risk of serious disease (underlying condition, co-morbidity, age)",,,Government of Jersey,Public Health Authority,,Channel Islands,Europe and Central Asia,High income
340,,2021-06-21,https://www.arubacovid19.org/vacuna-faq-en,FAQ,,No position found,,,,Permitted with qualifications,Provider consultation required,,"Pfizer/BioNTech Comirnaty|Moderna COVID-19 vaccine",Department of Public Health,Public Health Authority,AW,Aruba,Latin America and Caribbean,High income
349,,2021-06-21,http://dphss.guam.gov/covid-19-vaccinations/,Consent form/screening checklist,,Permitted,,,,Permitted,,,"Pfizer/BioNTech Comirnaty|Moderna COVID-19 vaccine",Department of Public Health and Social Services,Public Health Authority,GU,Guam,East Asia and Pacific,High income
592,2021-06-22,2021-08-26,https://www.cdc.gov.tw/En/Bulletin/Detail/I4B7jdERBn3f0TvhIeKNBA?typeid=158,Press release,,,,,,Permitted,,,Moderna COVID-19 vaccine,Centers for Disease Control,Public Health Authority,TW,Taiwan,East Asia and Pacific,High income
439,2021-06-22,2021-07-14,https://pogi.or.id/publish/wp-content/uploads/2021/06/Revisi-Rekomendasi-POGI-utk-Bumil-dengan-Covid-19-.pdf,Guidance statement,,,,,,Recommended for some or all,"Elevated risk of exposure (occupational, housing)|Elevated risk of serious disease (underlying condition, co-morbidity, age)",,,Indonesian Society of Obstetrics and Gynecology,Professional Society,ID,Indonesia,East Asia and Pacific,Upper middle income
391,2021-06-22,2021-06-26,https://www.fhi.no/en/id/vaccines/coronavirus-immunisation-programme/who-will-get-coronavirus-vaccine-first/,FAQ,,Permitted,,,,Permitted with qualifications,"Elevated risk of serious disease (underlying condition, co-morbidity, age)",,,National Institute of Public Health,Public Health Authority,NO,Norway,Europe and Central Asia,High income
361,,2021-06-22,https://coronavirus.uz/ru/lists/view/1948,Government website,,,,,,,,,,Ministry of Health,Public Health Authority,UZ,Uzbekistan,Europe and Central Asia,Lower middle income
364,,2021-06-22,https://www.facebook.com/mohtonga,FAQ,,No position found,,,,Permitted with qualifications,"Elevated risk of exposure (occupational, housing)",,"Oxford-AstraZeneca Vaxzevria, Covishield",Ministry of Health,Public Health Authority,TO,Tonga,East Asia and Pacific,Upper middle income
370,2021-06-22,2021-06-22,https://www.covidvaccine.gov.hk/en/faq,FAQ,,Not recommended,,,,Not recommended,,,Sinovac CoronaVac,"Centre for Health Protection, Department of Health",Public Health Authority,HK,"Hong Kong SAR, China",East Asia and Pacific,High income
369,2021-06-22,2021-06-22,https://www.covidvaccine.gov.hk/en/faq,FAQ,,Recommended for some or all,"Lactating people SHOULD consult provider / ""talk to provider""",,,Recommended for some or all,,,Pfizer/BioNTech Comirnaty,"Centre for Health Protection, Department of Health",Public Health Authority,HK,"Hong Kong SAR, China",East Asia and Pacific,High income
1229,2021-06-22,2022-02-01,https://www.facebook.com/page/147796231960582/search/?q=breastfeeding,Official social media post,,Permitted,,,,Permitted,,,Pfizer/BioNTech Comirnaty,Ministry of Health,Public Health Authority,PA,Panama,Latin America and Caribbean,High income
482,2021-06-22,2021-07-23,https://www.minsal.cl/wp-content/uploads/2021/06/Vacunaci%C3%B3n-contra-SARS-CoV-2-de-Mujeres-en-Etapa-de-Lactancia.pdf,Guidance statement,,Permitted,,,,,,,"Pfizer/BioNTech Comirnaty|Sinovac CoronaVac","Ministry of Health, Institute of Public Health",Public Health Authority,CL,Chile,Latin America and Caribbean,High income
365,,2021-06-22,https://www.adb.org/sites/default/files/linked-documents/55007-001-sd-06.pdf,Guidance statement,,No position found,,,,No position found,,,,Ministry of Health,Public Health Authority,MN,Mongolia,East Asia and Pacific,Lower middle income
982,2021-06-22,2021-11-23,https://www.taog.org.tw/news_contain_page.php?SN=185,Fact sheet,,Recommended for some or all,,,,Recommended for some or all,,,Moderna COVID-19 vaccine,The Taiwan Association of Obstetrics and Gynecology,Professional Society,TW,Taiwan,East Asia and Pacific,High income
524,2021-06-23,2021-08-03,https://www.vaksincovid.gov.my/en/materials/,Guidance statement,,Recommended for some or all,Lactating people CAN/MAY consult provider,,,Recommended for some or all,"Advises administration in 2nd and 3rd trimester|Elevated risk of exposure (occupational, housing)|Elevated risk of serious disease (underlying condition, co-morbidity, age)",Not recommended,Pfizer/BioNTech Comirnaty,"Ministry of Health of Malaysia and the Ministry of Science, Technology and Innovation",Public Health Authority,MY,Malaysia,East Asia and Pacific,Upper middle income
615,,2021-06-23,http://www.sintmaartengov.org/government/VSA/Health-Updates/NOVELCORONAVIRUS/Pages/Vaccine.aspx,FAQ,,Permitted,,,,Not recommended,,,"Pfizer/BioNTech Comirnaty|Moderna COVID-19 vaccine",Government of Sint Maarten,Public Health Authority,SX,Sint Maarten (Dutch part),Latin America and Caribbean,High income
383,,2021-06-23,https://www.serviceportal.li/de/privatpersonen/gesundheit-vorsorge-und-pflege/coronavirus/informationen-zur-covid-impfung#,Government website,,No position found,,,,No position found,,,,Liechtenstein State Administration,Public Health Authority,LI,Liechtenstein,Europe and Central Asia,High income
558,2021-06-23,2021-08-03,https://www.vaksincovid.gov.my/en/materials/,Guidance statement,,Permitted,Lactating people CAN/MAY consult provider,,,Permitted with qualifications,"Advises administration in 2nd and 3rd trimester|mRNA vaccine contraindicated or unavailable|Only if received 1st dose with this vaccine",Not recommended,"Oxford-AstraZeneca Vaxzevria, Covishield|Johnson & Johnson Janssen COVID-19 vaccine|CanSino Biologics Convidecia|Sinovac CoronaVac","Ministry of Health of Malaysia and the Ministry of Science, Technology and Innovation",Public Health Authority,MY,Malaysia,East Asia and Pacific,Upper middle income
400,2021-06-23,2021-07-02,https://mohs.gov.sl/index.php/download/sl_-covax-esmf-sierra-leone-final_june-22-2021-updated-docx/,Government website,,No position found,,,,Not recommended,,,,Ministry of Health and Sanitation,Public Health Authority,SL,Sierra Leone,Sub-Saharan Africa,Low income
761,2021-06-24,2021-09-28,http://vacunacovid.gob.mx/wordpress/documentos-de-consulta/,Guidance statement,,Permitted,,,,Recommended for some or all,,,Johnson & Johnson Janssen COVID-19 vaccine,Secretary of Health,Public Health Authority,MX,Mexico,Latin America and Caribbean,Upper middle income
537,2021-06-24,2021-08-07,https://ncoc.gov.pk/covid-vaccination-en.php,Guidance statement,,Permitted with qualifications,,Elevated risk of serious disease,,Permitted with qualifications,"Elevated risk of serious disease (underlying condition, co-morbidity, age)",,Pfizer/BioNTech Comirnaty,Ministry of National Health Services Regulation and Coordination,Public Health Authority,PK,Pakistan,South Asia,Lower middle income
760,2021-06-24,2021-09-28,http://vacunacovid.gob.mx/wordpress/documentos-de-consulta/,Guidance statement,,Permitted,,,,Recommended for some or all,,,"Oxford-AstraZeneca Vaxzevria, Covishield",Secretary of Health,Public Health Authority,MX,Mexico,Latin America and Caribbean,Upper middle income
404,2021-06-24,2021-07-04,https://www.facebook.com/themohgovjm/photos/a.756474764406959/4059961600724909/,Press release,,,,,,,,,,Ministry of Health and Wellness,Public Health Authority,JM,Jamaica,Latin America and Caribbean,Upper middle income
525,2021-06-25,2021-08-03,https://covid-19.moh.gov.my/vaksin-covid-19/panduan/panduan-vaksinasi-untuk-ibu-mengandung-dan-ibu-menyusukan-bayi,Guidance statement,,Permitted,"Lactating people SHOULD consult provider / ""talk to provider""",,,Permitted,Advises administration in 2nd and 3rd trimester,,"Pfizer/BioNTech Comirnaty|Oxford-AstraZeneca Vaxzevria, Covishield|Sinovac CoronaVac","Ministry of Health of Malaysia and the Ministry of Science, Technology and Innovation",Public Health Authority,MY,Malaysia,East Asia and Pacific,Upper middle income
1297,2021-06-26,2022-02-28,https://covid19.ins.gov.mz/vacina-covid-19/,FAQ,,Not recommended,,,,Not recommended,,,"Oxford-AstraZeneca Vaxzevria, Covishield|Sinopharm BIBP-CorV",Ministry of Health,Public Health Authority,MZ,Mozambique,Sub-Saharan Africa,Low income
854,2021-06-27,2021-10-22,https://www.facebook.com/mohguyana/photos/a.1505704143066460/2631844473785749/?type=3&theater,Official social media post,,,,,,Permitted,,,,Ministry of Health,Public Health Authority,GY,Guyana,Latin America and Caribbean,Upper middle income
552,2021-06-28,2021-08-10,http://www.moh.gov.ps/portal/moh-gaza-implements-a-community-campaign-for-covid-19-vaccine/,Press release,,,,,,,,,,Ministry of Health,Public Health Authority,PS,West Bank and Gaza,Middle East and North Africa,Lower middle income
431,2021-06-28,2021-07-12,https://www.coronavirus2020.kz/ru/razreshat-li-beremennym-zhenschinam-stavit-vakcinu-v-kazahstane_a3806130,Press release,,,,,,Not recommended,,,,Ministry of Health,Public Health Authority,KZ,Kazakhstan,Europe and Central Asia,Upper middle income
418,2021-06-29,2021-07-12,https://www.cdc.gov/coronavirus/2019-ncov/vaccines/recommendations/pregnancy.html,Guidance statement,,Permitted,,,,Permitted,,Not recommended,"Pfizer/BioNTech Comirnaty|Moderna COVID-19 vaccine|Johnson & Johnson Janssen COVID-19 vaccine",Centers for Disease Control and Prevention,Public Health Authority,"US|VI","United States|Virgin Islands (US)","North America|Latin America and Caribbean","High income|High income"
392,,2021-06-29,https://www.protegetevacunate.com/mujeres-embarazadas,Guidance statement,,Permitted with qualifications,,Elevated risk of exposure,,Permitted with qualifications,"Elevated risk of exposure (occupational, housing)",Not recommended,"Pfizer/BioNTech Comirnaty|Moderna COVID-19 vaccine",Department of Health,Public Health Authority,PR,Puerto Rico,Latin America and Caribbean,High income
403,2021-06-30,2021-07-04,https://www.facebook.com/OFFICIAL.MOHW.BW/photos/a.459580184189049/1972711179542601/,Press release,,No position found,,,,No position found,,,,Ministry of Health,Public Health Authority,BW,Botswana,Sub-Saharan Africa,Upper middle income
394,,2021-06-30,https://www.cov19-vaccine.mhlw.go.jp/qa/0027.html,FAQ,,Permitted,Lactating people CAN/MAY consult provider,,,Permitted,Advises administration in 2nd and 3rd trimester,,"Pfizer/BioNTech Comirnaty|Moderna COVID-19 vaccine","Ministry of Health, Labor, and Welfare",Public Health Authority,JP,Japan,East Asia and Pacific,High income
393,,2021-06-30,https://vaccinare.gov.md/documents,Guidance statement,,,,,,,,,,Ministry of Health,Public Health Authority,MD,Moldova,Europe and Central Asia,Lower middle income
395,2021-07-01,2021-07-02,https://www.moh.gov.sg/covid-19/vaccination/faqs,FAQ,,Permitted,,,,Permitted,,,"Pfizer/BioNTech Comirnaty|Moderna COVID-19 vaccine",Ministry of Health,Public Health Authority,SG,Singapore,East Asia and Pacific,High income
478,2021-07-01,2021-07-20,https://www2.hse.ie/screening-and-vaccinations/covid-19-vaccine/get-the-vaccine/pregnancy/,Government website,,Permitted,,,,Recommended for some or all,Advises administration in 2nd and 3rd trimester,,"Pfizer/BioNTech Comirnaty|Moderna COVID-19 vaccine",Health Services Executive,Public Health Authority,IE,Ireland,Europe and Central Asia,High income
399,2021-07-02,2021-07-02,https://www.canada.ca/en/public-health/services/immunization/national-advisory-committee-on-immunization-naci/recommendations-use-covid-19-vaccines.html,Guidance statement,,Recommended for some or all,,,,Recommended for some or all,,,"Pfizer/BioNTech Comirnaty|Moderna COVID-19 vaccine",Public Health Agency of Canada,Public Health Authority,CA,Canada,North America,High income
398,2021-07-02,2021-07-02,https://moz.gov.ua/article/health/jaki-e-protipokazannja-do-vakcinacii-vid-covid-19,FAQ,,Not recommended,,,,Permitted with qualifications,"Elevated risk of exposure (occupational, housing)|Elevated risk of serious disease (underlying condition, co-morbidity, age)|Provider consultation required",Not recommended,Sinovac CoronaVac,Ministry of Health,Public Health Authority,UA,Ukraine,Europe and Central Asia,Lower middle income
397,2021-07-02,2021-07-02,https://moz.gov.ua/article/health/jaki-e-protipokazannja-do-vakcinacii-vid-covid-19,FAQ,,Permitted,,,,Permitted with qualifications,"Elevated risk of exposure (occupational, housing)|Elevated risk of serious disease (underlying condition, co-morbidity, age)|Provider consultation required",Not recommended,"Oxford-AstraZeneca Vaxzevria, Covishield",Ministry of Health,Public Health Authority,UA,Ukraine,Europe and Central Asia,Lower middle income
413,2021-07-02,2021-07-02,https://www.canada.ca/content/dam/phac-aspc/documents/services/immunization/national-advisory-committee-on-immunization-naci/recommendations-use-covid-19-vaccines/recommendations-use-covid-19-vaccines-en.pdf,Guidance statement,,Permitted with qualifications,,mRNA vaccine contraindicated or unavailable,,Permitted with qualifications,mRNA vaccine contraindicated or unavailable,,"Oxford-AstraZeneca Vaxzevria, Covishield",Public Health Agency of Canada,Public Health Authority,CA,Canada,North America,High income
416,2021-07-02,2021-07-06,https://www.rivm.nl/covid-19-vaccinatie/vragen-achtergronden/zwangerschap,Guidance statement,,,,,,Recommended for some or all,,,"Pfizer/BioNTech Comirnaty|Moderna COVID-19 vaccine",National Institute for Public Health and the Environment,Public Health Authority,NL,Netherlands,Europe and Central Asia,High income
436,2021-07-02,2021-07-25,https://www.rivm.nl/covid-19-vaccinatie/vragen-achtergronden/zwangerschap,Guidance statement,,Permitted,,,,Recommended for some or all,"Elevated risk of serious disease (underlying condition, co-morbidity, age)",,"Oxford-AstraZeneca Vaxzevria, Covishield",National Institute for Public Health and the Environment,Public Health Authority,NL,Netherlands,Europe and Central Asia,High income
408,2021-07-02,2021-07-06,https://www.mohfw.gov.in/pdf/OperationalGuidanceforCOVID19vaccinationofPregnantWoman.pdf,Guidance statement,,,,,,Permitted,,,"Bharat Biotech Covaxin|Oxford-AstraZeneca Vaxzevria, Covishield|Gamaleya Sputnik V",Ministry of Health and Family Welfare,Public Health Authority,IN,India,South Asia,Lower middle income
396,2021-07-02,2021-07-02,https://moz.gov.ua/article/health/jaki-e-protipokazannja-do-vakcinacii-vid-covid-19,FAQ,,Permitted,,,,Permitted with qualifications,"Elevated risk of exposure (occupational, housing)|Elevated risk of serious disease (underlying condition, co-morbidity, age)|Provider consultation required",Not recommended,Pfizer/BioNTech Comirnaty,Ministry of Health,Public Health Authority,UA,Ukraine,Europe and Central Asia,Lower middle income
529,2021-07-02,2021-08-03,http://www.moh.gov.bn/SitePages/COVID-19%20VACCINE%20HEALTH%20ADVISORY.aspx,Fact sheet,,Recommended for some or all,,"Elevated risk of exposure|Elevated risk of serious disease",,Recommended for some or all,"Elevated risk of exposure (occupational, housing)|Elevated risk of serious disease (underlying condition, co-morbidity, age)",,Moderna COVID-19 vaccine,Ministry of Health,Public Health Authority,BN,Brunei Darussalam,East Asia and Pacific,High income
435,2021-07-02,2021-07-12,https://www.acog.org/clinical/clinical-guidance/practice-advisory/articles/2020/12/covid-19-vaccination-considerations-for-obstetric-gynecologic-care?utm_source=redirect&utm_medium=web&utm_campaign=int,Guidance statement,,Permitted,,,,Permitted,,Not recommended,"Pfizer/BioNTech Comirnaty|Moderna COVID-19 vaccine|Johnson & Johnson Janssen COVID-19 vaccine",American College of Obstetricians and Gynecologists,Professional Society,US,United States,North America,High income
419,2021-07-02,2021-07-10,https://thl.fi/en/web/infectious-diseases-and-vaccinations/what-s-new/coronavirus-covid-19-latest-updates/vaccines-and-coronavirus/suitability-of-covid-19-vaccines-for-various-groups#COVID_vaccine_pregnancy,FAQ,,Permitted,,,,Permitted,,,,Finish Institute for Health and Welfare,Public Health Authority,FI,Finland,Europe and Central Asia,High income
686,2021-07-02,2021-09-21,https://pib.gov.in/PressReleseDetail.aspx?PRID=1756830,Press release,,,,,,Recommended for some or all,,,,Ministry of Health and Family Welfare,Public Health Authority,IN,India,South Asia,Lower middle income
402,,2021-07-04,https://ddc.moph.go.th/vaccine-covid19/pages/%E0%B8%84%E0%B8%B3%E0%B8%96%E0%B8%B2%E0%B8%A1%E0%B8%97%E0%B8%B5%E0%B9%88%E0%B8%9E%E0%B8%9A%E0%B8%9A%E0%B9%88%E0%B8%AD%E0%B8%A2,FAQ,,Permitted,,,,Permitted,Advises administration in 2nd and 3rd trimester,,,"Department of Disease Control, Ministry of Public Health",Public Health Authority,TH,Thailand,East Asia and Pacific,Upper middle income
437,2021-07-05,2021-07-13,https://www.facebook.com/moh.barbados/photos/a.768944336470972/4351702051528498/,Official social media post,,Permitted,,,,Permitted with qualifications,Provider consultation required,,Sinopharm BIBP-CorV,Ministry of Health and Wellness,Public Health Authority,BB,Barbados,Latin America and Caribbean,High income
481,2021-07-05,2021-07-22,https://minzdrav.gov.ru/news/2021/07/06/16936-vypuschena-chetvyortaya-versiya-metodrekomendatsiy-po-organizatsii-medpomoschi-beremennym-i-novorozhdennym-s-covid-19,Guidance statement,,Not recommended,,,,Permitted with qualifications,"Elevated risk of serious disease (underlying condition, co-morbidity, age)|Advises administration in 2nd and 3rd trimester",,Gamaleya Sputnik V,Ministry of Health,Public Health Authority,RU,Russian Federation,Europe and Central Asia,Upper middle income
443,2021-07-05,2021-07-14,https://covid19.mohs.mn/p/cat/post/60/,Press release,,Permitted,,,,No position found,,,,Ministry of Health,Public Health Authority,MN,Mongolia,East Asia and Pacific,Lower middle income
666,2021-07-05,2021-09-16,https://www.ministeriodesalud.go.cr/index.php/centro-de-prensa/noticias/741-noticias-2020/1532-lineamientos-nacionales-para-la-vigilancia-de-la-infeccion-por-coronavirus-2019-ncov#,Guidance statement,,Permitted,,,,Permitted,,,Pfizer/BioNTech Comirnaty,Ministry of Health,Public Health Authority,CR,Costa Rica,Latin America and Caribbean,Upper middle income
415,,2021-07-06,https://www.vacunate.gov.py/index-preguntas-frecuentes.html,FAQ,,,,,,Permitted,Advises administration in 2nd and 3rd trimester,,,Ministry of Public Health and Social Welfare,Public Health Authority,PY,Paraguay,Latin America and Caribbean,Upper middle income
417,2021-07-06,2021-07-08,https://www.ministeriodesalud.go.cr/index.php/centro-de-prensa/noticias/746-noticias-2021/2134-comision-de-vacunacion-trabaja-en-estrategias-de-inmunizacion-contra-covid-19-para-la-posible-apertura-de-grupo-5-a-finales-de-julio,Press release,,,,,,Permitted with qualifications,Provider consultation required,,,Ministry of Health,Public Health Authority,CR,Costa Rica,Latin America and Caribbean,Upper middle income
411,,2021-07-06,https://www.info-coronavirus.be/en/vaccination/,FAQ,,Permitted,,,,Recommended for some or all,,,"Pfizer/BioNTech Comirnaty|Moderna COVID-19 vaccine","Federal Public Service (FPS) Health, Food Chain Safety and Environment",Public Health Authority,BE,Belgium,Europe and Central Asia,High income
1117,2021-07-06,2021-12-27,https://www.ogss.net/,FAQ,,Permitted,,,,Permitted,,,"Pfizer/BioNTech Comirnaty|Moderna COVID-19 vaccine",Obstetrical and Gynaecological Society of Singapore,Professional Society,SG,Singapore,East Asia and Pacific,High income
938,2021-07-07,2021-11-12,https://www.minsalud.gob.bo/5773-ante-riesgo-del-70-de-letalidad-en-mujeres-gestantes-salud-recomienda-vacunacion-contra-la-covid-19,Press release,,Recommended for some or all,,,,Recommended for some or all,,,,Ministry of Health and Sports,Public Health Authority,BO,Bolivia,Latin America and Caribbean,Lower middle income
422,2021-07-07,2021-07-11,http://www.salud.gob.hn/site/index.php/component/edocman/informacion-avances-vacunacion-0707,Press release,,,,,,Not recommended,,,"Pfizer/BioNTech Comirnaty|Moderna COVID-19 vaccine|Gamaleya Sputnik V|Oxford-AstraZeneca Vaxzevria, Covishield",Secretary of Health,Public Health Authority,HN,Honduras,Latin America and Caribbean,Lower middle income
967,2021-07-07,2021-11-20,https://www.crtv.cm/2021/07/covid19-cameroonians-welcome-the-nationwide-vaccination-campaign/,Media article,,Not recommended,,,,Not recommended,,,"Oxford-AstraZeneca Vaxzevria, Covishield|Sinopharm BIBP-CorV",Ministry of Public Health,Public Health Authority,CM,Cameroon,Sub-Saharan Africa,Lower middle income
648,2021-07-07,2021-09-15,https://metbugat.gov.tm/newspaper?id=6457,Guidance statement,,Not recommended,,,,Not recommended,,,,Ministry of Health and Medical Industry,Public Health Authority,TM,Turkmenistan,Europe and Central Asia,Upper middle income
1176,2021-07-08,2022-01-17,https://www.vacunate.gov.py/index-documentos-tecnicos.html,Guidance statement,,Permitted,,,,Permitted with qualifications,"Elevated risk of exposure (occupational, housing)|Elevated risk of serious disease (underlying condition, co-morbidity, age)|Advises administration in 2nd and 3rd trimester",,Pfizer/BioNTech Comirnaty,Ministry of Public Health and Social Welfare,Public Health Authority,PY,Paraguay,Latin America and Caribbean,Upper middle income
476,2021-07-08,2021-07-20,https://ncov.moh.gov.vn/vi/web/guest/-/6847426-5457,Government website,,,,,,Permitted with qualifications,"Elevated risk of exposure (occupational, housing)|Elevated risk of serious disease (underlying condition, co-morbidity, age)|Provider consultation required",,,Ministry of Health,Public Health Authority,VN,Vietnam,East Asia and Pacific,Lower middle income
475,2021-07-08,2021-07-20,http://cdcsonla.gov.vn/ttksb/80/1594/3685/28621/Anh--ap-phich/Truyen-thong-tiem-vac-xin-COVID-19-cho-phu-nu-co-thai--cho-con-bu.aspx,FAQ,,Permitted,,,,Permitted with qualifications,"Elevated risk of exposure (occupational, housing)|Elevated risk of serious disease (underlying condition, co-morbidity, age)|Provider consultation required",,,Center for Disease Control,Regulatory Body,VN,Vietnam,East Asia and Pacific,Lower middle income
549,2021-07-08,2021-08-10,https://www.rki.de/DE/Content/Infekt/EpidBull/Archiv/2021/Ausgaben/27_21.pdf?__blob=publicationFile,Guidance statement,,Permitted,,,,Not recommended but with exceptions,"Advises administration in 2nd and 3rd trimester|Elevated risk of exposure (occupational, housing)|Elevated risk of serious disease (underlying condition, co-morbidity, age)|Provider consultation required",,"Pfizer/BioNTech Comirnaty|Moderna COVID-19 vaccine",Standing Vaccination Commission (STIKO),Public Health Authority,DE,Germany,Europe and Central Asia,High income
775,2021-07-08,2021-10-04,https://khovar.tj/2021/07/covid-19-ba-ajr-az-zan-oi-omila-va-doroi-k-dakoni-shirmak-giriftani-vaksina-ba-shahsoni-az-18-sola-bolo-atm-meboshad/,Press release,,Not recommended,,,,Not recommended,,,"Oxford-AstraZeneca Vaxzevria, Covishield|Sinovac CoronaVac",Ministry of Health and Social Protection,Public Health Authority,TJ,Tajikistan,Europe and Central Asia,Low income
492,2021-07-08,2021-07-25,https://www.vvkt.lt/index.php?189393797,Press release,,Permitted with qualifications,Lactating people MUST consult provider,Provider consultation required,,Permitted with qualifications,Provider consultation required,,,Ministry of Health,Public Health Authority,LT,Lithuania,Europe and Central Asia,High income
458,2021-07-09,2021-07-17,https://gisbarbados.gov.bb/blog/sinopharm-vaccine-to-be-rolled-out-on-tuesday/,Press release,,,,,,Permitted,,,Sinopharm BIBP-CorV,Government Information Service,Public Health Authority,BB,Barbados,Latin America and Caribbean,High income
1277,2021-07-09,2022-02-15,https://www.herald.co.zw/covid-19-vaccines-safe-for-pregnant-women/,Media article,,Permitted,,,,Permitted,,,"Gamaleya Sputnik V|Sinopharm BIBP-CorV|Sinovac CoronaVac|Bharat Biotech Covaxin",Ministry of Health and Child Care,Public Health Authority,ZW,Zimbabwe,Sub-Saharan Africa,Lower middle income
455,2021-07-09,2021-07-14,https://www.fhi.no/nettpub/coronavirus/fakta/rad-for-gravide-og-ammende/,FAQ,,Permitted,,,,Permitted,Advises administration in 2nd and 3rd trimester,,,National Institute of Public Health,Public Health Authority,NO,Norway,Europe and Central Asia,High income
424,,2021-07-11,https://www.eservices.ly/,Government website,,Not recommended,,,,Not recommended,,,,National Center for Disease Control,Public Health Authority,LY,Libya,Middle East and North Africa,Upper middle income
528,2021-07-12,2021-08-03,https://covid-19.moh.gov.my/garis-panduan/garis-panduan-kkm,Guidance statement,,Permitted,,,,Permitted with qualifications,"Only if received 1st dose with this vaccine|mRNA vaccine contraindicated or unavailable",,"Oxford-AstraZeneca Vaxzevria, Covishield","Ministry of Health of Malaysia and the Ministry of Science, Technology and Innovation",Public Health Authority,MY,Malaysia,East Asia and Pacific,Upper middle income
527,2021-07-12,2021-08-03,https://covid-19.moh.gov.my/garis-panduan/garis-panduan-kkm,Guidance statement,,Permitted,,,,Permitted with qualifications,"mRNA vaccine contraindicated or unavailable|Only if received 1st dose with this vaccine",,Sinovac CoronaVac,"Ministry of Health of Malaysia and the Ministry of Science, Technology and Innovation",Public Health Authority,MY,Malaysia,East Asia and Pacific,Upper middle income
480,2021-07-12,2021-07-22,https://www.sozialministerium.at/Corona-Schutzimpfung/Corona-Schutzimpfung---Haeufig-gestellte-Fragen/Corona-Schutzimpfung-%E2%80%93-Haeufig-gestellte-Fragen---Allgemeine-Fragen.html,FAQ,,Permitted,,,,Permitted,Advises administration in 2nd and 3rd trimester,Not required,"Pfizer/BioNTech Comirnaty|Moderna COVID-19 vaccine","Federal Ministry Republic of Austria Social Affairs, Health, Care and Consumer Protection",Public Health Authority,AT,Austria,Europe and Central Asia,High income
852,2021-07-12,2021-10-22,http://www.cngof.fr/patientes/presse/474-communiques-du-cngof,Guidance statement,,Recommended for some or all,,,,Recommended for some or all,,,,College National des Gynecologues et Obstetriciens Francais,Professional Society,FR,France,Europe and Central Asia,High income
526,2021-07-12,2021-08-03,https://covid-19.moh.gov.my/garis-panduan/garis-panduan-kkm,Guidance statement,,Permitted,Lactating people CAN/MAY consult provider,,,Recommended for some or all,Advises administration in 2nd and 3rd trimester,Not recommended,Pfizer/BioNTech Comirnaty,"Ministry of Health of Malaysia and the Ministry of Science, Technology and Innovation",Public Health Authority,MY,Malaysia,East Asia and Pacific,Upper middle income
477,2021-07-12,2021-07-20,https://www.serviceportal.li/de/privatpersonen/gesundheit-vorsorge-und-pflege/coronavirus/informationen-zur-covid-impfung#,FAQ,,Permitted,,,,Permitted,Advises administration in 2nd and 3rd trimester,Not required,,Liechtenstein State Administration,Public Health Authority,LI,Liechtenstein,Europe and Central Asia,High income
420,2021-07-13,2021-07-14,https://www.zusammengegencorona.de/impfen/familien/die-corona-schutzimpfung-fuer-schwangere/,FAQ,,Recommended for some or all,,,,Permitted with qualifications,"Advises administration in 2nd and 3rd trimester|Elevated risk of exposure (occupational, housing)|Elevated risk of serious disease (underlying condition, co-morbidity, age)",,"Pfizer/BioNTech Comirnaty|Moderna COVID-19 vaccine",Federal Ministry of Health,Public Health Authority,DE,Germany,Europe and Central Asia,High income
841,2021-07-13,2021-10-20,http://health.gov.az/tez_tez_verilen_suallar.html,FAQ,,Not recommended,,,,Not recommended,,,,Ministry of Public Health,Public Health Authority,AZ,Azerbaijan,Europe and Central Asia,Upper middle income
505,2021-07-14,2021-07-26,https://www.bda.bg/bg/covid-19,Fact sheet,,Permitted with qualifications,Lactating people MUST consult provider,Provider consultation required,,Permitted with qualifications,Provider consultation required,,Moderna COVID-19 vaccine,Bulgarian Drug Agency,Regulatory Body,BG,Bulgaria,Europe and Central Asia,Upper middle income
446,,2021-07-14,https://www.service-public.pf/dsp/covid-19/vaccination-covid/,FAQ,,,,,,Recommended for some or all,Advises administration in 2nd and 3rd trimester,,Pfizer/BioNTech Comirnaty,Health Administration,Public Health Authority,PF,French Polynesia,East Asia and Pacific,High income
502,2021-07-14,2021-07-26,https://www.bda.bg/bg/covid-19,Fact sheet,,Permitted with qualifications,Lactating people MUST consult provider,Provider consultation required,,Permitted with qualifications,Provider consultation required,,Pfizer/BioNTech Comirnaty,Bulgarian Drug Agency,Regulatory Body,BG,Bulgaria,Europe and Central Asia,Upper middle income
545,2021-07-14,2021-08-10,https://www.mohfw.gov.in/pdf/CounsellingbookletforFLWsEnglish.pdf,Fact sheet,,,,,,Recommended for some or all,,,,Ministry of Health and Family Welfare,Public Health Authority,IN,India,South Asia,Lower middle income
544,2021-07-14,2021-08-10,https://www.mohfw.gov.in/pdf/PostersonvaccinationofpregnantwomenHindi.pdf,Fact sheet,,,,,,Recommended for some or all,,,,Ministry of Health and Family Welfare,Public Health Authority,IN,India,South Asia,Lower middle income
504,2021-07-14,2021-07-26,https://www.bda.bg/bg/covid-19,Fact sheet,,Permitted with qualifications,Lactating people MUST consult provider,Provider consultation required,,Permitted with qualifications,Provider consultation required,,Johnson & Johnson Janssen COVID-19 vaccine,Bulgarian Drug Agency,Regulatory Body,BG,Bulgaria,Europe and Central Asia,Upper middle income
471,2021-07-15,2021-07-20,https://www.moh.go.tz/en/covid-19-info,Guidance statement,,No position found,,,,No position found,,,,"Ministry of Health, Community Development, Gender, Elderly and Children",Public Health Authority,TZ,Tanzania,Sub-Saharan Africa,Lower middle income
498,2021-07-15,2021-07-26,https://www.gov.br/saude/pt-br/coronavirus/publicacoes-tecnicas/guias-e-planos/plano-nacional-de-vacinacao-covid-19/view,Guidance statement,,Not recommended,Lactating people MUST consult provider,,,Not recommended,,Not required,"Oxford-AstraZeneca Vaxzevria, Covishield",Ministry of Health,Public Health Authority,BR,Brazil,Latin America and Caribbean,Upper middle income
969,2021-07-15,2021-11-22,http://health.gov.sr/actueel/2021/suriname-ontvangt-partij-moderna-vaccins/,Press release,,,,,,Recommended for some or all,,,Moderna COVID-19 vaccine,Ministry of Health,Public Health Authority,SR,Suriname,Latin America and Caribbean,Upper middle income
497,2021-07-15,2021-07-26,https://www.gov.br/saude/pt-br/coronavirus/publicacoes-tecnicas/guias-e-planos/plano-nacional-de-vacinacao-covid-19/view,Guidance statement,,Permitted with qualifications,Lactating people MUST consult provider,"Provider consultation required|Prescription required",,Permitted with qualifications,"Provider consultation required|Prescription required",Not required,"Sinovac CoronaVac|Pfizer/BioNTech Comirnaty",Ministry of Health,Public Health Authority,BR,Brazil,Latin America and Caribbean,Upper middle income
1028,2021-07-16,2021-11-30,https://covid19.gov.kn/2021/07/16/the-fight-continues-for-the-unvaccinated-no-discrimination-against-the-unvaccinated-medical-chief-of-staff-dr-wilkinson/,Press release,,,,,,Not recommended,,,"Oxford-AstraZeneca Vaxzevria, Covishield","Ministry of Health, Social, and Community Development and Gender Affairs ",Public Health Authority,KN,St. Kitts and Nevis (OECS),Latin America and Caribbean,High income
485,,2021-07-16,http://www.health.gov.sc/index.php/vaccination-resources/,Fact sheet,,Not recommended,,,,Not recommended,,,Sinopharm BIBP-CorV,Ministry of Health,Public Health Authority,SC,Seychelles,Sub-Saharan Africa,High income
490,2021-07-16,2021-07-25,https://articlesen.covid19awareness.sa/COVID-19-Vaccine-FAQs,FAQ,,,,,,Permitted,,,,Ministry of Health,Public Health Authority,SA,Saudi Arabia,Middle East and North Africa,High income
660,2021-07-17,2021-09-15,,Guidance statement,,No position found,,,,No position found,,,,Ministry of Health,Public Health Authority,SD,Sudan,Sub-Saharan Africa,Low income
1024,2021-07-19,2021-11-29,https://www.facebook.com/mohseychelles/posts/1826260960908360,Official social media post,,Permitted,,,,,,,Sinopharm BIBP-CorV,Ministry of Health,Public Health Authority,SC,Seychelles,Sub-Saharan Africa,High income
612,2021-07-19,2021-08-29,https://niph-rks.org/informata-per-vaksinen-pfizer-bion-tech-kunder-covid-19/,Guidance statement,,Permitted,,,,Permitted with qualifications,"Elevated risk of exposure (occupational, housing)|Elevated risk of serious disease (underlying condition, co-morbidity, age)|Provider consultation required",Not recommended,Pfizer/BioNTech Comirnaty,National Institute of Public Health,Public Health Authority,,Kosovo,Europe and Central Asia,Upper middle income
503,2021-07-19,2021-07-26,https://www.bda.bg/bg/covid-19,Fact sheet,,Permitted with qualifications,Lactating people MUST consult provider,Provider consultation required,,Permitted with qualifications,Provider consultation required,,"Oxford-AstraZeneca Vaxzevria, Covishield",Bulgarian Drug Agency,Regulatory Body,BG,Bulgaria,Europe and Central Asia,Upper middle income
610,2021-07-19,2021-08-29,https://niph-rks.org/vaksinat-dhe-covid-19-pyetje-dhe-pergjigje/,FAQ,,Permitted,,,,Recommended for some or all,"Elevated risk of exposure (occupational, housing)|Elevated risk of serious disease (underlying condition, co-morbidity, age)",Not recommended,,National Institute of Public Health,Public Health Authority,,Kosovo,Europe and Central Asia,Upper middle income
902,2021-07-19,2021-11-02,https://fecolsog.org/uncategorized/balance-riesgo-beneficio-frente-a-la-vacunacion-de-gestantes-para-la-prevencion-de-la-infeccion-por-sars-cov-2-covid-19-2/,Guidance statement,,,,,,Recommended for some or all,,,Pfizer/BioNTech Comirnaty,Federación Colombiana de Obstetricia y Ginecología (FECOLSOG),Professional Society,CO,Colombia,Latin America and Caribbean,Upper middle income
600,2021-07-19,2021-08-27,https://www.nvog.nl/actueel/nvog-en-knov-raden-vaccinatie-met-mrna-vaccin-aan/,Guidance statement,,Permitted,,,,Recommended for some or all,,,"Pfizer/BioNTech Comirnaty|Moderna COVID-19 vaccine",The Dutch Society of Obstetrics and Gynaecology,Professional Society,NL,Netherlands,Europe and Central Asia,High income
651,2021-07-19,2021-09-15,http://jsidog.kenkyuukai.jp/information/information_detail.asp?id=115447,FAQ,,Permitted,,,,Permitted,Advises administration in 2nd and 3rd trimester,,"Pfizer/BioNTech Comirnaty|Moderna COVID-19 vaccine",Japan Society of Obstetrics and Gynecology,Professional Society,JP,Japan,East Asia and Pacific,High income
611,2021-07-19,2021-08-29,https://niph-rks.org/informata-te-rendesishme-per-vaksinen-oxford-astrazeneca-kunder-covid-19/,Guidance statement,,Permitted,,,,Permitted with qualifications,"Elevated risk of exposure (occupational, housing)|Elevated risk of serious disease (underlying condition, co-morbidity, age)|Provider consultation required",Not recommended,"Oxford-AstraZeneca Vaxzevria, Covishield",National Institute of Public Health,Public Health Authority,,Kosovo,Europe and Central Asia,Upper middle income
469,,2021-07-20,http://www.sintmaartengov.org/government/VSA/Health-Updates/NOVELCORONAVIRUS/Pages/Vaccine.aspx,Fact sheet,,,,,,Permitted,,,Pfizer/BioNTech Comirnaty,Government of Sint Maarten,Public Health Authority,SX,Sint Maarten (Dutch part),Latin America and Caribbean,High income
484,2021-07-20,2021-07-23,https://covid19.min-saude.pt/perguntas-frequentes/,FAQ,,Permitted,,,,Permitted,Advises administration in 2nd and 3rd trimester,,"Oxford-AstraZeneca Vaxzevria, Covishield|Pfizer/BioNTech Comirnaty|Moderna COVID-19 vaccine|Johnson & Johnson Janssen COVID-19 vaccine",Director General of Health,Public Health Authority,PT,Portugal,Europe and Central Asia,High income
472,,2021-07-20,https://vaccincorona.sec.gouv.sn/faq.html,FAQ,,No position found,,,,No position found,,,Sinopharm BIBP-CorV,Ministry of Health and Social Action,Public Health Authority,SN,Senegal,Sub-Saharan Africa,Lower middle income
603,2021-07-21,2021-08-28,https://www.dsog.dk/wp/dsog/vaccination-mod-covid-19-til-gravide-og-ammende-kvinder,Guidance statement,,Recommended for some or all,"Lactating people SHOULD consult provider / ""talk to provider""",,,Recommended for some or all,Advises administration in 2nd and 3rd trimester,,"Pfizer/BioNTech Comirnaty|Moderna COVID-19 vaccine",Dansk Selskab for Obstetric og Gynaekologi,Professional Society,DK,Denmark,Europe and Central Asia,High income
533,2021-07-21,2021-08-04,https://koronavirus.gov.hu/letoltheto-tajekoztatok,FAQ,,Permitted,,"Elevated risk of exposure|Elevated risk of serious disease",,Permitted,,,Pfizer/BioNTech Comirnaty,National Public Health Center,Public Health Authority,HU,Hungary,Europe and Central Asia,High income
487,2021-07-22,2021-07-25,https://www.facebook.com/MinSaludCol/photos/a.830385803791186/1956656334497455/,Official social media post,,,,,,Permitted,Advises administration in 2nd and 3rd trimester,,,Ministry of Health,Public Health Authority,CO,Colombia,Latin America and Caribbean,Upper middle income
1037,2021-07-22,2021-12-01,https://moh.gov.mn/news/5184,Press release,,Permitted,,,,Permitted,,,Pfizer/BioNTech Comirnaty,Ministry of Health,Public Health Authority,MN,Mongolia,East Asia and Pacific,Lower middle income
1026,2021-07-22,2021-11-29,https://www.youtube.com/watch?v=glblVPyj1-w,Press release,,Permitted with qualifications,Lactating people MUST consult provider,Provider consultation required,,Permitted with qualifications,Provider consultation required,,Sinopharm BIBP-CorV,Ministry of Health,Public Health Authority,SC,Seychelles,Sub-Saharan Africa,High income
692,2021-07-24,2021-09-21,https://www.facebook.com/MPPSalud/?ref=br_rs,Fact sheet,,Permitted,,,,Recommended for some or all,Advises administration in 2nd and 3rd trimester,,,Ministry of Popular Power for Health,Public Health Authority,VE,Venezuela,Latin America and Caribbean,Upper middle income
512,2021-07-25,2021-07-30,http://www.salud.gob.hn/site/index.php/component/edocman/resumen-vi-campana-de-vacunacion-covid-19-2507,Guidance statement,,,,,,Recommended for some or all,,,"Pfizer/BioNTech Comirnaty|Moderna COVID-19 vaccine",Secretary of Health,Public Health Authority,HN,Honduras,Latin America and Caribbean,Lower middle income
489,,2021-07-25,https://vaccinare.gov.md/permitted-vaccines,Government website,,Permitted,,,,Permitted,,,"Oxford-AstraZeneca Vaxzevria, Covishield",Ministry of Health,Public Health Authority,MD,Moldova,Europe and Central Asia,Lower middle income
488,,2021-07-25,https://vaccinare.gov.md/materials,FAQ,,,,,,Permitted,,,,Ministry of Health,Public Health Authority,MD,Moldova,Europe and Central Asia,Lower middle income
561,2021-07-26,2021-08-12,https://corona.nun.gl/da/vaccination/vaccination-til-gravide-og-ammende/,Government website,,Permitted,,,,Permitted,Advises administration in 2nd and 3rd trimester,,"Pfizer/BioNTech Comirnaty|Moderna COVID-19 vaccine",National Board of Health,Public Health Authority,GL,Greenland,Europe and Central Asia,High income
496,,2021-07-26,https://health.gov.tt/covid-19/covid-19-vaccine/faqs,FAQ,,Permitted,,,,Not recommended but with exceptions,"Provider consultation required|Elevated risk of exposure (occupational, housing)",,Sinopharm BIBP-CorV,Ministry of Health,Public Health Authority,TT,Trinidad and Tobago,Latin America and Caribbean,High income
814,2021-07-26,2021-10-13,https://www.youtube.com/watch?v=aLUgiOWoECQ,Press release,,Permitted,,,,Permitted,,,,Prime Minister's Office/Ministry of Health,Public Health Authority,BT,Bhutan,South Asia,Lower middle income
495,,2021-07-26,https://sacoronavirus.co.za/vaccine-updates/,FAQ,,Recommended for some or all,,,,Recommended for some or all,Advises administration in 2nd and 3rd trimester,,,Department of Health,Public Health Authority,ZA,South Africa,Sub-Saharan Africa,Upper middle income
513,2021-07-27,2021-07-30,https://www.landlaeknir.is/um-embaettid/greinar/grein/item44322/Bolusetning-barnshafandi-kvenna-vid-COVID,Guidance statement,,Permitted,,,,Recommended for some or all,Advises administration in 2nd and 3rd trimester,,"Pfizer/BioNTech Comirnaty|Moderna COVID-19 vaccine",Directorate of Health,Public Health Authority,IS,Iceland,Europe and Central Asia,High income
509,2021-07-27,2021-07-27,https://www.cov19-vaccine.mhlw.go.jp/qa/0086.html,FAQ,,,,,,,,,,"Ministry of Health, Labor, and Welfare",Public Health Authority,JP,Japan,East Asia and Pacific,High income
1020,2021-07-28,2021-11-29,https://twitter.com/mohpnep/status/1420254627799322627,Press release,,Permitted,,,,Permitted with qualifications,"Elevated risk of serious disease (underlying condition, co-morbidity, age)|Provider consultation required",,Johnson & Johnson Janssen COVID-19 vaccine,Ministry of Health and Population,Public Health Authority,NP,Nepal,South Asia,Lower middle income
514,2021-07-28,2021-08-01,https://covid.gov.cz/en/situations/information-about-vaccine/vaccine-indication-selected-cohorts,FAQ,,Permitted,"Lactating people SHOULD consult provider / ""talk to provider""",,,Permitted,Advises administration in 2nd and 3rd trimester,,"Pfizer/BioNTech Comirnaty|Moderna COVID-19 vaccine",Ministry of the Interior,Public Health Authority,CZ,Czech Republic,Europe and Central Asia,High income
532,2021-07-28,2021-08-04,https://mohs.gov.mm/Main/content/annouancement/list?pagenumber=1&pagesize=9,Government website,,,,,,,,,,Ministry of Health and Sports,Public Health Authority,MM,Myanmar,East Asia and Pacific,Lower middle income
758,2021-07-29,2021-09-28,https://www.gov.im/categories/health-and-wellbeing/vaccinations/covid-19-vaccination-programme/covid-19-vaccination-and-pregnancy/,Guidance statement,,Permitted,,,,Not recommended but with exceptions,Only if received 1st dose with this vaccine,,"Oxford-AstraZeneca Vaxzevria, Covishield",Isle of Man Government,Public Health Authority,IM,Isle of Man,Europe and Central Asia,High income
757,2021-07-29,2021-09-28,https://www.gov.im/categories/health-and-wellbeing/vaccinations/covid-19-vaccination-programme/covid-19-vaccination-and-pregnancy/,Guidance statement,,Permitted,,,,Recommended for some or all,,,"Moderna COVID-19 vaccine|Pfizer/BioNTech Comirnaty",Isle of Man Government,Public Health Authority,IM,Isle of Man,Europe and Central Asia,High income
674,2021-07-29,2021-09-19,https://www.bda.bg/bg/covid-19,Fact sheet,,Permitted with qualifications,Lactating people MUST consult provider,Provider consultation required,,Permitted with qualifications,Provider consultation required,,Pfizer/BioNTech Comirnaty,Bulgarian Drug Agency,Regulatory Body,BG,Bulgaria,Europe and Central Asia,Upper middle income
521,2021-07-29,2021-08-03,https://www.vmnvd.gov.lv/lv/vakcinacijas-rokasgramata-informativais-materials-vakcinacijas-veicejiem,Guidance statement,,Permitted,Lactating people CAN/MAY consult provider,,,Permitted,,Not required,"Pfizer/BioNTech Comirnaty|Moderna COVID-19 vaccine",National Health Service,Public Health Authority,LV,Latvia,Europe and Central Asia,High income
511,2021-07-29,2021-07-30,https://thl.fi/en/web/infectious-diseases-and-vaccinations/what-s-new/coronavirus-covid-19-latest-updates/vaccines-and-coronavirus/suitability-of-covid-19-vaccines-for-various-groups#COVID_vaccine_pregnancy,FAQ,,Permitted,,,,Permitted,,,,Finish Institute for Health and Welfare,Public Health Authority,FI,Finland,Europe and Central Asia,High income
517,2021-07-29,2021-08-02,https://assets.publishing.service.gov.uk/government/uploads/system/uploads/attachment_data/file/1007400/PHE_12073_COVID-19_pregnancy_poster.pdf,Fact sheet,,,,,,Recommended for some or all,,,,Public Health England,Public Health Authority,GB,United Kingdom,Europe and Central Asia,High income
551,2021-07-29,2021-08-10,https://moh.gov.mn/news/5197,Press release,,Permitted,,,,Permitted,,,Pfizer/BioNTech Comirnaty,Ministry of Health,Public Health Authority,MN,Mongolia,East Asia and Pacific,Lower middle income
522,2021-07-29,2021-08-03,https://www.vmnvd.gov.lv/lv/vakcinacijas-rokasgramata-informativais-materials-vakcinacijas-veicejiem,Guidance statement,,Permitted,,,,Not recommended,,Not required,"Oxford-AstraZeneca Vaxzevria, Covishield|Johnson & Johnson Janssen COVID-19 vaccine",National Health Service,Public Health Authority,LV,Latvia,Europe and Central Asia,High income
519,2021-07-30,2021-08-02,https://www.health.gov.au/resources/publications/covid-19-vaccination-shared-decision-making-guide-for-women-who-are-pregnant-breastfeeding-or-planning-pregnancy,Guidance statement,,,,,,Not recommended but with exceptions,Only if received 1st dose with this vaccine,Not required,"Oxford-AstraZeneca Vaxzevria, Covishield",Australian Government Department of Health,Public Health Authority,AU,Australia,East Asia and Pacific,High income
713,2021-07-30,2021-09-22,https://www.moh.go.tz/en/press-releases,Press release,,No position found,,,,No position found,,,Johnson & Johnson Janssen COVID-19 vaccine,"Ministry of Health, Community Development, Gender, Elderly and Children",Public Health Authority,TZ,Tanzania,Sub-Saharan Africa,Lower middle income
785,2021-07-30,2021-08-09,https://s3.amazonaws.com/cdn.smfm.org/media/3040/COVID_vaccine__Patients_JULY_29_2021_final.pdf,Guidance statement,,Recommended for some or all,,,,Recommended for some or all,,,"Pfizer/BioNTech Comirnaty|Moderna COVID-19 vaccine|Johnson & Johnson Janssen COVID-19 vaccine",Society for Maternal Fetal Medicine,Professional Society,US,United States,North America,High income
1183,2021-07-30,2022-01-18,https://www.facebook.com/www.progyn.org/,Official social media post,,Recommended for some or all,,,,Recommended for some or all,,,,Puerto Rico Obstetrics and Gynecology,Professional Society,PR,Puerto Rico,Latin America and Caribbean,High income
676,2021-07-30,2021-09-19,https://www.bda.bg/bg/covid-19,Fact sheet,,Permitted with qualifications,Lactating people MUST consult provider,Provider consultation required,,Permitted with qualifications,Provider consultation required,,Moderna COVID-19 vaccine,Bulgarian Drug Agency,Regulatory Body,BG,Bulgaria,Europe and Central Asia,Upper middle income
518,2021-07-30,2021-08-02,https://www.health.gov.au/resources/publications/covid-19-vaccination-shared-decision-making-guide-for-women-who-are-pregnant-breastfeeding-or-planning-pregnancy,Guidance statement,,Recommended for some or all,,,,Recommended for some or all,,Not required,Pfizer/BioNTech Comirnaty,Australian Government Department of Health,Public Health Authority,AU,Australia,East Asia and Pacific,High income
578,2021-07-30,2021-08-20,https://sogr.ro/,Guidance statement,,Permitted,,,,Permitted,,,,Romanian Society of Obstetrics and Gynecology,Professional Society,RO,Romania,Europe and Central Asia,High income
1405,2021-07-30,2022-07-30,https://www.facebook.com/TWCDC/posts/pfbid02cdgVqHWSh15wu2X6LTxMjQjKx1p3E2v82EPeZNhqvPYtgtBCamJmARnkKKx8VLjkl,Official social media post,,Permitted,,,,Permitted,,,,Centers for Disease Control,Public Health Authority,TW,Taiwan,East Asia and Pacific,High income
721,2021-07-30,2021-09-22,https://www.facebook.com/IKSHPK/photos/a.652684794859528/3961792397282068/,Official social media post,,Permitted,,,,Recommended for some or all,"Elevated risk of exposure (occupational, housing)|Elevated risk of serious disease (underlying condition, co-morbidity, age)",Not recommended,,National Institute of Public Health,Public Health Authority,,Kosovo,Europe and Central Asia,Upper middle income
536,2021-07-30,2021-08-05,https://www2.hse.ie/screening-and-vaccinations/covid-19-vaccine/get-the-vaccine/pregnancy/,Government website,,Permitted,,,,Recommended for some or all,Advises administration in 2nd and 3rd trimester,,"Pfizer/BioNTech Comirnaty|Moderna COVID-19 vaccine",Health Services Executive,Public Health Authority,IE,Ireland,Europe and Central Asia,High income
574,2021-07-30,2021-08-19,https://www.who.int/publications/i/item/WHO-2019-nCoV-vaccines-SAGE_recommendation-AZD1222-2021.1,Guidance statement,,Recommended for some or all,,,,Permitted with qualifications,"Elevated risk of exposure (occupational, housing)|Elevated risk of serious disease (underlying condition, co-morbidity, age)",Not recommended,"Oxford-AstraZeneca Vaxzevria, Covishield",World Health Organization,Public Health Authority,,Global,,
515,2021-07-30,2021-08-02,https://www.acog.org/clinical/clinical-guidance/practice-advisory/articles/2020/12/covid-19-vaccination-considerations-for-obstetric-gynecologic-care,Guidance statement,,Recommended for some or all,Lactation consultation NOT required,,,Recommended for some or all,,Not recommended,"Pfizer/BioNTech Comirnaty|Moderna COVID-19 vaccine|Johnson & Johnson Janssen COVID-19 vaccine",American College of Obstetricians and Gynecologists,Professional Society,US,United States,North America,High income
776,2021-07-31,2021-10-04,https://khovar.tj/2021/07/covid-19-dar-borai-vaksinazan-bar-ziddi-siroyati-navi-koronavirus-mo-boyad-chiro-donem/,Press release,,Not recommended,,,,Not recommended,,Not required,"Oxford-AstraZeneca Vaxzevria, Covishield|Sinovac CoronaVac|Moderna COVID-19 vaccine",Ministry of Health and Social Protection,Public Health Authority,TJ,Tajikistan,Europe and Central Asia,Low income
773,2021-08-01,2021-10-04,https://www.unicef.org/armenia/%D5%A6%D5%A5%D5%AF%D5%B8%D6%82%D5%B5%D6%81%D5%B6%D5%A5%D6%80/%D5%AB%D5%9E%D5%B6%D5%B9-%D5%BA%D5%A5%D5%BF%D6%84-%D5%A7-%D5%AB%D5%B4%D5%A1%D5%B6%D5%A1%D5%AC-%D5%B0%D5%A1%D5%B5%D5%A1%D5%BD%D5%BF%D5%A1%D5%B6%D5%B8%D6%82%D5%B4-covid-19-%D5%AB-%D5%A4%D5%A5%D5%B4-%D5%BA%D5%A1%D5%BF%D5%BE%D5%A1%D5%BD%D5%BF%D5%B8%D6%82%D5%B4%D5%B6%D5%A5%D6%80%D5%AB-%D5%B4%D5%A1%D5%BD%D5%AB%D5%B6,FAQ,,Recommended for some or all,,"Elevated risk of serious disease|Elevated risk of exposure",,Permitted with qualifications,"Elevated risk of serious disease (underlying condition, co-morbidity, age)|Provider consultation required",,,"National Center for Disease Control (NCDC), Ministry of Health",Public Health Authority,AM,Armenia,Europe and Central Asia,Upper middle income
811,2021-08-01,2021-10-12,https://www.moh.gov.om/ar/web/department-of-health-education-information/elibrary/-/asset_publisher/JTk9NGlVH8we/content/-1-7?inheritRedirect=false&redirect=https%3A%2F%2Fwww.moh.gov.om%2Far%2Fweb%2Fdepartment-of-health-education-information%2Felibrary%3Fp_p_id%3D101_INSTANCE_JTk9NGlVH8we%26p_p_lifecycle%3D0%26p_p_state%3Dnormal%26p_p_mode%3Dview%26p_p_col_id%3Dcolumn-2%26p_p_col_pos%3D2%26p_p_col_count%3D3,FAQ,,,,,,Permitted,Advises administration in 2nd and 3rd trimester,,,Ministry of Health,Public Health Authority,OM,Oman,Middle East and North Africa,High income
576,2021-08-01,2021-07-26,https://ddc.moph.go.th/vaccine-covid19/guidelines,Guidance statement,,Permitted,,,,Permitted,Advises administration in 2nd and 3rd trimester,,"Pfizer/BioNTech Comirnaty|Moderna COVID-19 vaccine|Oxford-AstraZeneca Vaxzevria, Covishield|Sinovac CoronaVac|Gamaleya Sputnik V|Johnson & Johnson Janssen COVID-19 vaccine|CanSino Biologics Convidecia|Sinopharm BIBP-CorV","Department of Disease Control, Ministry of Public Health",Public Health Authority,TH,Thailand,East Asia and Pacific,Upper middle income
440,2021-08-01,2021-07-14,https://www.moh.gov.om/ar/web/department-of-health-education-information/elibrary,FAQ,,Permitted,,,,Permitted,Advises administration in 2nd and 3rd trimester,,,Ministry of Health,Public Health Authority,OM,Oman,Middle East and North Africa,High income
566,2021-08-01,2021-08-12,https://www.facebook.com/MaltaCollegeofObGyn/,Press release,,Permitted,Lactating people CAN/MAY consult provider,,,Recommended for some or all,Advises administration in 2nd and 3rd trimester,,,Malta College of Obstetricians and Gynaecologists,Professional Society,MT,Malta,Middle East and North Africa,High income
534,2021-08-02,2021-08-04,https://koronavirus.gov.hu/letoltheto-tajekoztatok,FAQ,,Permitted,,"Elevated risk of exposure|Elevated risk of serious disease",,Permitted,,,Moderna COVID-19 vaccine,National Public Health Center,Public Health Authority,HU,Hungary,Europe and Central Asia,High income
698,2021-08-02,2021-09-22,https://www.vvkt.lt/index.php?3932444142,FAQ,,Permitted with qualifications,Lactating people MUST consult provider,Provider consultation required,,Permitted with qualifications,"Provider consultation required|Elevated risk of exposure (occupational, housing)|Elevated risk of serious disease (underlying condition, co-morbidity, age)",,"Pfizer/BioNTech Comirnaty|Moderna COVID-19 vaccine|Oxford-AstraZeneca Vaxzevria, Covishield|Johnson & Johnson Janssen COVID-19 vaccine",Ministry of Health,Public Health Authority,LT,Lithuania,Europe and Central Asia,High income
535,2021-08-02,2021-08-04,https://www.kemkes.go.id/article/view/21080300001/berisiko-tinggi-alami-gejala-berat-kemenkes-izinkan-pemberian-vaksinasi-covid-19-pada-ibu-hamil.html,Press release,,,,,,Recommended for some or all,Advises administration in 2nd and 3rd trimester,,"Pfizer/BioNTech Comirnaty|Moderna COVID-19 vaccine|Sinovac CoronaVac",Ministry of Health,Public Health Authority,ID,Indonesia,East Asia and Pacific,Upper middle income
1064,2021-08-02,2021-12-08,https://salud.msp.gob.cu/mas-de-un-millon-de-habaneros-recibieron-tres-dosis-de-abdala-al-concluir-la-vacunacion/,Press release,,Permitted,,,,Permitted,,,Abdala,Ministry of Public Health,Public Health Authority,CU,Cuba,Latin America and Caribbean,Upper middle income
516,,2021-08-02,https://bakuna.cw/meest-gestelde-vragen/,FAQ,,Permitted,,,,Permitted with qualifications,"Elevated risk of serious disease (underlying condition, co-morbidity, age)",,"Pfizer/BioNTech Comirnaty|Moderna COVID-19 vaccine",Government of Curacao,Public Health Authority,CW,Curacao,Latin America and Caribbean,High income
1364,2021-08-03,2022-05-24,https://www.facebook.com/ministeriodasaude.cv/posts/pfbid031WscTubKmHa2cpPaGzFvEu9J42Bd86macaZZRshm4VYZtNNJqzZQLoULZPdBXu4Rl,Official social media post,,Permitted,,,,Permitted,Advises administration in 2nd and 3rd trimester,,,Government,Public Health Authority,CV,Cabo Verde,Sub-Saharan Africa,Lower middle income
564,2021-08-03,2021-08-12,https://deputyprimeminister.gov.mt/en/health-promotion/covid-19/Pages/vaccines.aspx,FAQ,,Permitted,,,,Recommended for some or all,"Elevated risk of exposure (occupational, housing)|Elevated risk of serious disease (underlying condition, co-morbidity, age)|Advises administration in 2nd and 3rd trimester",,"Pfizer/BioNTech Comirnaty|Moderna COVID-19 vaccine",Ministry of Health,Public Health Authority,MT,Malta,Middle East and North Africa,High income
1159,2021-08-03,2021-08-12,https://deputyprimeminister.gov.mt/en/health-promotion/covid-19/Pages/vaccines.aspx,FAQ,,Permitted,,,,,,,Johnson & Johnson Janssen COVID-19 vaccine,Ministry of Health,Public Health Authority,MT,Malta,Middle East and North Africa,High income
595,2021-08-03,2021-08-26,https://salud.msp.gob.cu/datos-de-interes-sobre-el-protocolo-y-la-vacunacion-contra-la-covid-19-en-cuba/,Press release,,Permitted,,,,Permitted,,,,Ministry of Public Health,Public Health Authority,CU,Cuba,Latin America and Caribbean,Upper middle income
1158,2021-08-03,2021-08-12,https://deputyprimeminister.gov.mt/en/health-promotion/covid-19/Pages/vaccines.aspx,FAQ,,Permitted,,,,Permitted with qualifications,"Advises administration in 2nd and 3rd trimester|Only if received 1st dose with this vaccine",,"Oxford-AstraZeneca Vaxzevria, Covishield",Ministry of Health,Public Health Authority,MT,Malta,Middle East and North Africa,High income
1232,2021-08-03,2022-02-06,https://www.sanidad.gob.es/profesionales/saludPublica/prevPromocion/vacunaciones/covid19/vacunasCovid19.htm,Guidance statement,,Recommended for some or all,,,,Recommended for some or all,,,"Pfizer/BioNTech Comirnaty|Moderna COVID-19 vaccine",Ministry of Health,Public Health Authority,ES,Spain,Europe and Central Asia,High income
538,2021-08-04,2021-08-07,https://ncoc.gov.pk/covid-vaccination-en.php,Guidance statement,,Permitted,,,,Permitted,,,Moderna COVID-19 vaccine,Ministry of National Health Services Regulation and Coordination,Public Health Authority,PK,Pakistan,South Asia,Lower middle income
855,2021-08-05,2021-10-24,https://www.facebook.com/photo/?fbid=792232671449738&set=a.147401944250814,Official social media post,,Permitted,,,,Permitted,,,Sinopharm BIBP-CorV,Ministry of Health,Public Health Authority,NA,Namibia,Sub-Saharan Africa,Upper middle income
752,2021-08-05,2021-09-27,https://twitter.com/Ministere_Sante/status/1423343930649755650,Official social media post,,Permitted,,,,Permitted,Advises administration in 2nd and 3rd trimester,,,Ministry of Health,Public Health Authority,MA,Morocco,Middle East and North Africa,Lower middle income
565,2021-08-05,2021-08-12,https://www.facebook.com/MaltaCollegeofObGyn/,Official social media post,,,,,,Permitted,Advises administration in 2nd and 3rd trimester,,,"Malta College of Obstetricians and Gynaecologists|Ministry of Health","Professional Society|Public Health Authority","MT|MT","Malta|Malta","Middle East and North Africa|Middle East and North Africa","High income|High income"
546,2021-08-05,2021-08-10,https://www.health.govt.nz/our-work/diseases-and-conditions/covid-19-novel-coronavirus/covid-19-vaccines/covid-19-getting-vaccine/covid-19-pregnancy-and-breastfeeding-vaccine-advice,Guidance statement,,Permitted,,,,Recommended for some or all,,,Pfizer/BioNTech Comirnaty,Ministry of Health,Public Health Authority,"NZ|TK|NU","New Zealand|Tokelau|Niue","East Asia and Pacific|East Asia and Pacific|East Asia and Pacific","High income|Upper middle income|High income"
650,2021-08-05,2021-09-15,https://www.facebook.com/info.mhms.gov.ki/,Official social media post,,No position found,,,,No position found,,,,Ministry of Health and Medical Services,Public Health Authority,KI,Kiribati,East Asia and Pacific,Lower middle income
1259,2021-08-06,2022-02-07,https://ranzcog.edu.au/statements-guidelines/covid-19-statement/covid-19-vaccination-information,Guidance statement,,Recommended for some or all,,,,Recommended for some or all,,,Pfizer/BioNTech Comirnaty,The Royal Australian and New Zealand College of Obstetricians and Gynaecologists (RANZCOG),Professional Society,"AU|NZ","Australia|New Zealand","East Asia and Pacific|East Asia and Pacific","High income|High income"
737,2021-08-06,2021-08-12,,Press release,,No position found,,,,Permitted with qualifications,"Elevated risk of exposure (occupational, housing)|Elevated risk of serious disease (underlying condition, co-morbidity, age)",,Johnson & Johnson Janssen COVID-19 vaccine,Ministry of Health,Public Health Authority,BF,Burkina Faso,Sub-Saharan Africa,Low income
577,2021-08-06,2021-08-20,https://www.lagd.lt/naujienos/lagd-pozicija/262,Guidance statement,,Recommended for some or all,,,,Recommended for some or all,,,"Pfizer/BioNTech Comirnaty|Moderna COVID-19 vaccine",Lithuanian Association of Obstetricians and Gynecologists,Professional Society,LT,Lithuania,Europe and Central Asia,High income
541,2021-08-06,2021-08-07,https://www.sst.dk/en/English/Corona-eng/Vaccination-against-COVID-19/Who-should-be-vaccinated/Pregnant-and-breastfeeding,FAQ,,Recommended for some or all,Lactating people CAN/MAY consult provider,,,Recommended for some or all,Advises administration in 2nd and 3rd trimester,,"Pfizer/BioNTech Comirnaty|Moderna COVID-19 vaccine",Danish Health Authority,Public Health Authority,DK,Denmark,Europe and Central Asia,High income
1261,2021-08-06,2022-02-07,https://ranzcog.edu.au/statements-guidelines/covid-19-statement/covid-19-vaccination-information,Guidance statement,,,,,,Permitted with qualifications,Only if received 1st dose with this vaccine,,"Oxford-AstraZeneca Vaxzevria, Covishield",The Royal Australian and New Zealand College of Obstetricians and Gynaecologists (RANZCOG),Professional Society,"AU|NZ","Australia|New Zealand","East Asia and Pacific|East Asia and Pacific","High income|High income"
539,,2021-08-07,https://ncoc.gov.pk/covid-vaccination-en.php,FAQ,,Permitted,,,,Permitted,,,,Ministry of National Health Services Regulation and Coordination,Public Health Authority,PK,Pakistan,South Asia,Lower middle income
593,2021-08-08,2021-08-26,,Guidance statement,,Permitted,,,,Permitted with qualifications,Provider consultation required,,,Ministry of Health and Family Welfare,Public Health Authority,BD,Bangladesh,South Asia,Lower middle income
594,2021-08-08,2021-08-26,,Consent form/screening checklist,,Permitted,,,,Permitted with qualifications,Provider consultation required,,,Ministry of Health and Family Welfare,Public Health Authority,BD,Bangladesh,South Asia,Lower middle income
543,,2021-08-08,https://vaccination.covid19.gov.ua/,Government website,,Not recommended,,,,Not recommended,,,Sinovac CoronaVac,Ministry of Health,Public Health Authority,UA,Ukraine,Europe and Central Asia,Lower middle income
900,2021-08-09,2021-11-02,https://sasog.co.za/happy-national-womens-day-for-9-august/,Press release,,Recommended for some or all,"Lactating people SHOULD consult provider / ""talk to provider""",,,Recommended for some or all,Advises administration in 2nd and 3rd trimester,,,South African Society of Obstetricians and Gynaecologists,Professional Society,ZA,South Africa,Sub-Saharan Africa,Upper middle income
555,2021-08-09,2021-08-11,https://www.facebook.com/santegouvsenegal/photos/a.1689133324659898/2923115574594994/,Press release,,Permitted,,,,Permitted,,,,Ministry of Health and Social Action,Public Health Authority,SN,Senegal,Sub-Saharan Africa,Lower middle income
563,2021-08-10,2021-08-12,https://twitter.com/HPA_MV,Official social media post,,Recommended for some or all,,,,Not recommended,,,"Oxford-AstraZeneca Vaxzevria, Covishield",Health Protection Agency,Public Health Authority,MV,Maldives,South Asia,Upper middle income
554,2021-08-10,2021-08-10,https://ncov.moh.gov.vn/vi/web/guest/-/6847426-6758,Press release,,Not recommended but with exceptions,,,,Not recommended but with exceptions,"Advises administration in 2nd and 3rd trimester|Provider consultation required",,Gamaleya Sputnik V,Ministry of Health,Public Health Authority,VN,Vietnam,East Asia and Pacific,Lower middle income
598,2021-08-10,2021-08-26,http://moh.gov.lr/press-release/2021/moh-partners-roll-out-jj-vaccines/,Press release,,Permitted,,,,Permitted,,,Johnson & Johnson Janssen COVID-19 vaccine,Ministry of Health,Public Health Authority,LR,Liberia,Sub-Saharan Africa,Low income
613,2021-08-10,2021-08-29,https://www.facebook.com/photo/?fbid=10159808500899349&set=a.261861554348,Official social media post,,Recommended for some or all,"Lactating people SHOULD consult provider / ""talk to provider""",,,Recommended for some or all,Advises administration in 2nd and 3rd trimester,,,Philippine Obstetrical and Gynecological Society,Professional Society,PH,Philippines,East Asia and Pacific,Lower middle income
964,2021-08-10,2021-11-17,https://www.vaksincovid.gov.my/en/materials/,Guidance statement,,Permitted,,,,Recommended for some or all,Advises administration in 2nd and 3rd trimester,,,"Ministry of Health of Malaysia and the Ministry of Science, Technology and Innovation",Public Health Authority,MY,Malaysia,East Asia and Pacific,Upper middle income
707,2021-08-10,2021-09-22,https://www.moh.gov.sg/covid-19/vaccination/faqs---safety-and-efficacy-of-the-covid-19-vaccine,FAQ,,Permitted,,,,Permitted,,,"Pfizer/BioNTech Comirnaty|Moderna COVID-19 vaccine",Ministry of Health,Public Health Authority,SG,Singapore,East Asia and Pacific,High income
911,2021-08-10,2021-11-06,https://www.moh.am/#1/4204,Press release,,,,,,Permitted,,,,"National Center for Disease Control (NCDC), Ministry of Health",Public Health Authority,AM,Armenia,Europe and Central Asia,Upper middle income
649,2021-08-11,2021-09-15,https://www.facebook.com/healthsamoa,Official social media post,,Permitted with qualifications,,,,Not recommended,,,,Ministry of Health,Public Health Authority,WS,Samoa,East Asia and Pacific,Upper middle income
932,2021-08-11,2021-11-10,https://www.facebook.com/photo/?fbid=4671183386225007&set=a.362068107136578,Official social media post,,,,,,Recommended for some or all,Advises administration in 2nd and 3rd trimester,,,Obstetrical & Gynaecological Society of Malaysia,Professional Society,MY,Malaysia,East Asia and Pacific,Upper middle income
553,2021-08-11,2021-08-10,https://covid19.gov.vu/index.php/vaccination/information,Government website,,,,,,,,,Sinopharm BIBP-CorV,Ministry of Health,Public Health Authority,VU,Vanuatu,East Asia and Pacific,Lower middle income
755,2021-08-11,2021-09-28,http://www.sante.gov.ml/index.php/actualites/item/6261-2e-phase-de-la-campagne-de-vaccination-contre-la-covid-19-les-preparatifs-vont-bon-train,Press release,,No position found,,,,No position found,,,Johnson & Johnson Janssen COVID-19 vaccine,Ministry of Health and Social Development,Public Health Authority,ML,Mali,Sub-Saharan Africa,Low income
869,2021-08-11,2021-10-26,https://articlesen.covid19awareness.sa/COVID-19-Vaccine-FAQs,FAQ,,,,,,Permitted,,,"Pfizer/BioNTech Comirnaty|Moderna COVID-19 vaccine|Oxford-AstraZeneca Vaxzevria, Covishield",Ministry of Health,Public Health Authority,SA,Saudi Arabia,Middle East and North Africa,High income
1414,2021-08-11,2022-08-05,https://www.facebook.com/sknismedia/posts/pfbid02jdj9iDT7QTfvBaLxF1uX54pHeFL28r8qgwNgS964x1XHaZTzvEseY122XGAa9YqUl,Official social media post,,,,,,Permitted with qualifications,"Provider consultation required|Prescription required",,,St. Kitts and Nevis Information System,Public Health Authority,KN,St. Kitts and Nevis (OECS),Latin America and Caribbean,High income
557,2021-08-11,2021-08-11,https://ncov.moh.gov.vn/vi/web/guest/-/6847426-6788,Press release,,Not recommended but with exceptions,,,,Not recommended but with exceptions,"Advises administration in 2nd and 3rd trimester|Provider consultation required",,Gamaleya Sputnik V,Ministry of Health,Public Health Authority,VN,Vietnam,East Asia and Pacific,Lower middle income
560,2021-08-11,2021-08-11,https://ncov.moh.gov.vn/vi/web/guest/-/6847426-6788,Press release,,Permitted,,,,Permitted,Advises administration in 2nd and 3rd trimester,,"Sinopharm BIBP-CorV|Pfizer/BioNTech Comirnaty|Johnson & Johnson Janssen COVID-19 vaccine|Moderna COVID-19 vaccine|Oxford-AstraZeneca Vaxzevria, Covishield",Ministry of Health,Public Health Authority,VN,Vietnam,East Asia and Pacific,Lower middle income
556,2021-08-11,2021-08-11,https://www.cdc.gov/coronavirus/2019-ncov/vaccines/recommendations/pregnancy.html,Guidance statement,,Recommended for some or all,,,,Recommended for some or all,,Not recommended,"Pfizer/BioNTech Comirnaty|Moderna COVID-19 vaccine|Johnson & Johnson Janssen COVID-19 vaccine",Centers for Disease Control and Prevention,Public Health Authority,"US|VI","United States|Virgin Islands (US)","North America|Latin America and Caribbean","High income|High income"
786,2021-08-12,2021-10-07,https://www.facebook.com/santetunisie.rns.tn/posts/4394063343966069,Official social media post,,,,,,Permitted,Advises administration in 2nd and 3rd trimester,,"Moderna COVID-19 vaccine|Johnson & Johnson Janssen COVID-19 vaccine",Ministry of Health,Public Health Authority,TN,Tunisia,Middle East and North Africa,Lower middle income
562,,2021-08-12,https://vaccinare.gov.md/materials,FAQ,,Permitted,,,,Permitted,,,,Ministry of Health,Public Health Authority,MD,Moldova,Europe and Central Asia,Lower middle income
606,2021-08-12,2021-08-29,https://www.coronavirus2020.kz/ru/medotvod-v-kakih-sluchayah-protivopokazana-vakcinaciya-v-kazahstane_a3823245,Press release,,Not recommended,,,,Not recommended,,,,Ministry of Health,Public Health Authority,KZ,Kazakhstan,Europe and Central Asia,Upper middle income
1286,2021-08-12,2021-09-01,https://www.who.int/publications/i/item/WHO-2019-nCoV-FAQ-Breast_feeding-Vaccines-2021.1,FAQ,,Recommended for some or all,,,,,,,"Pfizer/BioNTech Comirnaty|Moderna COVID-19 vaccine|Oxford-AstraZeneca Vaxzevria, Covishield|Johnson & Johnson Janssen COVID-19 vaccine|Sinopharm BIBP-CorV|Sinovac CoronaVac",World Health Organization,Public Health Authority,,Global,,
668,2021-08-12,2021-09-19,https://www.moh.gov.et/ejcc/am/press-release-on-covid19,Government website,,No position found,,,,No position found,,,,Ministry of Health,Public Health Authority,ET,Ethiopia,Sub-Saharan Africa,Low income
568,2021-08-12,2021-08-14,https://gynekologiyhdistys.fi/kannanotot-ja-ohjeet/,Guidance statement,,Recommended for some or all,,,,Recommended for some or all,,,,Finnish Gynecological Association,Professional Society,FI,Finland,Europe and Central Asia,High income
1030,2021-08-12,2021-11-30,https://www.sknis.gov.kn/2021/08/12/pregnant-women-can-safely-receive-a-covid-19-vaccine-says-cmo-dr-laws/?fbclid=IwAR0pAkSS3ca-RvPws7u9w0mXC3QOLM145-iR5UsQenl1NxZHwjFf_Bp-NdI,Press release,,,,,,Permitted with qualifications,Prescription required,,,St. Kitts and Nevis Information System,Public Health Authority,KN,St. Kitts and Nevis (OECS),Latin America and Caribbean,High income
847,2021-08-13,2021-10-20,https://doh.gov.ph/node/31802,Guidance statement,,,,,,Recommended for some or all,Advises administration in 2nd and 3rd trimester,,"Johnson & Johnson Janssen COVID-19 vaccine|Pfizer/BioNTech Comirnaty|Moderna COVID-19 vaccine|Oxford-AstraZeneca Vaxzevria, Covishield|Sinopharm BIBP-CorV|Sinovac CoronaVac",Department of Health,Public Health Authority,PH,Philippines,East Asia and Pacific,Lower middle income
703,2021-08-13,2021-09-22,https://ncoc.gov.pk/covid-vaccination-en.php,Guidance statement,,Recommended for some or all,,,,Recommended for some or all,,,"Oxford-AstraZeneca Vaxzevria, Covishield",Ministry of National Health Services Regulation and Coordination,Public Health Authority,PK,Pakistan,South Asia,Lower middle income
1004,2021-08-13,2021-11-28,https://sam.lrv.lt/lt/naujienos/lietuvos-akuseriai-ginekologai-rekomenduoja-nesciosioms-ir-maitinancioms-mamoms-pasiskiepyti-nuo-covid-19,Press release,,Recommended for some or all,,,,Recommended for some or all,,,"Pfizer/BioNTech Comirnaty|Moderna COVID-19 vaccine",Ministry of Health,Public Health Authority,LT,Lithuania,Europe and Central Asia,High income
702,2021-08-13,2021-09-22,https://ncoc.gov.pk/covid-vaccination-en.php,Guidance statement,,Recommended for some or all,,,,Recommended for some or all,,,Sinovac CoronaVac,Ministry of National Health Services Regulation and Coordination,Public Health Authority,PK,Pakistan,South Asia,Lower middle income
701,2021-08-13,2021-09-22,https://ncoc.gov.pk/covid-vaccination-en.php,Guidance statement,,Recommended for some or all,,,,Recommended for some or all,,,Sinopharm BIBP-CorV,Ministry of National Health Services Regulation and Coordination,Public Health Authority,PK,Pakistan,South Asia,Lower middle income
881,2021-08-13,2021-10-27,https://kogs.or.ke/,Press release,,Recommended for some or all,,,,Recommended for some or all,,,"Pfizer/BioNTech Comirnaty|Moderna COVID-19 vaccine|Oxford-AstraZeneca Vaxzevria, Covishield",Kenya Obstetrical and Gynaecological Society,Professional Society,KE,Kenya,Sub-Saharan Africa,Lower middle income
848,2021-08-13,2021-10-20,https://doh.gov.ph/node/31802,Guidance statement,,,,,,Not recommended,,,Gamaleya Sputnik V,Department of Health,Public Health Authority,PH,Philippines,East Asia and Pacific,Lower middle income
714,2021-08-13,2021-09-22,http://www.moh.gov.bn/Lists/Latest%20news/NewDispForm.aspx?ID=987,Press release,,Recommended for some or all,Lactating people CAN/MAY consult provider,,,Recommended for some or all,,,Moderna COVID-19 vaccine,Ministry of Health,Public Health Authority,BN,Brunei Darussalam,East Asia and Pacific,High income
567,2021-08-13,2021-08-14,https://thl.fi/en/web/infectious-diseases-and-vaccinations/what-s-new/coronavirus-covid-19-latest-updates/vaccines-and-coronavirus/suitability-of-covid-19-vaccines-for-various-groups#COVID_vaccine_pregnancy,FAQ,,Permitted,,,,Recommended for some or all,,,"Pfizer/BioNTech Comirnaty|Moderna COVID-19 vaccine",Finish Institute for Health and Welfare,Public Health Authority,FI,Finland,Europe and Central Asia,High income
1385,2021-08-14,2022-06-28,https://twitter.com/MinofHealthUG/status/1426450212806176771,Official social media post,,Recommended for some or all,,,,Recommended for some or all,,,,Ministry of Health,Public Health Authority,UG,Uganda,Sub-Saharan Africa,Low income
653,2021-08-14,2021-09-15,https://www.mhlw.go.jp/content/11920000/000822215.pdf,Guidance statement,,Recommended for some or all,,,,Recommended for some or all,,,"Pfizer/BioNTech Comirnaty|Moderna COVID-19 vaccine","Ministry of Health, Labor, and Welfare",Public Health Authority,JP,Japan,East Asia and Pacific,High income
652,2021-08-14,2021-09-15,http://www.jsog.or.jp/news/pdf/20210814_COVID19_02.pdf,Guidance statement,,,,,,Recommended for some or all,,,"Pfizer/BioNTech Comirnaty|Moderna COVID-19 vaccine",Japan Society of Obstetrics and Gynecology,Professional Society,JP,Japan,East Asia and Pacific,High income
795,2021-08-14,2021-10-09,https://twitter.com/_GHSofficial/status/1426821752479522817/photo/1,Official social media post,,No position found,,,,Not recommended,,,Johnson & Johnson Janssen COVID-19 vaccine,Ghana Health Service,Public Health Authority,GH,Ghana,Sub-Saharan Africa,Lower middle income
569,,2021-08-14,https://vaccination.moh.gov.jm/frequently-asked-questions/,FAQ,,Permitted,,,,Recommended for some or all,"Elevated risk of exposure (occupational, housing)|Elevated risk of serious disease (underlying condition, co-morbidity, age)",,,Ministry of Health and Wellness,Public Health Authority,JM,Jamaica,Latin America and Caribbean,Upper middle income
619,2021-08-15,2021-08-31,https://opm.gov.bs/remarks-dr-merceline-dahl-regis-special-health-adviser-to-the-prime-minister-chair-national-covid-19-vaccine-consultative-committee-press-conference-statement/,Press release,,No position found,,,,No position found,,,"Pfizer/BioNTech Comirnaty|Oxford-AstraZeneca Vaxzevria, Covishield",Office of the Prime Minister,Public Health Authority,BS,"Bahamas, The",Latin America and Caribbean,High income
570,,2021-08-16,http://www.lsog.org.lb/for-patients,FAQ,,Permitted,,,,Permitted,,,,"Lebanese Society of Obstetrics and Gynecology|Ministry of Public Health","Professional Society|Public Health Authority","LB|LB","Lebanon|Lebanon","Middle East and North Africa|Middle East and North Africa","Upper middle income|Upper middle income"
573,,2021-08-16,https://www.zzjzfbih.ba/informacije-o-cjepivu/,Fact sheet,,,"Lactating people SHOULD consult provider / ""talk to provider""",,,Permitted with qualifications,"Elevated risk of exposure (occupational, housing)|Elevated risk of serious disease (underlying condition, co-morbidity, age)",,"Oxford-AstraZeneca Vaxzevria, Covishield",Institute for Public Health,Public Health Authority,BA,Bosnia and Herzegovina,Europe and Central Asia,Upper middle income
607,2021-08-16,2021-08-29,https://vaccines.ncdc.ge/faq/,FAQ,,Recommended for some or all,,,,Recommended for some or all,,,"Oxford-AstraZeneca Vaxzevria, Covishield",National Centers for Disease Control,Public Health Authority,GE,Georgia,Europe and Central Asia,Upper middle income
623,2021-08-16,2021-08-29,https://vaccines.ncdc.ge/faq/,FAQ,,Recommended for some or all,,,,Recommended for some or all,,,Pfizer/BioNTech Comirnaty,National Centers for Disease Control,Public Health Authority,GE,Georgia,Europe and Central Asia,Upper middle income
366,2021-08-16,2021-06-22,https://vaccines.ncdc.ge/faq/,FAQ,,Not recommended,,,,Not recommended,,,"Sinopharm BIBP-CorV|Sinovac CoronaVac",National Centers for Disease Control,Public Health Authority,GE,Georgia,Europe and Central Asia,Upper middle income
675,2021-08-16,2021-09-19,https://www.bda.bg/bg/covid-19,Fact sheet,,Permitted with qualifications,Lactating people MUST consult provider,Provider consultation required,,Permitted with qualifications,Provider consultation required,,"Oxford-AstraZeneca Vaxzevria, Covishield",Bulgarian Drug Agency,Regulatory Body,BG,Bulgaria,Europe and Central Asia,Upper middle income
618,2021-08-17,2021-08-31,https://www.moh.gov.jm/vaccination-advised-for-pregnant-breastfeeding-moms/,Press release,,Recommended for some or all,,,,Recommended for some or all,,,,Ministry of Health and Wellness,Public Health Authority,JM,Jamaica,Latin America and Caribbean,Upper middle income
575,2021-08-17,2021-08-19,https://www.facebook.com/Belizehealth/photos/a.1410495949248816/2750441795254218/,Official social media post,,Permitted,"Lactating people SHOULD consult provider / ""talk to provider""",,,Recommended for some or all,"Elevated risk of serious disease (underlying condition, co-morbidity, age)",,,Ministry of Health and Wellness,Public Health Authority,BZ,Belize,Latin America and Caribbean,Upper middle income
580,2021-08-17,2021-08-20,https://www.vmnvd.gov.lv/lv/vakcinacijas-rokasgramata-informativais-materials-vakcinacijas-veicejiem,Guidance statement,,Permitted,,,,Not recommended,,Not required,"Oxford-AstraZeneca Vaxzevria, Covishield|Johnson & Johnson Janssen COVID-19 vaccine",National Health Service,Public Health Authority,LV,Latvia,Europe and Central Asia,High income
622,2021-08-17,2021-09-01,https://www.health.go.ke/wp-content/uploads/2021/08/Frequently-asked-questions-on-COVID-19-Vaccination.pdf,FAQ,,,,,,Permitted with qualifications,"Elevated risk of serious disease (underlying condition, co-morbidity, age)",,"Oxford-AstraZeneca Vaxzevria, Covishield|Pfizer/BioNTech Comirnaty|Moderna COVID-19 vaccine|Sinopharm BIBP-CorV|Johnson & Johnson Janssen COVID-19 vaccine",Ministry of Health,Public Health Authority,KE,Kenya,Sub-Saharan Africa,Lower middle income
579,2021-08-17,2021-08-20,https://www.vmnvd.gov.lv/lv/vakcinacijas-rokasgramata-informativais-materials-vakcinacijas-veicejiem,Guidance statement,,Permitted,Lactating people CAN/MAY consult provider,,,Permitted,,Not required,"Pfizer/BioNTech Comirnaty|Moderna COVID-19 vaccine",National Health Service,Public Health Authority,LV,Latvia,Europe and Central Asia,High income
663,2021-08-17,2021-09-16,https://ncv.kdca.go.kr/board.es?mid=a12101000000&bid=0031&act=view&list_no=491&tag=&nPage=1,Guidance statement,,Recommended for some or all,,,,Not recommended,,,"Pfizer/BioNTech Comirnaty|Moderna COVID-19 vaccine|Oxford-AstraZeneca Vaxzevria, Covishield|Johnson & Johnson Janssen COVID-19 vaccine",Korea Disease Control and Prevention Agency,Public Health Authority,KR,"Korea, Rep.",East Asia and Pacific,High income
801,2021-08-18,2021-10-11,https://ranzcog.edu.au/statements-guidelines/covid-19-statement/covid-19-vaccination-information,Guidance statement,,Recommended for some or all,,,,Permitted with qualifications,Only if received 1st dose with this vaccine,,"Oxford-AstraZeneca Vaxzevria, Covishield",The Royal Australian and New Zealand College of Obstetricians and Gynaecologists (RANZCOG),Professional Society,"AU|NZ","Australia|New Zealand","East Asia and Pacific|East Asia and Pacific","High income|High income"
584,2021-08-18,2021-08-22,https://www.fhi.no/nyheter/2021/oppdatert-vaksineanbefaling-for-gravide/,FAQ,,Permitted,,,,Recommended for some or all,Advises administration in 2nd and 3rd trimester,,"Pfizer/BioNTech Comirnaty|Moderna COVID-19 vaccine",National Institute of Public Health,Public Health Authority,NO,Norway,Europe and Central Asia,High income
585,2021-08-18,2021-08-22,https://www.legeforeningen.no/foreningsledd/fagmed/norsk-gynekologisk-forening/covid-19/fhi-oppdaterer-rad-om-covid-vaksinasjon-av-gravide/,Guidance statement,,,,,,Recommended for some or all,Advises administration in 2nd and 3rd trimester,,"Pfizer/BioNTech Comirnaty|Moderna COVID-19 vaccine",Norsk gynekologisk Forening (Norwegian Society for Gynecology and Obstetrics),Professional Society,NO,Norway,Europe and Central Asia,High income
800,2021-08-18,2021-10-11,https://ranzcog.edu.au/statements-guidelines/covid-19-statement/covid-19-vaccination-information,Guidance statement,,Recommended for some or all,,,,Recommended for some or all,,,"Pfizer/BioNTech Comirnaty|Moderna COVID-19 vaccine",The Royal Australian and New Zealand College of Obstetricians and Gynaecologists (RANZCOG),Professional Society,"AU|NZ","Australia|New Zealand","East Asia and Pacific|East Asia and Pacific","High income|High income"
699,2021-08-19,2021-09-22,https://covid-19.moh.gov.my/vaksin-covid-19/panduan/panduan-vaksinasi-untuk-ibu-mengandung-dan-ibu-menyusukan-bayi,Press release,,Permitted,Lactating people CAN/MAY consult provider,,,Recommended for some or all,Advises administration in 2nd and 3rd trimester,,"Pfizer/BioNTech Comirnaty|Oxford-AstraZeneca Vaxzevria, Covishield|Sinovac CoronaVac","Ministry of Health of Malaysia and the Ministry of Science, Technology and Innovation",Public Health Authority,MY,Malaysia,East Asia and Pacific,Upper middle income
588,2021-08-19,2021-08-24,https://www.health.gov.au/resources/publications/covid-19-vaccination-shared-decision-making-guide-for-women-who-are-pregnant-breastfeeding-or-planning-pregnancy,Guidance statement,,Recommended for some or all,,,,Recommended for some or all,,Not required,Pfizer/BioNTech Comirnaty,Australian Government Department of Health,Public Health Authority,AU,Australia,East Asia and Pacific,High income
589,2021-08-19,2021-08-24,https://www.health.gov.au/resources/publications/covid-19-vaccination-shared-decision-making-guide-for-women-who-are-pregnant-breastfeeding-or-planning-pregnancy,Guidance statement,,Permitted with qualifications,,"mRNA vaccine contraindicated or unavailable|Provider consultation required",,Permitted with qualifications,"Only if received 1st dose with this vaccine|mRNA vaccine contraindicated or unavailable",Not required,"Oxford-AstraZeneca Vaxzevria, Covishield",Australian Government Department of Health,Public Health Authority,AU,Australia,East Asia and Pacific,High income
700,2021-08-19,2021-09-22,https://covid-19.moh.gov.my/vaksin-covid-19/panduan/panduan-vaksinasi-untuk-ibu-mengandung-dan-ibu-menyusukan-bayi,Press release,,Permitted,Lactating people CAN/MAY consult provider,,,Recommended for some or all,Advises administration in 2nd and 3rd trimester,,"Pfizer/BioNTech Comirnaty|Oxford-AstraZeneca Vaxzevria, Covishield|Sinovac CoronaVac","Ministry of Health of Malaysia and the Ministry of Science, Technology and Innovation",Public Health Authority,MY,Malaysia,East Asia and Pacific,Upper middle income
1075,2021-08-19,2021-12-09,https://www.nyasatimes.com/pregnant-women-can-now-get-covid-19-vaccine-ministry-of-health/,Media article,,Permitted,,,,Permitted,,,"Oxford-AstraZeneca Vaxzevria, Covishield|Johnson & Johnson Janssen COVID-19 vaccine",Ministry of Health,Public Health Authority,MW,Malawi,Sub-Saharan Africa,Low income
596,2021-08-19,2021-08-26,https://www.rbc.gov.rw/index.php?id=100&tx_news_pi1%5Bnews%5D=619&tx_news_pi1%5Bday%5D=19&tx_news_pi1%5Bmonth%5D=8&tx_news_pi1%5Byear%5D=2021&cHash=893b0360635646eca0530685b42591b4,Press release,,No position found,,,,Permitted,,,Pfizer/BioNTech Comirnaty,"Ministry of Health, Rwanda Biomedical Centre",Public Health Authority,RW,Rwanda,Sub-Saharan Africa,Low income
1109,2021-08-20,2021-12-21,https://www.gov.il/he/departments/news/19082021-04,Press release,,,,,,Recommended for some or all,,,,Ministry of Health,Public Health Authority,IL,Israel,Middle East and North Africa,High income
1065,2021-08-20,2021-12-09,http://www.rtcog.or.th/home/cpg/1380/,Guidance statement,,Permitted,,,,Recommended for some or all,Advises administration in 2nd and 3rd trimester,Not required,"Sinovac CoronaVac|Oxford-AstraZeneca Vaxzevria, Covishield|Sinopharm BIBP-CorV|Pfizer/BioNTech Comirnaty|Moderna COVID-19 vaccine",The Royal Thai College of Obstetricians and Gynaecologists,Professional Society,TH,Thailand,East Asia and Pacific,Upper middle income
1022,2021-08-20,2021-11-29,https://www.facebook.com/permalink.php?story_fbid=4691790277532625&id=1126847717360250,Press release,,Permitted,"Lactating people SHOULD consult provider / ""talk to provider""",,,Permitted,,,,Ministry of Health,Public Health Authority,KE,Kenya,Sub-Saharan Africa,Lower middle income
604,2021-08-20,2021-08-28,https://minzdrav.gov.ru/news/2021/08/20/17189-vaktsinatsiya-ot-koronavirusa-sposobna-zaschitit-zdorovie-beremennoy-zhenschiny-i-ee-buduschego-malysha,Press release,,,,,,Recommended for some or all,Advises administration in 2nd and 3rd trimester,,Gamaleya Sputnik V,Ministry of Health,Public Health Authority,RU,Russian Federation,Europe and Central Asia,Upper middle income
608,2021-08-21,2021-08-29,https://www.hpb.health.gov.lk/en/news-single/25,Guidance statement,,Permitted,,,,Permitted,,Not recommended,"Oxford-AstraZeneca Vaxzevria, Covishield|Sinopharm BIBP-CorV|Pfizer/BioNTech Comirnaty|Moderna COVID-19 vaccine",Health Promotion Bureau,Public Health Authority,LK,Sri Lanka,South Asia,Lower middle income
609,2021-08-21,2021-08-29,https://www.hpb.health.gov.lk/en/news-single/25,Guidance statement,,Permitted,,,,Not recommended,,,Gamaleya Sputnik V,Health Promotion Bureau,Public Health Authority,LK,Sri Lanka,South Asia,Lower middle income
772,2021-08-22,2021-09-29,https://www.arubacovid19.org/post/vacunathon-1,Press release,,Recommended for some or all,,,,Recommended for some or all,,,,Department of Public Health,Public Health Authority,AW,Aruba,Latin America and Caribbean,High income
781,2021-08-23,2021-10-04,https://www.batut.org.rs/index.php?content=2153,FAQ,,Not recommended,,,,,,,Gamaleya Sputnik V,Institute of Public Health,Public Health Authority,RS,Serbia,Europe and Central Asia,Upper middle income
934,2021-08-23,2021-11-14,https://www.cov19-vaccine.mhlw.go.jp/qa/0027.html,FAQ,,Recommended for some or all,,,,Recommended for some or all,,,"Pfizer/BioNTech Comirnaty|Moderna COVID-19 vaccine","Ministry of Health, Labor, and Welfare",Public Health Authority,JP,Japan,East Asia and Pacific,High income
780,2021-08-23,2021-10-04,https://www.batut.org.rs/index.php?content=2153,FAQ,,Permitted,,,,Permitted,,,Pfizer/BioNTech Comirnaty,Institute of Public Health,Public Health Authority,RS,Serbia,Europe and Central Asia,Upper middle income
1274,2021-08-23,2022-02-14,https://www.legeforeningen.no/sok/?searchPhrase=ammende&union=113&sortBy=published,Guidance statement,,Permitted,,,,Recommended for some or all,Advises administration in 2nd and 3rd trimester,,"Pfizer/BioNTech Comirnaty|Moderna COVID-19 vaccine",Norsk gynekologisk Forening (Norwegian Society for Gynecology and Obstetrics),Professional Society,NO,Norway,Europe and Central Asia,High income
587,2021-08-23,2021-08-24,https://www.folkhalsomyndigheten.se/the-public-health-agency-of-sweden/communicable-disease-control/covid-19/vaccination-against-covid-19/pregnancy-and-vaccination-against-covid-19/,Guidance statement,,,,,,Recommended for some or all,Advises administration in 2nd and 3rd trimester,,,Public Health Agency,Public Health Authority,SE,Sweden,Europe and Central Asia,High income
1216,2021-08-24,2022-01-30,https://covid19.health.gov.mv/downloads/?c=0,Guidance statement,,Permitted,,,,Not recommended,,,"Oxford-AstraZeneca Vaxzevria, Covishield",Ministry of Health,Public Health Authority,MV,Maldives,South Asia,Upper middle income
643,2021-08-24,2021-09-15,https://cov19reg.phd.iq,Guidance statement,,,,,,Permitted with qualifications,"Advises administration in 2nd and 3rd trimester|Elevated risk of serious disease (underlying condition, co-morbidity, age)",,Pfizer/BioNTech Comirnaty,Ministry of Health,Public Health Authority,IQ,Iraq,Middle East and North Africa,Upper middle income
1218,2021-08-24,2022-01-30,https://covid19.health.gov.mv/downloads/?c=0,Guidance statement,,Permitted,,,,Permitted,,,Pfizer/BioNTech Comirnaty,Ministry of Health,Public Health Authority,MV,Maldives,South Asia,Upper middle income
586,,2021-08-24,https://www.service-public.pf/dsp/covid-19/vaccination-covid/,FAQ,,,,,,Recommended for some or all,,,Pfizer/BioNTech Comirnaty,Health Administration,Public Health Authority,PF,French Polynesia,East Asia and Pacific,High income
1217,2021-08-24,2022-01-30,https://covid19.health.gov.mv/downloads/?c=0,Guidance statement,,Permitted,,,,Not recommended,,,Sinopharm BIBP-CorV,Ministry of Health,Public Health Authority,MV,Maldives,South Asia,Upper middle income
759,2021-08-25,2021-09-28,http://vacunacovid.gob.mx/wordpress/documentos-de-consulta/,Guidance statement,,Permitted,,,,Recommended for some or all,,,Moderna COVID-19 vaccine,Secretary of Health,Public Health Authority,MX,Mexico,Latin America and Caribbean,Upper middle income
738,2021-08-26,2021-09-23,https://reliefweb.int/sites/reliefweb.int/files/resources/south_sudan_covid-19_national_deployment_and_vaccination_plan_26aug2021.pdf,Guidance statement,,No position found,,,,No position found,,,"Oxford-AstraZeneca Vaxzevria, Covishield|Johnson & Johnson Janssen COVID-19 vaccine",Ministry of Health,Public Health Authority,SS,South Sudan,Sub-Saharan Africa,Low income
840,2021-08-27,2021-10-20,http://sehiyye.gov.az/xeberler/3459-shiyy-nazirliyinin-ba-mama-ginekoloqu-sevinc-mmmdova-hamillikl-bal-mvqqti-ks-gstri-sertifikat-hamilliyin-nzrd-tutulan-mddtindn-asl-olaraq-verilck.html,Press release,,Not recommended,,,,Not recommended,,,,Ministry of Public Health,Public Health Authority,AZ,Azerbaijan,Europe and Central Asia,Upper middle income
743,2021-08-27,2021-09-24,https://www.vakcinace.eu/data/files/downloads/doporuceniproockovaniprotionemocnenicovid-19final-bezpreockovani.pdf,Guidance statement,,Recommended for some or all,,,,Recommended for some or all,,,"Pfizer/BioNTech Comirnaty|Moderna COVID-19 vaccine",Czech Vaccinological Society,Professional Society,CZ,Czech Republic,Europe and Central Asia,High income
605,2021-08-28,2021-08-28,https://www.health.gov.fj/covid-19-vaccination-campaign/,Press release,,,,,,Permitted,,,Moderna COVID-19 vaccine,Ministry of Health and Medical Services,Public Health Authority,FJ,Fiji,East Asia and Pacific,Upper middle income
641,2021-08-29,2021-09-14,https://sacoronavirus.co.za/2021/08/30/updated-circular-vaccination-of-pregnant-and-breastfeeding-women/,Press release,,Recommended for some or all,,,,Recommended for some or all,,,"Pfizer/BioNTech Comirnaty|Johnson & Johnson Janssen COVID-19 vaccine",Department of Health,Public Health Authority,ZA,South Africa,Sub-Saharan Africa,Upper middle income
870,2021-08-29,2021-10-26,https://www.facebook.com/SaudiMOH/photos/a.195136303888893/4452837731452041/,Official social media post,,,,,,Recommended for some or all,,,,"Ministry of Health|Saudi Society of Obstetrics and Gynecology","Public Health Authority|Professional Society","SA|SA","Saudi Arabia|Saudi Arabia","Middle East and North Africa|Middle East and North Africa","High income|High income"
637,2021-08-30,2021-09-13,https://www.moh.gov.sa/en/Ministry/HotTopics/Pages/COVID-19-Vaccine.aspx,FAQ,,Recommended for some or all,,,,Permitted,,,"Oxford-AstraZeneca Vaxzevria, Covishield",Ministry of Health,Public Health Authority,SA,Saudi Arabia,Middle East and North Africa,High income
636,2021-08-30,2021-09-13,https://www.moh.gov.sa/en/Ministry/HotTopics/Pages/COVID-19-Vaccine.aspx,FAQ,,Recommended for some or all,,,,Permitted,,,"Pfizer/BioNTech Comirnaty|Moderna COVID-19 vaccine",Ministry of Health,Public Health Authority,SA,Saudi Arabia,Middle East and North Africa,High income
1197,2021-08-30,2022-01-25,https://www.facebook.com/amsamgov/photos/866268300676038/,Official social media post,,Permitted with qualifications,Lactating people MUST consult provider,Provider consultation required,,Permitted with qualifications,Provider consultation required,,"Pfizer/BioNTech Comirnaty|Moderna COVID-19 vaccine",Government of Samoa,Public Health Authority,AS,American Samoa,East Asia and Pacific,Upper middle income
614,,2021-08-30,https://www.gov.tc/moh/coronavirus/resources/graphics,Fact sheet,,Not recommended,,,,Not recommended,,,,Ministry of Health,Public Health Authority,TC,Turks and Caicos Islands,Latin America and Caribbean,High income
616,,2021-08-30,https://vaccin.covid19.gouv.tg/faq/,FAQ,,No position found,,,,No position found,,,,Ministry of Health,Public Health Authority,TG,Togo,Sub-Saharan Africa,Low income
662,2021-08-31,2021-09-16,https://ncv.kdca.go.kr/board.es?mid=a12101000000&bid=0031&act=view&list_no=558&tag=&nPage=1,Guidance statement,,Recommended for some or all,,,,Not recommended,,,"Pfizer/BioNTech Comirnaty|Moderna COVID-19 vaccine|Oxford-AstraZeneca Vaxzevria, Covishield|Johnson & Johnson Janssen COVID-19 vaccine",Korea Disease Control and Prevention Agency,Public Health Authority,KR,"Korea, Rep.",East Asia and Pacific,High income
661,2021-08-31,2021-09-16,https://ncv.kdca.go.kr/board.es?mid=a12101000000&bid=0031&act=view&list_no=558&tag=&nPage=1,Guidance statement,,Recommended for some or all,,,,Not recommended,,,"Pfizer/BioNTech Comirnaty|Moderna COVID-19 vaccine|Oxford-AstraZeneca Vaxzevria, Covishield|Johnson & Johnson Janssen COVID-19 vaccine",Korea Disease Control and Prevention Agency,Public Health Authority,KR,"Korea, Rep.",East Asia and Pacific,High income
620,,2021-09-01,http://naurugov.nr/government/departments/department-of-health-and-medicinal-service/covid-19.aspx,Government website,,No position found,,,,No position found,,,,Ministry of Health,Public Health Authority,NR,Nauru,East Asia and Pacific,High income
970,2021-09-01,2021-11-22,http://health.gov.sr/actueel/2021/moderna-vaccins-in-suriname-zijn-veilig/,Press release,,,,,,Recommended for some or all,,,Moderna COVID-19 vaccine,Ministry of Health,Public Health Authority,SR,Suriname,Latin America and Caribbean,Upper middle income
621,,2021-09-01,https://hsa.gov.fm/fsm-covid-19-vaccination/,FAQ,,No position found,,,,No position found,,,Moderna COVID-19 vaccine,Department of Health and Social Affairs,Public Health Authority,FM,"Micronesia, Fed. Sts.",East Asia and Pacific,Lower middle income
687,2021-09-01,2021-09-21,https://www.mohfw.gov.in/,FAQ,,Recommended for some or all,Lactating people CAN/MAY consult provider,,,Recommended for some or all,,Not required,"Bharat Biotech Covaxin|Oxford-AstraZeneca Vaxzevria, Covishield",Ministry of Health and Family Welfare,Public Health Authority,IN,India,South Asia,Lower middle income
677,2021-09-02,2021-09-20,https://www.health.gov.au/sites/default/files/documents/2021/09/covid-19-vaccination-shared-decision-making-guide-for-women-who-are-pregnant-breastfeeding-or-planning-pregnancy-covid-19-vaccination-shared-decision-making-guide-for-women-who-are-pregnant-breastfeeding-or-planning-pregna.pdf,Guidance statement,,Recommended for some or all,Lactating people CAN/MAY consult provider,,,Recommended for some or all,,Not required,"Pfizer/BioNTech Comirnaty|Moderna COVID-19 vaccine",Australian Government Department of Health,Public Health Authority,AU,Australia,East Asia and Pacific,High income
868,2021-09-02,2021-10-26,https://www.koronavirus.hr/cijepljenje-protiv-covid-19-bolesti-najcesca-pitanja-i-odgovori/892,FAQ,,Permitted,,,,Permitted,,,"Pfizer/BioNTech Comirnaty|Moderna COVID-19 vaccine|Oxford-AstraZeneca Vaxzevria, Covishield|Johnson & Johnson Janssen COVID-19 vaccine",Institute of Public Health,Public Health Authority,HR,Croatia,Europe and Central Asia,High income
678,2021-09-02,2021-09-20,https://www.health.gov.au/sites/default/files/documents/2021/09/covid-19-vaccination-shared-decision-making-guide-for-women-who-are-pregnant-breastfeeding-or-planning-pregnancy-covid-19-vaccination-shared-decision-making-guide-for-women-who-are-pregnant-breastfeeding-or-planning-pregna.pdf,Guidance statement,,Permitted with qualifications,Lactating people MUST consult provider,"Provider consultation required|mRNA vaccine contraindicated or unavailable",,Permitted with qualifications,"mRNA vaccine contraindicated or unavailable|Provider consultation required",Not required,"Oxford-AstraZeneca Vaxzevria, Covishield",Australian Government Department of Health,Public Health Authority,AU,Australia,East Asia and Pacific,High income
680,2021-09-03,2021-09-20,https://www.gob.pe/institucion/minsa/informes-publicaciones/1961820-protocolo-para-la-vacunacion-de-gestantes,Guidance statement,,,,,,Recommended for some or all,Advises administration in 2nd and 3rd trimester,,"Pfizer/BioNTech Comirnaty|Sinopharm BIBP-CorV",Ministry of Health,Public Health Authority,PE,Peru,Latin America and Caribbean,Upper middle income
1081,2021-09-03,2021-12-12,http://www.lemauricien.com/actualites/societe/covid-19-les-femmes-enceintes-ne-sont-desormais-plus-exemptees-de-vaccination-a-maurice/444557/,Media article,,Permitted,,,,Permitted,,,,Ministry of Health and Wellness,Public Health Authority,MU,Mauritius,Sub-Saharan Africa,High income
625,,2021-09-04,https://covid19asi.saglik.gov.tr/TR-77694/sikca-sorulan-sorular.html?Sayfa=2,FAQ,,Recommended for some or all,,,,Recommended for some or all,Advises administration in 2nd and 3rd trimester,,"Pfizer/BioNTech Comirnaty|Sinovac CoronaVac",Ministry of Health,Public Health Authority,TR,Turkey,Europe and Central Asia,Upper middle income
645,2021-09-04,2021-09-15,https://www.facebook.com/MinistryOfHealthSYR/photos/a.350396745617648/834809067176411/?type=3,Official social media post,,Not recommended,,,,Not recommended,,,,Ministry of Health,Public Health Authority,SY,Syria,Middle East and North Africa,Low income
624,,2021-09-04,https://www.moh.gov.jo/DetailsPage/MOH_AR/HealthAndPublicInformationDetailsAR.aspx?ID=46,Press release,,Not recommended,,,,Not recommended,,,,Ministry of Health,Public Health Authority,JO,Jordan,Middle East and North Africa,Upper middle income
767,2021-09-04,2021-09-29,https://www.facebook.com/photo.php?fbid=153121850332371&set=pb.100069036705848.-2207520000..&type=3,Official social media post,,Not recommended,,,,Not recommended,,,,Ministry of Health,Public Health Authority,EG,"Egypt, Arab Rep.",Middle East and North Africa,Lower middle income
739,2021-09-04,2021-09-24,https://www.fhi.no/en/id/vaccines/coronavirus-immunisation-programme/coronavirus-vaccine/#astrazeneca-vaccine-removed-from-coronavirus-immunisation-programme,Guidance statement,,Not recommended,,,,Not recommended,,,"Oxford-AstraZeneca Vaxzevria, Covishield|Johnson & Johnson Janssen COVID-19 vaccine",National Institute of Public Health,Public Health Authority,NO,Norway,Europe and Central Asia,High income
626,,2021-09-04,https://www.tjod.org/gebelik-ve-dogum-sonrasi-donemde-covid-19-asilari-ile-ilgili-tjod-gorusu/,Press release,,,,,,Recommended for some or all,,,,Turkish Society of Obstetrics and Gynecology,Professional Society,TR,Turkey,Europe and Central Asia,Upper middle income
768,2021-09-04,2021-09-29,https://www.facebook.com/photo.php?fbid=168428825468340&set=pb.100069036705848.-2207520000..&type=3,Official social media post,,Not recommended,,,,Not recommended,,,,Ministry of Health,Public Health Authority,EG,"Egypt, Arab Rep.",Middle East and North Africa,Lower middle income
638,2021-09-06,2021-09-13,https://www.spkc.gov.lv/lv/jautajumi-par-pfizer-biontech-razoto-vakcinu-comirnaty,FAQ,,Permitted,"Lactating people SHOULD consult provider / ""talk to provider""",,,Permitted,,,Pfizer/BioNTech Comirnaty,National Health Service,Public Health Authority,LV,Latvia,Europe and Central Asia,High income
835,2021-09-06,2021-10-19,https://behdasht.gov.ir/%D8%A7%D8%AE%D8%A8%D8%A7%D8%B1/--%D9%88%D8%A7%DA%A9%D8%B3%D9%86-%DA%A9%D9%88%D9%88%DB%8C%D8%AF-%D8%A8%D8%B1%D8%A7%DB%8C-%D9%85%D8%A7%D8%AF%D8%B1-%D9%88-%D8%AC%D9%86%DB%8C%D9%86-%D9%87%DB%8C%DA%86-%D8%B9%D8%A7%D8%B1%D8%B6%D9%87-%D8%A7%DB%8C-%D8%AF%D8%B1-%D9%BE%DB%8C-%D9%86%D8%AF%D8%A7%D8%B1%D8%AF,Press release,,,,,,Recommended for some or all,Advises administration in 2nd and 3rd trimester,,,Ministry of Health and Medical Education,Public Health Authority,IR,"Iran, Islamic Rep.",Middle East and North Africa,Upper middle income
629,,2021-09-06,https://healthalert.gov.bh/en/category/vaccine,Government website,,Recommended for some or all,,,,Recommended for some or all,,,Sinopharm BIBP-CorV,Ministry of Health,Public Health Authority,BH,Bahrain,Middle East and North Africa,High income
762,2021-09-06,2021-09-28,https://www.pressoffice.gov.bz/pfizer-vaccine-now-available-for-pregnant-wo,Government website,,No position found,,,,Permitted,,,Pfizer/BioNTech Comirnaty,Ministry of Health and Wellness,Public Health Authority,BZ,Belize,Latin America and Caribbean,Upper middle income
627,,2021-09-06,https://healthalert.gov.bh/en/category/vaccine,Government website,,Not recommended,,,,Not recommended,,,"Oxford-AstraZeneca Vaxzevria, Covishield",Ministry of Health,Public Health Authority,BH,Bahrain,Middle East and North Africa,High income
630,,2021-09-06,https://healthalert.gov.bh/en/category/vaccine,Government website,,Not recommended,,,,Not recommended,,,Gamaleya Sputnik V,Ministry of Health,Public Health Authority,BH,Bahrain,Middle East and North Africa,High income
813,2021-09-06,2021-10-12,https://emvolio.gov.gr/enimerosi-diapisteymenon-syntakton-gia-ethniko-shedio-emvoliastikis-kalypsis-kata-tis-covid-19-26,Press release,,,,,,Permitted,,,,Government,Public Health Authority,GR,Greece,Europe and Central Asia,High income
639,2021-09-06,2021-09-13,https://www.spkc.gov.lv/lv/jautajumi-par-moderna-razoto-vakcinu-spikevax,FAQ,,Permitted,"Lactating people SHOULD consult provider / ""talk to provider""",,,Permitted,,,Moderna COVID-19 vaccine,National Health Service,Public Health Authority,LV,Latvia,Europe and Central Asia,High income
872,2021-09-06,2021-10-26,https://www.youtube.com/watch?v=bHcHaBGBpVI,Press release,,,,,,Recommended for some or all,,,,Ministry of Health and Social Services,Public Health Authority,AL,Albania,Europe and Central Asia,Upper middle income
628,,2021-09-06,https://healthalert.gov.bh/en/category/vaccine,Government website,,Permitted,,,,Permitted,,,Pfizer/BioNTech Comirnaty,Ministry of Health,Public Health Authority,BH,Bahrain,Middle East and North Africa,High income
966,2021-09-06,2021-11-19,https://www.facebook.com/798534866999260/photos/pb.100066880021482.-2207520000../1826197804232956/?type=3,Official social media post,,No position found,,,,No position found,,,Moderna COVID-19 vaccine,Ministry of Public Health and Population,Public Health Authority,HT,Haiti,Latin America and Caribbean,Low income
751,2021-09-07,2021-09-27,https://twitter.com/HPA_MV/status/1435159654535999488,Official social media post,,,,,,Permitted,,,Pfizer/BioNTech Comirnaty,Health Protection Agency,Public Health Authority,MV,Maldives,South Asia,Upper middle income
719,2021-09-07,2021-09-22,https://www.facebook.com/MSaudeSTeP/,Official social media post,,No position found,,,,No position found,,,,Ministry of Health,Public Health Authority,ST,Sao Tome and Principe,Sub-Saharan Africa,Lower middle income
936,2021-09-07,2021-11-14,https://msh.rks-gov.net/sq/msh-pranon-mbi-gjysme-milioni-vaksina-te-pfizer/,Press release,,Recommended for some or all,,,,Recommended for some or all,,,Pfizer/BioNTech Comirnaty,Ministry of Health,Public Health Authority,,Kosovo,Europe and Central Asia,Upper middle income
711,2021-09-08,2021-09-22,https://twitter.com/MinofHealthUG/status/1435523464232902660,Official social media post,,No position found,,,,No position found,,,,Ministry of Health,Public Health Authority,UG,Uganda,Sub-Saharan Africa,Low income
691,2021-09-08,2021-09-21,https://twitter.com/anss_guinee/status/1435641660705288197/photo/1,Official social media post,,No position found,,,,No position found,,,Johnson & Johnson Janssen COVID-19 vaccine,Ministry of Health,Public Health Authority,GN,Guinea,Sub-Saharan Africa,Low income
667,2021-09-09,2021-09-19,https://www2.hse.ie/screening-and-vaccinations/covid-19-vaccine/get-the-vaccine/breastfeeding/,Government website,,Permitted,,,,Recommended for some or all,,,"Pfizer/BioNTech Comirnaty|Moderna COVID-19 vaccine",Health Services Executive,Public Health Authority,IE,Ireland,Europe and Central Asia,High income
632,2021-09-09,2021-09-10,https://www.facebook.com/mohzambia/photos/a.773733439467982/1997860320388615,Official social media post,,Permitted,,,,No position found,,,,Ministry of Health,Public Health Authority,ZM,Zambia,Sub-Saharan Africa,Lower middle income
764,2021-09-09,2021-09-28,https://www.minsalud.gov.co/Paginas/Vicesalud-llama-a-reforzar-campanas-de-vacunacion-para-gestantes-.aspx,Press release,,,,,,Permitted,Advises administration in 2nd and 3rd trimester,,Pfizer/BioNTech Comirnaty,Ministry of Health,Public Health Authority,CO,Colombia,Latin America and Caribbean,Upper middle income
706,2021-09-10,2021-09-22,https://vaccinare-covid.gov.ro/cncav-sustine-vaccinarea-impotriva-covid-19-intr-un-mediu-favorabil-si-sigur/,Press release,,Permitted,,,,Permitted,,,,Ministry of Health,Public Health Authority,RO,Romania,Europe and Central Asia,High income
918,2021-09-10,2021-11-07,http://sogp.org/assets/frontend/uploads/positionpapers/SOGP%20Position%20Statement%20Covid%2019%20Vac%20NCOC.pdf,Guidance statement,,Recommended for some or all,,,,Recommended for some or all,,Not recommended,,Society of Obstetricians & Gynaecologists of Pakistan,Professional Society,PK,Pakistan,South Asia,Lower middle income
820,2021-09-11,2021-10-18,https://www.facebook.com/MPPSalud/posts/1790485114474248,,,,,,,Recommended for some or all,Advises administration in 2nd and 3rd trimester,,,Ministry of Popular Power for Health,Public Health Authority,VE,Venezuela,Latin America and Caribbean,Upper middle income
1086,2021-09-11,2021-12-14,http://health.govt.lc/news/paho-urges-prioritization-of-pregnant-and-lactating-women-for-covid-19-vaccinations,Press release,,Recommended for some or all,,,,Recommended for some or all,Advises administration in 2nd and 3rd trimester,,,Ministry of Health,Public Health Authority,LC,St. Lucia (OECS),Latin America and Caribbean,Upper middle income
853,2021-09-11,2021-10-22,https://covid.gov.cz/en/situations/information-about-vaccine/indications-vaccination-selected-groups,FAQ,,Recommended for some or all,,,,Recommended for some or all,,,"Pfizer/BioNTech Comirnaty|Moderna COVID-19 vaccine",Ministry of the Interior,Public Health Authority,CZ,Czech Republic,Europe and Central Asia,High income
635,,2021-09-12,https://www.vacunate.gov.py/index-preguntas-frecuentes.html,FAQ,,,,,,Permitted,Advises administration in 2nd and 3rd trimester,,"Pfizer/BioNTech Comirnaty|Moderna COVID-19 vaccine",Ministry of Public Health and Social Welfare,Public Health Authority,PY,Paraguay,Latin America and Caribbean,Upper middle income
750,2021-09-13,2021-09-27,https://twitter.com/HPA_MV/status/1437400672140472322,Press release,,Permitted,,,,Permitted,,,,Health Protection Agency,Public Health Authority,MV,Maldives,South Asia,Upper middle income
690,2021-09-13,2021-09-21,https://solidarites-sante.gouv.fr/grands-dossiers/vaccin-covid-19/je-suis-un-particulier/article/foire-aux-questions-reponses-cles,Fact sheet,,,,,,Recommended for some or all,Advises administration in 2nd and 3rd trimester,,"Pfizer/BioNTech Comirnaty|Moderna COVID-19 vaccine",Ministry of Solidarity and Health,Public Health Authority,"FR|GF|MF","France|French Guiana|St Martin (French part)","Europe and Central Asia|Latin America and Caribbean|Latin America and Caribbean","High income|High income|High income"
670,2021-09-13,2021-09-19,https://www.rivm.nl/covid-19-vaccinatie/vragen-achtergronden/zwangerschap,Guidance statement,,,,,,Not recommended,,,"Oxford-AstraZeneca Vaxzevria, Covishield",National Institute for Public Health and the Environment,Public Health Authority,NL,Netherlands,Europe and Central Asia,High income
640,,2021-09-13,https://vakcinacija.gov.rs/najcesca-pitanja-i-odgovori/,FAQ,,No position found,,,,No position found,,,,Institute of Public Health,Public Health Authority,RS,Serbia,Europe and Central Asia,Upper middle income
682,2021-09-13,2021-09-20,https://www.gov.br/saude/pt-br/coronavirus/publicacoes-tecnicas/guias-e-planos/plano-nacional-de-vacinacao-covid-19/view,Guidance statement,,Not recommended,,,,Not recommended,,Not required,"Oxford-AstraZeneca Vaxzevria, Covishield",Ministry of Health,Public Health Authority,BR,Brazil,Latin America and Caribbean,Upper middle income
671,2021-09-13,2021-09-19,https://www.health.gov.fj/covid-vaccine/vaccine-faqs/,FAQ,,Permitted,,,,Permitted,,,Moderna COVID-19 vaccine,Ministry of Health and Medical Services,Public Health Authority,FJ,Fiji,East Asia and Pacific,Upper middle income
669,2021-09-13,2021-09-19,https://www.rivm.nl/covid-19-vaccinatie/vragen-achtergronden/zwangerschap,Guidance statement,,Permitted,,,,Recommended for some or all,,,"Pfizer/BioNTech Comirnaty|Moderna COVID-19 vaccine",National Institute for Public Health and the Environment,Public Health Authority,NL,Netherlands,Europe and Central Asia,High income
681,2021-09-13,2021-09-20,https://www.gov.br/saude/pt-br/coronavirus/publicacoes-tecnicas/guias-e-planos/plano-nacional-de-vacinacao-covid-19/view,Guidance statement,,Recommended for some or all,"Lactating people SHOULD consult provider / ""talk to provider""",,,Recommended for some or all,,Not required,"Pfizer/BioNTech Comirnaty|Sinovac CoronaVac",Ministry of Health,Public Health Authority,BR,Brazil,Latin America and Caribbean,Upper middle income
673,2021-09-14,2021-09-19,https://www.bda.bg/bg/covid-19,Fact sheet,,Permitted with qualifications,Lactating people MUST consult provider,Provider consultation required,,Permitted with qualifications,Provider consultation required,,Johnson & Johnson Janssen COVID-19 vaccine,Bulgarian Drug Agency,Regulatory Body,BG,Bulgaria,Europe and Central Asia,Upper middle income
822,2021-09-14,2021-10-19,https://www.facebook.com/fsmhealth.fm/posts/379148457036201,Official social media post,,Recommended for some or all,,,,Recommended for some or all,,,,Department of Health and Social Affairs,Public Health Authority,FM,"Micronesia, Fed. Sts.",East Asia and Pacific,Lower middle income
642,,2021-09-14,https://health.gov.tt/covid-19/covid-19-vaccine/faqs,FAQ,,Permitted with qualifications,,If received 1st dose with this vaccine,,Permitted with qualifications,"Advises administration in 2nd and 3rd trimester|Provider consultation required",,Pfizer/BioNTech Comirnaty,Ministry of Health,Public Health Authority,TT,Trinidad and Tobago,Latin America and Caribbean,High income
644,,2021-09-14,https://health.gov.tt/covid-19/covid-19-vaccine/faqs,FAQ,,Permitted,,,,,,,Sinopharm BIBP-CorV,Ministry of Health,Public Health Authority,TT,Trinidad and Tobago,Latin America and Caribbean,High income
754,2021-09-14,2021-09-28,https://www.oeggg.at/leitlinien-stellungnahmen/covid-19-sars-cov-2/,Guidance statement,,Recommended for some or all,,,,Recommended for some or all,,,"Pfizer/BioNTech Comirnaty|Moderna COVID-19 vaccine",Austrian Society for Gynecology and Obstetrics,Professional Society,AT,Austria,Europe and Central Asia,High income
860,2021-09-14,2021-10-26,https://www.sggg.ch/fr/nouvelles/detail/1/infection-a-coronavirus-covid-19-et-grossesse/,Guidance statement,,Recommended for some or all,,,,Recommended for some or all,Advises administration in 2nd and 3rd trimester,,"Pfizer/BioNTech Comirnaty|Moderna COVID-19 vaccine",Swiss Society for Obstetrics and Gynecology,Professional Society,CH,Switzerland,Europe and Central Asia,High income
720,2021-09-15,2021-09-22,https://www.bag.admin.ch/bag/en/home/krankheiten/ausbrueche-epidemien-pandemien/aktuelle-ausbrueche-epidemien/novel-cov/impfen.html#-1430125092,FAQ,,Recommended for some or all,,,,Recommended for some or all,Advises administration in 2nd and 3rd trimester,,"Pfizer/BioNTech Comirnaty|Moderna COVID-19 vaccine",Liechtenstein State Administration,Public Health Authority,LI,Liechtenstein,Europe and Central Asia,High income
968,2021-09-15,2021-11-21,https://moh.gov.so/en/2021/08/12/environmental-and-social-commitment-plan-escp/,Government website,,No position found,,,,No position found,,,"Oxford-AstraZeneca Vaxzevria, Covishield|Gamaleya Sputnik V",Ministry of Health,Public Health Authority,SO,Somalia,Sub-Saharan Africa,Low income
679,2021-09-15,2021-09-20,https://www.bag.admin.ch/bag/en/home/krankheiten/ausbrueche-epidemien-pandemien/aktuelle-ausbrueche-epidemien/novel-cov/impfen.html#-1430125092,FAQ,,Recommended for some or all,,,,Recommended for some or all,Advises administration in 2nd and 3rd trimester,,"Pfizer/BioNTech Comirnaty|Moderna COVID-19 vaccine",Federal Office of Public Health,Public Health Authority,CH,Switzerland,Europe and Central Asia,High income
726,2021-09-16,2021-09-22,https://www.ssm.gov.mo/apps1/covid19vaccine/en.aspx#clg18755,FAQ,,Permitted with qualifications,,"Elevated risk of serious disease|Elevated risk of exposure",,Not recommended but with exceptions,"Elevated risk of exposure (occupational, housing)|Elevated risk of serious disease (underlying condition, co-morbidity, age)",,Sinopharm BIBP-CorV,Center for Disease Control and Prevention,Public Health Authority,MO,"Macao SAR, China",East Asia and Pacific,High income
792,2021-09-16,2021-10-08,https://www.facebook.com/FMOH.SUDAN/photos/a.2970096623263296/2985753425030949,Official social media post,,,,,,Permitted with qualifications,"Elevated risk of exposure (occupational, housing)|Elevated risk of serious disease (underlying condition, co-morbidity, age)",,,Ministry of Health,Public Health Authority,SD,Sudan,Sub-Saharan Africa,Low income
725,2021-09-16,2021-09-22,https://www.ssm.gov.mo/apps1/covid19vaccine/en.aspx#clg18755,FAQ,,Permitted,,,,Not recommended but with exceptions,"Elevated risk of exposure (occupational, housing)|Elevated risk of serious disease (underlying condition, co-morbidity, age)",,Pfizer/BioNTech Comirnaty,Center for Disease Control and Prevention,Public Health Authority,MO,"Macao SAR, China",East Asia and Pacific,High income
793,2021-09-16,2021-10-08,https://www.facebook.com/FMOH.SUDAN/photos/a.2970096623263296/2985885688351056,Official social media post,,Permitted,,,,,,,,Ministry of Health,Public Health Authority,SD,Sudan,Sub-Saharan Africa,Low income
708,2021-09-17,2021-09-22,https://mohs.gov.mm/page/17483,Guidance statement,,,,,,,,,,Ministry of Health and Sports,Public Health Authority,MM,Myanmar,East Asia and Pacific,Lower middle income
1188,2021-09-17,2022-01-18,https://www.news.gov.dm/news/5329-dcfh-launches-lunch-and-learn-series-to-encourage-vaccination-among-staff,Press release,,No position found,,,,Recommended for some or all,,,"Pfizer/BioNTech Comirnaty|Moderna COVID-19 vaccine","Ministry of Health, Wellness, and New Health Investment",Public Health Authority,DM,Dominica (OECS),Latin America and Caribbean,Upper middle income
672,,2021-09-17,https://cov19vaccine.moh.gov.kw/SPCMS/CVD_19_Vaccine_Registration.aspx,Consent form/screening checklist,,No position found,,,,Permitted,,,,Ministry of Health,Public Health Authority,KW,Kuwait,Middle East and North Africa,High income
694,2021-09-18,2021-09-21,https://twitter.com/samoagovt/status/1439423934932275204/photo/1,Press release,,Permitted with qualifications,,,,Not recommended,,,,Ministry of Health,Public Health Authority,WS,Samoa,East Asia and Pacific,Upper middle income
1032,2021-09-18,2021-11-30,https://m-partners.facebook.com/MoHSSNamibia/videos/pregnant-and-breastfeeding-women-please-go-and-get-vaccinated-covid-19-vaccines-/440512974037719/?_se_imp=0miM4SkJOZsHLeGJo,Official social media post,,Recommended for some or all,,,,Recommended for some or all,,,"Pfizer/BioNTech Comirnaty|Moderna COVID-19 vaccine|Oxford-AstraZeneca Vaxzevria, Covishield|Sinopharm BIBP-CorV",Ministry of Health,Public Health Authority,NA,Namibia,Sub-Saharan Africa,Upper middle income
863,2021-09-20,2021-10-26,https://www.zzjzfbih.ba/informacije-o-cjepivu/,Fact sheet,,,"Lactating people SHOULD consult provider / ""talk to provider""",,,Permitted with qualifications,"Elevated risk of exposure (occupational, housing)|Elevated risk of serious disease (underlying condition, co-morbidity, age)",,Johnson & Johnson Janssen COVID-19 vaccine,Institute for Public Health,Public Health Authority,BA,Bosnia and Herzegovina,Europe and Central Asia,Upper middle income
683,,2021-09-20,https://www.service-public.pf/dsp/covid-19/faq-vaccination/,FAQ,,Recommended for some or all,,,,Recommended for some or all,,,Pfizer/BioNTech Comirnaty,Health Administration,Public Health Authority,PF,French Polynesia,East Asia and Pacific,High income
710,2021-09-20,2021-09-22,https://twitter.com/TMCGLtd/status/1439839283037224963,Official social media post,,No position found,,,,No position found,,,"Oxford-AstraZeneca Vaxzevria, Covishield",Ministry of Health,Public Health Authority,UG,Uganda,Sub-Saharan Africa,Low income
684,,2021-09-20,https://www.service-public.pf/dsp/covid-19/faq-vaccination/,FAQ,,Not recommended,,,,Not recommended,,,Johnson & Johnson Janssen COVID-19 vaccine,Health Administration,Public Health Authority,PF,French Polynesia,East Asia and Pacific,High income
871,2021-09-20,2021-10-26,https://khovar.tj/2021/09/saidbek-sattorov-mar-ilai-duyumi-vaksina-bar-ziddi-covid-19-boyad-shash-mo-pas-az-mar-ilai-avval-surat-girad/,Press release,,Not recommended,,,,Not recommended,,,,Ministry of Health and Social Protection,Public Health Authority,TJ,Tajikistan,Europe and Central Asia,Low income
685,2021-09-20,2021-09-20,https://www.health.govt.nz/our-work/diseases-and-conditions/covid-19-novel-coronavirus/covid-19-vaccines/covid-19-vaccine-health-advice/covid-19-pregnancy-and-breastfeeding-vaccine-advice,Guidance statement,,Permitted,,,,Recommended for some or all,,,Pfizer/BioNTech Comirnaty,Ministry of Health,Public Health Authority,"NZ|TK|NU","New Zealand|Tokelau|Niue","East Asia and Pacific|East Asia and Pacific|East Asia and Pacific","High income|Upper middle income|High income"
812,2021-09-20,2021-10-12,https://www.bda.bg/bg/covid-19,Fact sheet,,Permitted with qualifications,Lactating people MUST consult provider,Provider consultation required,,Permitted with qualifications,Provider consultation required,,"Oxford-AstraZeneca Vaxzevria, Covishield",Bulgarian Drug Agency,Regulatory Body,BG,Bulgaria,Europe and Central Asia,Upper middle income
697,2021-09-21,2021-09-22,https://kkk.kriis.ee/en/faq/covid-19-vaccination/side-effects,FAQ,,Permitted,,,,,,,,Ministry of Social Affairs,Public Health Authority,EE,Estonia,Europe and Central Asia,High income
742,2021-09-21,2021-09-24,https://www.zusammengegencorona.de/impfen/familien/die-corona-schutzimpfung-fuer-schwangere/,Guidance statement,,Recommended for some or all,,,,Recommended for some or all,Advises administration in 2nd and 3rd trimester,,"Pfizer/BioNTech Comirnaty|Moderna COVID-19 vaccine",Federal Ministry of Health,Public Health Authority,DE,Germany,Europe and Central Asia,High income
723,2021-09-21,2021-09-22,https://www.covidvaccine.gov.hk/en/faq,FAQ,,Recommended for some or all,"Lactating people SHOULD consult provider / ""talk to provider""",,,Recommended for some or all,,,Pfizer/BioNTech Comirnaty,"Centre for Health Protection, Department of Health",Public Health Authority,HK,"Hong Kong SAR, China",East Asia and Pacific,High income
903,2021-09-21,2021-11-02,https://www.moh.gov.sy/Default.aspx?tabid=206&language=ar-YE,Press release,,Not recommended,,,,Not recommended,,,,Ministry of Health,Public Health Authority,SY,Syria,Middle East and North Africa,Low income
724,2021-09-21,2021-09-22,https://www.covidvaccine.gov.hk/en/faq,FAQ,,Not recommended,,,,Not recommended,,,Sinovac CoronaVac,"Centre for Health Protection, Department of Health",Public Health Authority,HK,"Hong Kong SAR, China",East Asia and Pacific,High income
926,2021-09-22,2021-11-07,https://covid19.gov.vn/bo-y-te-khan-truong-tiem-vaccine-covid-19-cho-phu-nu-mang-thai-tren-13-tuan-171210922142558109.htm,Press release,,Not recommended,,,,Not recommended,,,Gamaleya Sputnik V,Ministry of Health,Public Health Authority,VN,Vietnam,East Asia and Pacific,Lower middle income
717,,2021-09-22,https://behdasht.gov.ir/%D8%B1%D8%A7%D9%87%D9%86%D9%85%D8%A7%D9%87%D8%A7%DB%8C-%D8%A2%D9%85%D9%88%D8%B2%D8%B4%DB%8C-%DA%A9%D8%B1%D9%88%D9%86%D8%A7/%D8%A8%D8%B1%D9%86%D8%A7%D9%85%D9%87-%D9%85%D9%84%DB%8C-%D8%A7%D8%B3%D8%AA%D9%82%D8%B1%D8%A7%D8%B1-%D9%88-%DA%AF%D8%B3%D8%AA%D8%B1%D8%B4-%D9%88%D8%A7%DA%A9%D8%B3%DB%8C%D9%86%D8%A7%D8%B3%DB%8C%D9%88%D9%86-%DA%A9%D8%B1%D9%88%D9%86%D8%A7,Guidance statement,,,,,,,,,,Ministry of Health and Medical Education,Public Health Authority,IR,"Iran, Islamic Rep.",Middle East and North Africa,Upper middle income
410,2021-09-22,2021-07-06,https://www.gub.uy/ministerio-salud-publica/book/5372/download,FAQ,,Recommended for some or all,,"Elevated risk of exposure|Elevated risk of serious disease",,Recommended for some or all,,,"Sinovac CoronaVac|Pfizer/BioNTech Comirnaty",Ministry of Public Health,Public Health Authority,UY,Uruguay,Latin America and Caribbean,High income
838,2021-09-22,2021-10-19,https://kkk.kriis.ee/en/faq/covid-19-vaccination/vaccination-in-estonia,FAQ,,Permitted,,,,Recommended for some or all,,,,Ministry of Social Affairs,Public Health Authority,EE,Estonia,Europe and Central Asia,High income
745,2021-09-22,2021-09-24,https://www.iss.it/comunicati-stampa/-/asset_publisher/fjTKmjJgSgdK/content/id/5846610?_com_liferay_asset_publisher_web_portlet_AssetPublisherPortlet_INSTANCE_fjTKmjJgSgdK_redirect=https%3A%2F%2Fwww.iss.it%2Fcomunicati-stampa%3Fp_p_id%3Dcom_liferay_asset_publisher_web_portlet_AssetPublisherPortlet_INSTANCE_fjTKmjJgSgdK%26p_p_lifecycle%3D0%26p_p_state%3Dnormal%26p_p_mode%3Dview%26_com_liferay_asset_publisher_web_portlet_AssetPublisherPortlet_INSTANCE_fjTKmjJgSgdK_cur%3D0%26p_r_p_resetCur%3Dfalse%26_com_liferay_asset_publisher_web_portlet_AssetPublisherPortlet_INSTANCE_fjTKmjJgSgdK_assetEntryId%3D5846610,Guidance statement,,Permitted,,,,Recommended for some or all,Advises administration in 2nd and 3rd trimester,,"Pfizer/BioNTech Comirnaty|Moderna COVID-19 vaccine",Superior Institute of Health (ISS),Public Health Authority,IT,Italy,Europe and Central Asia,High income
925,2021-09-22,2021-11-07,https://covid19.gov.vn/bo-y-te-khan-truong-tiem-vaccine-covid-19-cho-phu-nu-mang-thai-tren-13-tuan-171210922142558109.htm,Press release,,,,,,Recommended for some or all,Advises administration in 2nd and 3rd trimester,,"Sinopharm BIBP-CorV|Pfizer/BioNTech Comirnaty|Johnson & Johnson Janssen COVID-19 vaccine|Moderna COVID-19 vaccine",Ministry of Health,Public Health Authority,VN,Vietnam,East Asia and Pacific,Lower middle income
1300,2021-09-23,2022-03-01,https://www.facebook.com/permalink.php?story_fbid=426354992191339&id=110150373811804,Official social media post,,Permitted,,,,Permitted,,,,Government,Public Health Authority,SZ,Eswatini,Sub-Saharan Africa,Lower middle income
1251,2021-09-23,2022-02-07,https://corona.nun.gl/da/vaccination/vaccination-til-gravide-og-ammende/,Guidance statement,,Permitted,,,,Permitted,Advises administration in 2nd and 3rd trimester,,"Pfizer/BioNTech Comirnaty|Moderna COVID-19 vaccine",National Board of Health,Public Health Authority,GL,Greenland,Europe and Central Asia,High income
794,2021-09-23,2021-10-09,https://www.rivm.nl/covid-19-vaccinatie/vragen-achtergronden/vaccineren-tijdens-zwangerschap,Guidance statement,,Permitted,,,,Recommended for some or all,,,"Pfizer/BioNTech Comirnaty|Moderna COVID-19 vaccine","Ministry of Health, Welfare, and Sport",Public Health Authority,NL,Netherlands,Europe and Central Asia,High income
827,2021-09-23,2021-10-19,https://www.facebook.com/NCDC.LY/photos/a.1506138162990736/3039023249702212/,Press release,,Permitted,,,,,,,,National Center for Disease Control,Public Health Authority,LY,Libya,Middle East and North Africa,Upper middle income
741,2021-09-23,2021-09-24,https://www.rki.de/DE/Content/Infekt/EpidBull/Archiv/2021/38/Art_02.html,Guidance statement,,Recommended for some or all,,,,Recommended for some or all,Advises administration in 2nd and 3rd trimester,,"Pfizer/BioNTech Comirnaty|Moderna COVID-19 vaccine",Standing Vaccination Commission (STIKO),Public Health Authority,DE,Germany,Europe and Central Asia,High income
1023,2021-09-23,2021-11-29,https://gouv.nc/espace-presse/agenda-des-campagnes-de-vaccination-23-septembre-2021,Press release,,Permitted,,,,Recommended for some or all,,,,Government of New Caledonia,Public Health Authority,NC,New Caledonia,East Asia and Pacific,High income
887,2021-09-23,2021-10-30,https://www.facebook.com/MOHGhana/photos/a.430691360425999/2002950066533446/?type=3&theater,Official social media post,,No position found,,,,,,,"Oxford-AstraZeneca Vaxzevria, Covishield",Ministry of Health,Public Health Authority,GH,Ghana,Sub-Saharan Africa,Lower middle income
796,2021-09-23,2021-10-09,https://twitter.com/_GHSofficial/status/1441168602506440708/photo/1,Official social media post,,No position found,,,,,,,"Oxford-AstraZeneca Vaxzevria, Covishield",Ghana Health Service,Public Health Authority,GH,Ghana,Sub-Saharan Africa,Lower middle income
766,2021-09-23,2021-09-29,https://www.zzjzfbih.ba/informacije-o-cjepivu/,Fact sheet,,,"Lactating people SHOULD consult provider / ""talk to provider""",,,Permitted with qualifications,"Elevated risk of exposure (occupational, housing)|Elevated risk of serious disease (underlying condition, co-morbidity, age)",,Pfizer/BioNTech Comirnaty,Institute for Public Health,Public Health Authority,BA,Bosnia and Herzegovina,Europe and Central Asia,Upper middle income
1061,2021-09-23,2021-12-05,http://asp.salud.gob.sv/regulacion/buscar1.asp,Government website,,No position found,,,,No position found,,,,Ministry of Health,Public Health Authority,SV,El Salvador,Latin America and Caribbean,Lower middle income
816,2021-09-24,2021-10-16,https://www.facebook.com/333266543498314/photos/a.1433720590119565/2005544399603845/?type=3&theater,Official social media post,,No position found,,,,No position found,,,"Oxford-AstraZeneca Vaxzevria, Covishield|Johnson & Johnson Janssen COVID-19 vaccine|Sinopharm BIBP-CorV",Ministry of Public Health,Public Health Authority,NE,Niger,Sub-Saharan Africa,Low income
819,2021-09-24,2021-10-18,https://www.facebook.com/wizaraafyatz/posts/4491598857527213,Official social media post,,Permitted,,,,Permitted,,,,"Ministry of Health, Community Development, Gender, Elderly and Children",Public Health Authority,TZ,Tanzania,Sub-Saharan Africa,Lower middle income
915,2021-09-26,2021-11-07,https://www.youtube.com/watch?v=NaY4WX59d_o,Official social media post,,Recommended for some or all,,,,Recommended for some or all,,,,Society of Obstetricians & Gynaecologists of Pakistan,Professional Society,PK,Pakistan,South Asia,Lower middle income
1040,2021-09-27,2021-12-01,https://sites.google.com/view/hpbmoh/faqs/faqs-english,FAQ,,Permitted,,,,Permitted,,,"Sinopharm BIBP-CorV|Oxford-AstraZeneca Vaxzevria, Covishield|Pfizer/BioNTech Comirnaty|Moderna COVID-19 vaccine",Health Promotion Bureau,Public Health Authority,LK,Sri Lanka,South Asia,Lower middle income
747,,2021-09-27,https://www.covidodgovor.me/me/cesta-pitanja,FAQ,,Permitted,Lactating people CAN/MAY consult provider,,,Permitted,Advises administration in 2nd and 3rd trimester,,Pfizer/BioNTech Comirnaty,"Ministry of Health and the Ministry of Public Administration, Digital Society and Media",Public Health Authority,ME,Montenegro,Europe and Central Asia,Upper middle income
1222,2021-09-27,2022-01-31,http://minzdrav.gov.by/ru/novoe-na-sayte/detail.php?ID=330976&sphrase_id=386001,Guidance statement,,Permitted,,,,Permitted,,,,Ministry of Health,Public Health Authority,BY,Belarus,Europe and Central Asia,Upper middle income
1312,2021-09-28,2022-03-08,https://www.sst.dk/da/Udgivelser/2021/Pjece-Information-til-gravide-og-ammende-om-vaccination-mod-COVID-19,Fact sheet,,Recommended for some or all,,,,Recommended for some or all,Advises administration in 2nd and 3rd trimester,,"Pfizer/BioNTech Comirnaty|Moderna COVID-19 vaccine",The Government of the Faroe Islands,Public Health Authority,FO,Faroe Islands,Europe and Central Asia,High income
1087,2021-09-29,2021-12-14,https://www.gov.ms/2021/09/29/register-for-the-pfizer-vaccine-by-october-15/,Press release,,,,,,Permitted,,,Pfizer/BioNTech Comirnaty,Government of Montserrat,Public Health Authority,MS,Montserrat,Latin America and Caribbean,High income
804,2021-09-29,2021-10-11,https://www.health.govt.nz/our-work/diseases-and-conditions/covid-19-novel-coronavirus/covid-19-vaccines/covid-19-vaccine-health-advice/covid-19-vaccine-pregnancy-and-breastfeeding,Guidance statement,,Permitted,,,,Recommended for some or all,,,Pfizer/BioNTech Comirnaty,Ministry of Health,Public Health Authority,"NZ|TK|NU","New Zealand|Tokelau|Niue","East Asia and Pacific|East Asia and Pacific|East Asia and Pacific","High income|Upper middle income|High income"
783,2021-09-29,2021-09-29,https://emergency.cdc.gov/han/2021/han00453.asp?fbclid=IwAR0XYVt7H9k4-ta2HePiGxK9qMVoQyu4fxd1aJk5AvUo9dkLoWCGXCPL4QE,Press release,,Recommended for some or all,,,,Recommended for some or all,,,,Centers for Disease Control and Prevention,Public Health Authority,"US|VI","United States|Virgin Islands (US)","North America|Latin America and Caribbean","High income|High income"
971,2021-09-30,2021-11-22,https://www.thecable.ng/nphcda-recommends-covid-19-vaccine-for-pregnant-women,Media article,,Recommended for some or all,Lactation consultation NOT required,,,Recommended for some or all,,Not required,,National Primary Health Care Development Agency,Public Health Authority,NG,Nigeria,Sub-Saharan Africa,Lower middle income
788,2021-09-30,2021-10-08,https://sante.gouv.cg/note-circulaire-faisant-obligation-aux-personnels-de-sante-de-se-faire-vacciner-contre-la-covid-19/,Press release,,No position found,,,,No position found,,,,Ministry of Health,Public Health Authority,CG,"Congo, Rep.",Sub-Saharan Africa,Lower middle income
1106,2021-09-30,2021-12-21,https://ghs.guam.gov/jic-release-no-806-197th-covid-19-related-fatality-58-hospitalized-144-1295-test-positive-pfizer,Press release,,,,,,Recommended for some or all,,,,Department of Public Health and Social Services,Public Health Authority,GU,Guam,East Asia and Pacific,High income
777,2021-10-01,2021-10-04,https://www.batut.org.rs/index.php?content=2223,Guidance statement,,Permitted,,,,Permitted,Advises administration in 2nd and 3rd trimester,,Pfizer/BioNTech Comirnaty,Institute of Public Health,Public Health Authority,RS,Serbia,Europe and Central Asia,Upper middle income
779,2021-10-01,2021-10-04,https://www.batut.org.rs/index.php?content=2223,Guidance statement,,Not recommended,,,,Not recommended,,,Gamaleya Sputnik V,Institute of Public Health,Public Health Authority,RS,Serbia,Europe and Central Asia,Upper middle income
897,2021-10-01,2021-11-01,https://www.health.govt.nz/system/files/documents/pages/covid-19-vaccine-pregnancy-breastfeeding-brochure-1oct2021.pdf,Fact sheet,,Permitted,,,,Recommended for some or all,,,Pfizer/BioNTech Comirnaty,Ministry of Health,Public Health Authority,"NZ|TK|NU","New Zealand|Tokelau|Niue","East Asia and Pacific|East Asia and Pacific|East Asia and Pacific","High income|Upper middle income|High income"
1258,2021-10-01,2022-02-07,https://governo.gov.ao/ao/noticias/novo-decreto-em-vigor/,Press release,,,,,,Recommended for some or all,,,,Ministry of Health,Public Health Authority,AO,Angola,Sub-Saharan Africa,Lower middle income
778,2021-10-01,2021-10-04,https://www.batut.org.rs/index.php?content=2223,Guidance statement,,Permitted,,,,,,,"Oxford-AstraZeneca Vaxzevria, Covishield|Sinopharm BIBP-CorV",Institute of Public Health,Public Health Authority,RS,Serbia,Europe and Central Asia,Upper middle income
784,2021-10-01,2021-10-07,https://www.acog.org/clinical/clinical-guidance/practice-advisory/articles/2020/12/covid-19-vaccination-considerations-for-obstetric-gynecologic-care,Guidance statement,,Recommended for some or all,,,,Recommended for some or all,,,"Pfizer/BioNTech Comirnaty|Moderna COVID-19 vaccine|Johnson & Johnson Janssen COVID-19 vaccine",American College of Obstetricians and Gynecologists,Professional Society,US,United States,North America,High income
791,2021-10-01,2021-10-08,https://www.facebook.com/FMOH.SUDAN/posts/2996442333962058,Official social media post,,,,,,,,,,Ministry of Health,Public Health Authority,SD,Sudan,Sub-Saharan Africa,Low income
912,2021-10-02,2021-11-06,https://www.moh.am/#1/4365,Press release,,Permitted,,,,,,,,"National Center for Disease Control (NCDC), Ministry of Health",Public Health Authority,AM,Armenia,Europe and Central Asia,Upper middle income
937,2021-10-03,2021-11-14,https://www.moh.gov.ps/portal/%d8%a7%d9%84%d8%b5%d8%ad%d8%a9-%d8%a7%d9%84%d9%84%d9%82%d8%a7%d8%ad%d8%a7%d8%aa-%d8%b6%d8%af-%d9%83%d9%88%d9%81%d9%8a%d8%af-%d8%a2%d9%85%d9%86%d8%a9-%d9%88%d9%86%d8%af%d8%b9%d9%88-%d8%a7%d9%84%d9%86/,Press release,,Recommended for some or all,,,,Recommended for some or all,,,,Ministry of Health,Public Health Authority,PS,West Bank and Gaza,Middle East and North Africa,Lower middle income
810,2021-10-04,2021-10-12,https://www.facebook.com/PMOBhutan/photos/pcb.4354784661300870/4354778874634782,Official social media post,,Permitted,,,,Permitted,,,,Prime Minister's Office/Ministry of Health,Public Health Authority,BT,Bhutan,South Asia,Lower middle income
774,,2021-10-04,https://cijepise.zdravlje.hr/#1614286746197-193eb791-88d0,Government website,,Permitted,"Lactating people SHOULD consult provider / ""talk to provider""","Elevated risk of exposure|Elevated risk of serious disease",,Permitted,"Elevated risk of exposure (occupational, housing)|Elevated risk of serious disease (underlying condition, co-morbidity, age)",Not required,,Institute of Public Health,Public Health Authority,HR,Croatia,Europe and Central Asia,High income
830,2021-10-05,2021-10-19,http://www.kdca.go.kr/gallery.es?mid=a20503030300&bid=0004&act=view&list_no=145339,FAQ,,Recommended for some or all,,,,Recommended for some or all,,Not required,"Pfizer/BioNTech Comirnaty|Moderna COVID-19 vaccine",Korea Disease Control and Prevention Agency,Public Health Authority,KR,"Korea, Rep.",East Asia and Pacific,High income
984,2021-10-05,2021-11-23,https://ghs.guam.gov/sites/default/files/dphss_physicians_advisory_2022-01_covid-19_vaccination_pregnancy.pdf,Press release,,Recommended for some or all,,,,Recommended for some or all,,,"Pfizer/BioNTech Comirnaty|Moderna COVID-19 vaccine",Department of Public Health and Social Services,Public Health Authority,GU,Guam,East Asia and Pacific,High income
826,2021-10-05,2021-10-19,https://mohs.gov.mm/ckfinder/connector?command=Proxy&lang=en&type=Main&currentFolder=%2FNews%2FNews_2021%2FOct_2021(A)%2F&hash=a6a1c319429b7abc0a8e21dc137ab33930842cf5&fileName=GAVI%20COVAX%20Facility%20MoH%20English%20(5-10-2021).pdf,Press release,,,,,,,,,,Ministry of Health and Sports,Public Health Authority,MM,Myanmar,East Asia and Pacific,Lower middle income
1031,2021-10-05,2021-11-30,https://www.salud.gov.pr/CMS/371,Press release,,Recommended for some or all,,,,Recommended for some or all,,,,Department of Health,Public Health Authority,PR,Puerto Rico,Latin America and Caribbean,High income
1198,2021-10-05,2022-01-25,https://covid19.gov.ag/2021/10/05/medical-exemption/,Consent form/screening checklist,,Permitted,,,,Permitted,,,,"Ministry of Health, Wellness & Environment",Public Health Authority,AG,Antigua and Barbuda (OECS),Latin America and Caribbean,High income
865,2021-10-05,2021-10-26,https://www.zzjzfbih.ba/informacije-o-cjepivu/,FAQ,,Recommended for some or all,,,,Recommended for some or all,"Elevated risk of exposure (occupational, housing)|Elevated risk of serious disease (underlying condition, co-morbidity, age)",Not required,,Institute for Public Health,Public Health Authority,BA,Bosnia and Herzegovina,Europe and Central Asia,Upper middle income
808,2021-10-06,2021-10-12,https://www.vmnvd.gov.lv/lv/vakcinacijas-rokasgramata-informativais-materials-vakcinacijas-veicejiem,Guidance statement,,Permitted,,,,Permitted,,Not required,"Pfizer/BioNTech Comirnaty|Moderna COVID-19 vaccine",National Health Service,Public Health Authority,LV,Latvia,Europe and Central Asia,High income
1100,2021-10-06,2021-12-19,https://www.msp.gob.do/web/?p=13541,Press release,,,,,,Recommended for some or all,Advises administration in 2nd and 3rd trimester,,,Ministry of Public Health,Public Health Authority,DO,Dominican Republic,Latin America and Caribbean,Upper middle income
809,2021-10-06,2021-10-12,https://www.vmnvd.gov.lv/lv/vakcinacijas-rokasgramata-informativais-materials-vakcinacijas-veicejiem,Guidance statement,,Permitted,,,,Not recommended,,Not required,"Oxford-AstraZeneca Vaxzevria, Covishield|Johnson & Johnson Janssen COVID-19 vaccine",National Health Service,Public Health Authority,LV,Latvia,Europe and Central Asia,High income
842,2021-10-07,2021-10-20,https://www.moh.gov.ps/portal/moh-gaza-urges-pregnant-women-to-receive-the-covid-19-vaccine-as-soon-as-possible/,Press release,,,,,,Recommended for some or all,,,,Ministry of Health,Public Health Authority,PS,West Bank and Gaza,Middle East and North Africa,Lower middle income
886,2021-10-07,2021-10-29,http://www.minsa.gob.ni/index.php/111-noticias2021/6821-nicaragua-inicia-el-13-de-octubre-la-vacunacion-contra-el-covid-en-embarazadas,Press release,,Permitted,,,,Permitted,Advises administration in 2nd and 3rd trimester,,Pfizer/BioNTech Comirnaty,Ministry of Health,Public Health Authority,NI,Nicaragua,Latin America and Caribbean,Lower middle income
798,2021-10-07,2021-10-11,https://www.argentina.gob.ar/coronavirus/vacuna/equipos-salud/lineamientos-manual-vacunador,Guidance statement,,Permitted with qualifications,Lactating people MUST consult provider,"Provider consultation required|Prescription required",,Permitted with qualifications,"Provider consultation required|Prescription required",Not recommended,"Pfizer/BioNTech Comirnaty|Sinopharm BIBP-CorV",Ministry of Health,Public Health Authority,AR,Argentina,Latin America and Caribbean,Upper middle income
864,2021-10-07,2021-10-26,https://www.zzjzfbih.ba/informacije-o-cjepivu/,Fact sheet,,,"Lactating people SHOULD consult provider / ""talk to provider""",,,Permitted with qualifications,"Elevated risk of exposure (occupational, housing)|Elevated risk of serious disease (underlying condition, co-morbidity, age)",,"Oxford-AstraZeneca Vaxzevria, Covishield",Institute for Public Health,Public Health Authority,BA,Bosnia and Herzegovina,Europe and Central Asia,Upper middle income
802,2021-10-07,2021-10-11,https://www.gov.br/saude/pt-br/coronavirus/publicacoes-tecnicas/guias-e-planos/plano-nacional-de-vacinacao-covid-19/view,Guidance statement,,Recommended for some or all,,,,Recommended for some or all,,Not required,"Pfizer/BioNTech Comirnaty|Sinopharm BIBP-CorV",Ministry of Health,Public Health Authority,BR,Brazil,Latin America and Caribbean,Upper middle income
829,2021-10-07,2021-10-19,http://www.kdca.go.kr/board/board.es?mid=a20501010000&bid=0015&act=view&list_no=717190,Press release,,,,,,Recommended for some or all,,,"Pfizer/BioNTech Comirnaty|Moderna COVID-19 vaccine",Korea Disease Control and Prevention Agency,Public Health Authority,KR,"Korea, Rep.",East Asia and Pacific,High income
1114,2021-10-07,2021-12-24,https://dpi.gov.gy/health-ministry-rolls-out-covid-19-vaccination-campaign-for-pregnant-breastfeeding-women/,Press release,,Recommended for some or all,,,,Recommended for some or all,,,"Pfizer/BioNTech Comirnaty|Oxford-AstraZeneca Vaxzevria, Covishield|Gamaleya Sputnik V|Sinopharm BIBP-CorV",Ministry of Health,Public Health Authority,GY,Guyana,Latin America and Caribbean,Upper middle income
803,2021-10-07,2021-10-11,https://www.gov.br/saude/pt-br/coronavirus/publicacoes-tecnicas/guias-e-planos/plano-nacional-de-vacinacao-covid-19/view,Guidance statement,,Not recommended,,,,Not recommended,,Not required,"Oxford-AstraZeneca Vaxzevria, Covishield",Ministry of Health,Public Health Authority,BR,Brazil,Latin America and Caribbean,Upper middle income
787,2021-10-07,2021-10-07,https://www.facebook.com/santetunisie.rns.tn/posts/4569713073067761,Official social media post,,,,,,Permitted,,,,Ministry of Health,Public Health Authority,TN,Tunisia,Middle East and North Africa,Lower middle income
958,2021-10-07,2021-11-17,https://www.zzjzfbih.ba/informacije-o-cjepivu/,Guidance statement,,Recommended for some or all,,,,Recommended for some or all,,,Pfizer/BioNTech Comirnaty,Institute for Public Health,Public Health Authority,BA,Bosnia and Herzegovina,Europe and Central Asia,Upper middle income
831,2021-10-07,2021-10-19,http://www.kdca.go.kr/gallery.es?mid=a20503010000&bid=0002&act=view&list_no=145330,FAQ,,,,,,Recommended for some or all,"Elevated risk of exposure (occupational, housing)|Elevated risk of serious disease (underlying condition, co-morbidity, age)",,"Pfizer/BioNTech Comirnaty|Moderna COVID-19 vaccine",Korea Disease Control and Prevention Agency,Public Health Authority,KR,"Korea, Rep.",East Asia and Pacific,High income
929,2021-10-07,2021-11-08,https://vaccines.ncdc.ge/blog/12-ram-rats-unda-itsodes-orsulma-covid-19-is-sacinaaghmdego-vakhtsinatsiaze/?fbclid=IwAR2B_mkJCYTCXnh0p8cDlFYbfSP6bQJnTqHzag1oZTCZRwCPFLltfGS4Obw,Press release,,Recommended for some or all,,,,Recommended for some or all,,,Pfizer/BioNTech Comirnaty,National Centers for Disease Control,Public Health Authority,GE,Georgia,Europe and Central Asia,Upper middle income
805,2021-10-08,2021-10-11,https://www.gov.uk/government/publications/covid-19-vaccination-women-of-childbearing-age-currently-pregnant-planning-a-pregnancy-or-breastfeeding/covid-19-vaccination-a-guide-for-women-of-childbearing-age-pregnant-planning-a-pregnancy-or-breastfeeding,Guidance statement,,Recommended for some or all,,,,Recommended for some or all,,,"Pfizer/BioNTech Comirnaty|Moderna COVID-19 vaccine",Public Health England,Public Health Authority,GB,United Kingdom,Europe and Central Asia,High income
1387,2021-10-08,2022-07-01,https://www.facebook.com/mohseychelles/posts/pfbid0RAMeyyhMEXTbETzem6iv76rhuCuSfvx9nGt6EXkXSvSJSyu8fAwYAEXavB1vQMRyl,Official social media post,,Recommended for some or all,,,,,,,,Ministry of Health,Public Health Authority,SC,Seychelles,Sub-Saharan Africa,High income
910,2021-10-08,2021-11-03,https://www.bda.bg/bg/covid-19,Fact sheet,,Permitted with qualifications,Lactating people MUST consult provider,Provider consultation required,,Permitted with qualifications,Provider consultation required,,Pfizer/BioNTech Comirnaty,Bulgarian Drug Agency,Regulatory Body,BG,Bulgaria,Europe and Central Asia,Upper middle income
789,,2021-10-08,https://health.gov.tt/covid-19/covid-19-vaccine/who-should-get,FAQ,,,,,,Permitted,Advises administration in 2nd and 3rd trimester,,Pfizer/BioNTech Comirnaty,Ministry of Health,Public Health Authority,TT,Trinidad and Tobago,Latin America and Caribbean,High income
790,,2021-10-08,https://health.gov.tt/covid-19/covid-19-vaccine/who-should-get,FAQ,,Permitted,,,,Not recommended,,,Sinopharm BIBP-CorV,Ministry of Health,Public Health Authority,TT,Trinidad and Tobago,Latin America and Caribbean,High income
942,2021-10-11,2021-11-15,https://www.rcm.org.uk/media/5550/should-iget-the-covid-vaccine.pdf,Fact sheet,,,,,,Recommended for some or all,,,,Royal College of Midwives,Professional Society,GB,United Kingdom,Europe and Central Asia,High income
878,2021-10-11,2021-10-27,https://www.facebook.com/photo/?fbid=238075705022032&set=a.228059059357030,Official social media post,,,,,,Permitted,,,,Ministry of Health,Public Health Authority,LA,Lao PDR,East Asia and Pacific,Lower middle income
859,2021-10-11,2021-10-26,https://www.rcog.org.uk/en/guidelines-research-services/coronavirus-covid-19-pregnancy-and-womens-health/covid-19-vaccines-and-pregnancy/covid-19-vaccines-pregnancy-and-breastfeeding/,FAQ,,Recommended for some or all,Lactating people CAN/MAY consult provider,,,Recommended for some or all,,Not required,"Pfizer/BioNTech Comirnaty|Moderna COVID-19 vaccine",Royal College of Obstetricians and Gynaecologists,Professional Society,GB,United Kingdom,Europe and Central Asia,High income
858,2021-10-11,2021-10-26,https://www.rcog.org.uk/en/guidelines-research-services/coronavirus-covid-19-pregnancy-and-womens-health/covid-19-vaccines-and-pregnancy/,Guidance statement,,,,,,Recommended for some or all,,,"Pfizer/BioNTech Comirnaty|Moderna COVID-19 vaccine",Royal College of Obstetricians and Gynaecologists,Professional Society,GB,United Kingdom,Europe and Central Asia,High income
815,2021-10-11,2021-10-15,https://twitter.com/desaludpr/status/1447562637332582405,Official social media post,,Recommended for some or all,,,,Recommended for some or all,,,,Department of Health,Public Health Authority,PR,Puerto Rico,Latin America and Caribbean,High income
818,2021-10-11,2021-10-17,https://twitter.com/MinSaludGuate/status/1447655744271233028/photo/1,Official social media post,,,,,,,,,Gamaleya Sputnik V,Ministry of Public Health and Social Assistance,Public Health Authority,GT,Guatemala,Latin America and Caribbean,Upper middle income
849,2021-10-12,2021-10-20,http://minzdrav.gov.by/ru/dlya-spetsialistov/normativno-pravovaya-baza/baza-npa.php?ELEMENT_ID=331005,Guidance statement,,Recommended for some or all,,,,Recommended for some or all,,,,Ministry of Health,Public Health Authority,BY,Belarus,Europe and Central Asia,Upper middle income
885,2021-10-12,2021-10-29,https://www.rbc.gov.rw/index.php?id=777,FAQ,,Recommended for some or all,,,,Recommended for some or all,,,,"Ministry of Health, Rwanda Biomedical Centre",Public Health Authority,RW,Rwanda,Sub-Saharan Africa,Low income
1175,2021-10-12,2022-01-17,https://www.facebook.com/SONIGOB/photos/a.135409377998551/409067853966034/,Official social media post,,Recommended for some or all,,,,Recommended for some or all,,,Pfizer/BioNTech Comirnaty,Sociedad Nicaragüense de Ginecología y Obstetricia,Professional Society,NI,Nicaragua,Latin America and Caribbean,Lower middle income
941,2021-10-13,2021-11-15,https://www.gov.im/categories/health-and-wellbeing/vaccinations/covid-19-vaccination-programme/covid-19-vaccination-a-guide-on-pregnancy-and-breastfeeding/,Guidance statement,,Permitted,Lactating people CAN/MAY consult provider,,,Recommended for some or all,,,"Moderna COVID-19 vaccine|Pfizer/BioNTech Comirnaty",Isle of Man Government,Public Health Authority,IM,Isle of Man,Europe and Central Asia,High income
824,2021-10-13,2021-10-19,https://www.moh.gov.sg/covid-19/vaccination/faqs---safety-and-efficacy-of-the-covid-19-vaccine,FAQ,,Permitted,,,,Permitted,,,"Pfizer/BioNTech Comirnaty|Moderna COVID-19 vaccine",Ministry of Health,Public Health Authority,SG,Singapore,East Asia and Pacific,High income
1000,2021-10-14,2021-11-28,https://vaccines.ncdc.ge/faq/,FAQ,,Not recommended,,,,Not recommended,,,"Sinopharm BIBP-CorV|Sinovac CoronaVac",National Centers for Disease Control,Public Health Authority,GE,Georgia,Europe and Central Asia,Upper middle income
1001,2021-10-14,2021-11-28,https://vaccines.ncdc.ge/faq/,FAQ,,Recommended for some or all,,,,Recommended for some or all,,,Pfizer/BioNTech Comirnaty,National Centers for Disease Control,Public Health Authority,GE,Georgia,Europe and Central Asia,Upper middle income
883,2021-10-14,2021-10-29,https://www.facebook.com/Asogoes/photos/a.425046427605999/4267199730057297/?type=3&theater,Official social media post,,Permitted,,,,Recommended for some or all,,,,Asociación de Ginecología y Obstetricia de El Salvador,Professional Society,SV,El Salvador,Latin America and Caribbean,Lower middle income
1046,2021-10-15,2021-12-02,http://vacunacovid.gob.mx/wordpress/documentos-de-consulta/,Guidance statement,,Permitted,,,,Recommended for some or all,,,Pfizer/BioNTech Comirnaty,Secretary of Health,Public Health Authority,MX,Mexico,Latin America and Caribbean,Upper middle income
828,2021-10-15,2021-10-19,https://www.coronavirus2020.kz/ru/budet-li-dostupna-vakcina-pfizer-dlya-revakcinacii-naseleniya_a3849667,Press release,,Permitted,,,,Permitted,,,Pfizer/BioNTech Comirnaty,Ministry of Health,Public Health Authority,KZ,Kazakhstan,Europe and Central Asia,Upper middle income
867,2021-10-16,2021-10-26,https://www.ugoscgrs.rs/,Guidance statement,,,,,,Recommended for some or all,,,,"Association Gynecologists Obstetricians Serbia, Montenegro and Republic Srpska|Association Gynecologists Obstetricians Serbia, Montenegro and Republic Srpska","Professional Society|Professional Society","ME|RS","Montenegro|Serbia","Europe and Central Asia|Europe and Central Asia","Upper middle income|Upper middle income"
882,2021-10-18,2021-10-28,https://www.rcpi.ie/news/releases/information-for-women-who-are-pregnant-or-breastfeeding-about-the-covid-19-vaccine-update/,FAQ,,Permitted,,,,Recommended for some or all,,,"Pfizer/BioNTech Comirnaty|Moderna COVID-19 vaccine",Institute of Obstetricians and Gynaecologists of the Royal College of Physicians of Ireland,Professional Society,IE,Ireland,Europe and Central Asia,High income
1264,2021-10-18,2022-02-08,"https://www.usnews.com/news/health-news/articles/2021-10-18/burundi-starts-covid-jabs-just-north-korea-eritrea-remain#:~:text=One%20of%20the%20world's%20last,Burundi%20launched%20its%20national%20campaign.&text=By%20Associated%20Press-,Oct.,2021%2C%20at%2010%3A40%20a.m.",Media article,,No position found,,,,No position found,,,Sinopharm BIBP-CorV,Ministry of Health,Public Health Authority,BI,Burundi,Sub-Saharan Africa,Low income
844,2021-10-18,2021-10-20,https://www.covidvaccine.gov.hk/en/faq,FAQ,,Not recommended,,,,Not recommended,,,Sinovac CoronaVac,"Centre for Health Protection, Department of Health",Public Health Authority,HK,"Hong Kong SAR, China",East Asia and Pacific,High income
843,2021-10-18,2021-10-20,https://www.covidvaccine.gov.hk/en/faq,FAQ,,Recommended for some or all,"Lactating people SHOULD consult provider / ""talk to provider""",,,Recommended for some or all,,,Pfizer/BioNTech Comirnaty,"Centre for Health Protection, Department of Health",Public Health Authority,HK,"Hong Kong SAR, China",East Asia and Pacific,High income
845,2021-10-18,2021-10-20,https://www.ssm.gov.mo/apps1/covid19vaccine/en.aspx#clg18755,FAQ,,Permitted,,,,Not recommended but with exceptions,"Elevated risk of exposure (occupational, housing)|Elevated risk of serious disease (underlying condition, co-morbidity, age)",,Pfizer/BioNTech Comirnaty,Center for Disease Control and Prevention,Public Health Authority,MO,"Macao SAR, China",East Asia and Pacific,High income
914,2021-10-19,2021-11-07,https://www.facebook.com/PublicHealthGib/photos/a.164766663644023/4688718741248770/,Official social media post,,Recommended for some or all,,,,Recommended for some or all,,,,Health Authority,Public Health Authority,GI,Gibraltar,Europe and Central Asia,High income
833,,2021-10-19,https://kovid19vakcinacija.mk/za-vakcinite/,Guidance statement,,,,,,,,,Pfizer/BioNTech Comirnaty,Ministry of Health,Public Health Authority,MK,North Macedonia,Europe and Central Asia,Upper middle income
823,,2021-10-19,https://vaccinare.gov.md/questions,FAQ,,Permitted,,,,Permitted,,,,Ministry of Health,Public Health Authority,MD,Moldova,Europe and Central Asia,Lower middle income
939,2021-10-19,2021-11-14,https://www.facebook.com/accovid19/photos/a.133613735065865/406934081067161/?type=3&theater,Official social media post,,No position found,,,,Permitted,Advises administration in 2nd and 3rd trimester,,,Alto Comissariado para o Covid-19,Public Health Authority,GW,Guinea-Bissau,Sub-Saharan Africa,Low income
825,2021-10-19,2021-10-19,https://www.facebook.com/moz.ukr/photos/1974361586060270/,Official social media post,,,,,,Recommended for some or all,,,Pfizer/BioNTech Comirnaty,Ministry of Health,Public Health Authority,UA,Ukraine,Europe and Central Asia,Lower middle income
877,2021-10-19,2021-10-27,https://www.febrasgo.org.br/pt/covid19/item/1327-febrasgo-recomenda-que-gestantes-recebam-dose-de-reforco-de-vacina-contra-a-covid-19,Guidance statement,,Recommended for some or all,,,,Recommended for some or all,,,"Pfizer/BioNTech Comirnaty|Sinovac CoronaVac",Brazilian Federation of Gynecology and Obstetrics Associations (Febrasgo),Professional Society,BR,Brazil,Latin America and Caribbean,Upper middle income
857,2021-10-19,2021-10-25,https://www.cdc.gov/coronavirus/2019-ncov/vaccines/recommendations/pregnancy.html#print,Guidance statement,,Recommended for some or all,Lactation consultation NOT required,,,Recommended for some or all,,,"Pfizer/BioNTech Comirnaty|Moderna COVID-19 vaccine|Johnson & Johnson Janssen COVID-19 vaccine",Centers for Disease Control and Prevention,Public Health Authority,"US|VI","United States|Virgin Islands (US)","North America|Latin America and Caribbean","High income|High income"
920,2021-10-20,2021-11-07,https://ncoc.gov.pk/covid-vaccination-en.php,Guidance statement,,Permitted,,Provider consultation required,,Recommended for some or all,,,Gamaleya Sputnik V,Ministry of National Health Services Regulation and Coordination,Public Health Authority,PK,Pakistan,South Asia,Lower middle income
884,2021-10-20,2021-10-29,https://www.facebook.com/pg/MISAUMOCAMBIQUE/posts/?ref=page_internal,Official social media post,,Permitted,,,,Permitted,,,,Ministry of Health,Public Health Authority,MZ,Mozambique,Sub-Saharan Africa,Low income
1260,2021-10-20,2022-02-07,https://vaksiny.gov.mg/?fbclid=IwAR28uBMEcZacDaGOy3-pDjeme_qFWQoX3VQll9xPoh7i2tC8ZCLiS0ggAsc#/faq,FAQ,,Permitted,"Lactating people SHOULD consult provider / ""talk to provider""",,,,,,,Ministry of Public Health,Public Health Authority,MG,Madagascar,Sub-Saharan Africa,Low income
1048,2021-10-20,2021-12-03,http://www.sante.gov.mg/ministere-sante-publique/2021/10/20/%f0%9d%97%a3%f0%9d%97%a5%f0%9d%97%a2%f0%9d%97%9d%f0%9d%97%98%f0%9d%97%a7-%f0%9d%97%a9%f0%9d%97%94%f0%9d%97%96%f0%9d%97%96%f0%9d%97%9c%f0%9d%97%a1%f0%9d%97%a6-%f0%9d%97%96%f0%9d%97%a2%f0%9d%97%a9-2/,Government website,,,,,,No position found,,,,Ministry of Public Health,Public Health Authority,MG,Madagascar,Sub-Saharan Africa,Low income
905,2021-10-20,2021-11-02,http://www.ginasoc.lv/,Guidance statement,,Recommended for some or all,,,,Recommended for some or all,,,"Pfizer/BioNTech Comirnaty|Moderna COVID-19 vaccine",Latvian Association of Gynecologists and Obstetricians,Professional Society,LV,Latvia,Europe and Central Asia,High income
919,2021-10-20,2021-11-07,https://ncoc.gov.pk/covid-vaccination-en.php,Guidance statement,,Recommended for some or all,,,,Recommended for some or all,,,"Oxford-AstraZeneca Vaxzevria, Covishield",Ministry of National Health Services Regulation and Coordination,Public Health Authority,PK,Pakistan,South Asia,Lower middle income
893,2021-10-21,2021-11-01,https://www.who.int/publications/i/item/WHO-2019-nCoV-vaccines-SAGE_recommendation-Sinovac-CoronaVac-2021.1,Guidance statement,,Recommended for some or all,"Lactating people SHOULD consult provider / ""talk to provider""",,,Permitted,,Not required,Sinovac CoronaVac,World Health Organization,Public Health Authority,,Global,,
1010,2021-10-21,2021-11-29,https://sogr.ro/,Guidance statement,,,,,,Recommended for some or all,,,,Romanian Society of Obstetrics and Gynecology,Professional Society,RO,Romania,Europe and Central Asia,High income
1094,2021-10-22,2021-12-17,https://www.canada.ca/en/public-health/services/immunization/national-advisory-committee-on-immunization-naci/recommendations-use-covid-19-vaccines.html#special,Guidance statement,,Recommended for some or all,,,,Recommended for some or all,,,"Pfizer/BioNTech Comirnaty|Moderna COVID-19 vaccine",Public Health Agency of Canada,Public Health Authority,CA,Canada,North America,High income
906,2021-10-22,2021-11-02,https://www.vmnvd.gov.lv/lv/vakcinacijas-rokasgramata-informativais-materials-vakcinacijas-veicejiem,Guidance statement,,Permitted,,,,Permitted,,Not required,"Pfizer/BioNTech Comirnaty|Moderna COVID-19 vaccine",National Health Service,Public Health Authority,LV,Latvia,Europe and Central Asia,High income
907,2021-10-22,2021-11-02,https://www.vmnvd.gov.lv/lv/vakcinacijas-rokasgramata-informativais-materials-vakcinacijas-veicejiem,Guidance statement,,Permitted,,,,Not recommended,,Not required,"Oxford-AstraZeneca Vaxzevria, Covishield|Johnson & Johnson Janssen COVID-19 vaccine",National Health Service,Public Health Authority,LV,Latvia,Europe and Central Asia,High income
965,2021-10-23,2021-11-18,https://www.ghanaweb.com/GhanaHomePage/NewsArchive/Ghana-Health-Service-cautions-public-to-get-vaccinated-to-avert-fourth-wave-1386595,Media article,,Recommended for some or all,,,,,,,"Pfizer/BioNTech Comirnaty|Moderna COVID-19 vaccine|Oxford-AstraZeneca Vaxzevria, Covishield|Gamaleya Sputnik V|Johnson & Johnson Janssen COVID-19 vaccine",Ghana Health Service,Public Health Authority,GH,Ghana,Sub-Saharan Africa,Lower middle income
856,,2021-10-24,https://www.cepimose.si/cepljenje-proti-covidu-19/pogosta-vprasanja-in-odgovori/,FAQ,,Permitted,,,,Recommended for some or all,,,"Pfizer/BioNTech Comirnaty|Moderna COVID-19 vaccine",Ministry of Health,Public Health Authority,SI,Slovenia,Europe and Central Asia,High income
1203,2021-10-24,2022-01-25,https://tass.com/society/1353465,Media article,,Permitted with qualifications,Lactating people MUST consult provider,Provider consultation required,,,,,Gamaleya Sputnik V,Ministry of Health,Public Health Authority,RU,Russian Federation,Europe and Central Asia,Upper middle income
1316,2021-10-25,,https://www.facebook.com/gouvernoratg3/posts/279073827555053,Official social media post,,,,,,,,,,,,,,,
1050,2021-10-25,2021-12-04,https://www.jsog.or.jp/modules/citizen/index.php?content_id=1,Guidance statement,,Recommended for some or all,,,,Recommended for some or all,,,,Japan Society of Obstetrics and Gynecology,Professional Society,JP,Japan,East Asia and Pacific,High income
866,2021-10-25,2021-10-26,https://www.facebook.com/MinistryofHealthofCambodia/o,Official social media post,,,,,,Permitted,,,,Ministry of Health,Public Health Authority,KH,Cambodia,East Asia and Pacific,Lower middle income
876,2021-10-26,2021-10-26,https://www.batut.org.rs/index.php?content=2223,Guidance statement,,Permitted,,,,,,,"Oxford-AstraZeneca Vaxzevria, Covishield|Sinopharm BIBP-CorV",Institute of Public Health,Public Health Authority,RS,Serbia,Europe and Central Asia,Upper middle income
875,2021-10-26,2021-10-26,https://www.batut.org.rs/index.php?content=2223,Guidance statement,,Permitted,,,,Permitted,Advises administration in 2nd and 3rd trimester,,Pfizer/BioNTech Comirnaty,Institute of Public Health,Public Health Authority,RS,Serbia,Europe and Central Asia,Upper middle income
935,2021-10-26,2021-11-14,http://health.gov.az/xeberler/3494-shiyy-nazirliyi-hamil-qadnlarn-peyvndlnmsi-il-bal-sosial-bklrdki-hesablarna-gln-suallar-cavablandrb.html,FAQ,,,,,,Recommended for some or all,Advises administration in 2nd and 3rd trimester,,Pfizer/BioNTech Comirnaty,Ministry of Public Health,Public Health Authority,AZ,Azerbaijan,Europe and Central Asia,Upper middle income
874,2021-10-26,2021-10-26,https://www.batut.org.rs/index.php?content=2223,Guidance statement,,Not recommended,,,,Not recommended,,,Gamaleya Sputnik V,Institute of Public Health,Public Health Authority,RS,Serbia,Europe and Central Asia,Upper middle income
889,2021-10-26,2021-11-01,https://www.folkhalsomyndigheten.se/the-public-health-agency-of-sweden/communicable-disease-control/covid-19/vaccination-against-covid-19/pregnancy-and-vaccination-against-covid-19/,Guidance statement,,,,,,Recommended for some or all,Advises administration in 2nd and 3rd trimester,,,Public Health Agency,Public Health Authority,SE,Sweden,Europe and Central Asia,High income
924,2021-10-27,2021-11-07,https://www.moh.gov.sg/covid-19/vaccination/faqs---safety-and-efficacy-of-the-covid-19-vaccine,FAQ,,Permitted,,,,Permitted,,,Sinovac CoronaVac,Ministry of Health,Public Health Authority,SG,Singapore,East Asia and Pacific,High income
898,2021-10-27,2021-11-01,https://solidarites-sante.gouv.fr/grands-dossiers/vaccin-covid-19/je-suis-un-particulier/article/foire-aux-questions-reponses-cles,FAQ,,,,,,Recommended for some or all,,,Pfizer/BioNTech Comirnaty,Ministry of Solidarity and Health,Public Health Authority,"FR|GF|MF","France|French Guiana|St Martin (French part)","Europe and Central Asia|Latin America and Caribbean|Latin America and Caribbean","High income|High income|High income"
923,2021-10-27,2021-11-07,https://www.moh.gov.sg/covid-19/vaccination/faqs---safety-and-efficacy-of-the-covid-19-vaccine,FAQ,,Permitted,,,,Permitted,,,"Pfizer/BioNTech Comirnaty|Moderna COVID-19 vaccine",Ministry of Health,Public Health Authority,SG,Singapore,East Asia and Pacific,High income
993,2021-10-28,2021-11-27,https://www.facebook.com/photo/?fbid=250227653806837&set=a.228059059357030,Official social media post,,Permitted,,,,Permitted,Advises administration in 2nd and 3rd trimester,,,Ministry of Health,Public Health Authority,LA,Lao PDR,East Asia and Pacific,Lower middle income
894,2021-10-28,2021-11-01,https://www.who.int/publications/i/item/WHO-2019-nCoV-vaccines-SAGE_recommendation-BIBP-2021.2,Guidance statement,,Recommended for some or all,"Lactating people SHOULD consult provider / ""talk to provider""",,,Permitted,,Not required,Sinopharm BIBP-CorV,World Health Organization,Public Health Authority,,Global,,
891,2021-10-29,2021-11-01,https://www.health.gov.au/sites/default/files/documents/2021/10/covid-19-vaccination-shared-decision-making-guide-for-women-who-are-pregnant-breastfeeding-or-planning-pregnancy-covid-19-vaccination-shared-decision-making-guide-for-women-who-are-pregnant-breastfeeding-or-planning-pregna_1.pdf,Guidance statement,,Permitted with qualifications,,mRNA vaccine contraindicated or unavailable,,Permitted with qualifications,mRNA vaccine contraindicated or unavailable,,"Oxford-AstraZeneca Vaxzevria, Covishield",Australian Government Department of Health,Public Health Authority,AU,Australia,East Asia and Pacific,High income
890,2021-10-29,2021-11-01,https://www.health.gov.au/sites/default/files/documents/2021/10/covid-19-vaccination-shared-decision-making-guide-for-women-who-are-pregnant-breastfeeding-or-planning-pregnancy-covid-19-vaccination-shared-decision-making-guide-for-women-who-are-pregnant-breastfeeding-or-planning-pregna_1.pdf,Guidance statement,,Recommended for some or all,,,,Recommended for some or all,,,"Pfizer/BioNTech Comirnaty|Moderna COVID-19 vaccine",Australian Government Department of Health,Public Health Authority,AU,Australia,East Asia and Pacific,High income
1141,2021-11-01,2021-12-01,https://u.ae/en/information-and-services/justice-safety-and-the-law/handling-the-covid-19-outbreak/vaccines-against-covid-19-in-the-uae,Government website,,,,,,Not recommended,,,"Pfizer/BioNTech Comirnaty|Moderna COVID-19 vaccine|Oxford-AstraZeneca Vaxzevria, Covishield|Gamaleya Sputnik V|Sinopharm BIBP-CorV",Ministry of Health and Prevention,Public Health Authority,AE,United Arab Emirates,Middle East and North Africa,High income
913,2021-11-01,2021-11-06,https://m.facebook.com/pg/PNGNDOH/posts/?ref=page_internal&mt_nav=0,Official social media post,,Permitted,,,,Permitted,,,,Ministry of Health,Public Health Authority,PG,Papua New Guinea,East Asia and Pacific,Lower middle income
922,2021-11-01,2021-11-07,https://www.vaccine.gov.sg/health-advisory/,Fact sheet,,,,,,Recommended for some or all,,,Moderna COVID-19 vaccine,Ministry of Health,Public Health Authority,SG,Singapore,East Asia and Pacific,High income
951,2021-11-01,2021-11-17,https://www.facebook.com/mohtonga,Official social media post,,,,,,Permitted,,,Pfizer/BioNTech Comirnaty,Ministry of Health,Public Health Authority,TO,Tonga,East Asia and Pacific,Upper middle income
954,2021-11-01,2021-11-17,https://www.facebook.com/moz.ukr/photos/a.261895253973587/1985651014931327/,Official social media post,,Not recommended,,,,,,,Sinovac CoronaVac,Ministry of Health,Public Health Authority,UA,Ukraine,Europe and Central Asia,Lower middle income
953,2021-11-01,2021-11-17,https://www.facebook.com/moz.ukr/photos/a.261895253973587/1985651014931327/,Official social media post,,Permitted,,,,,,,"Pfizer/BioNTech Comirnaty|Oxford-AstraZeneca Vaxzevria, Covishield",Ministry of Health,Public Health Authority,UA,Ukraine,Europe and Central Asia,Lower middle income
909,2021-11-01,2021-11-03,https://www.bda.bg/bg/covid-19,Fact sheet,,Permitted with qualifications,Lactating people MUST consult provider,Provider consultation required,,Permitted with qualifications,Provider consultation required,,Moderna COVID-19 vaccine,Bulgarian Drug Agency,Regulatory Body,BG,Bulgaria,Europe and Central Asia,Upper middle income
921,2021-11-01,2021-11-07,https://www.vaccine.gov.sg/health-advisory/,Fact sheet,,,,,,Recommended for some or all,,,Pfizer/BioNTech Comirnaty,Ministry of Health,Public Health Authority,SG,Singapore,East Asia and Pacific,High income
899,,2021-11-02,http://www.nesog.org.np/program-detail/press-release.html,Press release,,Recommended for some or all,,,,Recommended for some or all,,,,Nepal Society of Obstetricians & Gynaecologists,Professional Society,NP,Nepal,South Asia,Lower middle income
1083,2021-11-02,2021-12-09,,Guidance statement,,,,,,Recommended for some or all,,,"Pfizer/BioNTech Comirnaty|Moderna COVID-19 vaccine|Oxford-AstraZeneca Vaxzevria, Covishield|Johnson & Johnson Janssen COVID-19 vaccine|Sinopharm BIBP-CorV",Ministry of Health and Population,Public Health Authority,NP,Nepal,South Asia,Lower middle income
1038,2021-11-02,2021-12-01,http://www.moh.gov.bn/SitePages/COVID-19%20Vaccine.aspx,Fact sheet,,,,,,Not recommended,,,"Oxford-AstraZeneca Vaxzevria, Covishield",Ministry of Health,Public Health Authority,BN,Brunei Darussalam,East Asia and Pacific,High income
1093,2021-11-03,2021-12-17,https://www.salute.gov.it/portale/nuovocoronavirus/dettaglioFaqNuovoCoronavirus.jsp?lingua=italiano&id=271,FAQ,,Recommended for some or all,,,,Recommended for some or all,Advises administration in 2nd and 3rd trimester,,"Pfizer/BioNTech Comirnaty|Moderna COVID-19 vaccine",Ministry of Health,Public Health Authority,IT,Italy,Europe and Central Asia,High income
959,2021-11-03,2021-11-17,https://www.moh.gov.sa/en/Ministry/HotTopics/Pages/COVID-19-Vaccine.aspx,FAQ,,Recommended for some or all,,,,Permitted,,,"Pfizer/BioNTech Comirnaty|Moderna COVID-19 vaccine",Ministry of Health,Public Health Authority,SA,Saudi Arabia,Middle East and North Africa,High income
960,2021-11-03,2021-11-17,https://www.moh.gov.sa/en/Ministry/HotTopics/Pages/COVID-19-Vaccine.aspx,FAQ,,Recommended for some or all,,,,Permitted,,,"Oxford-AstraZeneca Vaxzevria, Covishield",Ministry of Health,Public Health Authority,SA,Saudi Arabia,Middle East and North Africa,High income
972,2021-11-03,2021-11-23,https://www.who.int/publications/i/item/WHO-2019-nCoV-vaccines-SAGE-recommendation-bbv152-covaxin,Guidance statement,,Recommended for some or all,,,,Permitted,,Not recommended,Bharat Biotech Covaxin,World Health Organization,Public Health Authority,,Global,,
944,2021-11-03,2021-11-15,https://www.acog.org/clinical/clinical-guidance/practice-advisory/articles/2020/12/covid-19-vaccination-considerations-for-obstetric-gynecologic-care,Guidance statement,,Recommended for some or all,,,,Recommended for some or all,,Not recommended,"Pfizer/BioNTech Comirnaty|Moderna COVID-19 vaccine|Johnson & Johnson Janssen COVID-19 vaccine",American College of Obstetricians and Gynecologists,Professional Society,US,United States,North America,High income
927,2021-11-03,2021-11-08,https://www.coronavirus2020.kz/ru/vakcinaciya-pri-beremennosti-grudnom-vskarmlivanii-i-aborte-chto-nuzhno-znat-zhenschinam_a3857374,Press release,,Permitted,,,,Permitted,Advises administration in 2nd and 3rd trimester,,Pfizer/BioNTech Comirnaty,Ministry of Health,Public Health Authority,KZ,Kazakhstan,Europe and Central Asia,Upper middle income
1095,2021-11-04,2021-12-17,https://www.sogc.org/en/-COVID-19/en/content/COVID-19/COVID-19.aspx?hkey=4e808c0d-555f-4714-8a4a-348b547dc268,Guidance statement,,,,,,Recommended for some or all,,,"Pfizer/BioNTech Comirnaty|Moderna COVID-19 vaccine",The Society of Obstetricians and Gynaecologists of Canada,Professional Society,CA,Canada,North America,High income
1073,2021-11-04,2021-12-09,http://www.hdpm.hr/files/Preporuke_COVID_HLZ_-_HDGEHR_HDPM_HDGO.pdf,Guidance statement,,Recommended for some or all,,,,Recommended for some or all,,,"Pfizer/BioNTech Comirnaty|Moderna COVID-19 vaccine",Croatian Society of Obstetrics and Gynecology,Professional Society,HR,Croatia,Europe and Central Asia,High income
1007,2021-11-04,2021-11-28,https://www.bda.bg/bg/covid-19,Fact sheet,,Permitted with qualifications,Lactating people MUST consult provider,Provider consultation required,,Permitted with qualifications,Provider consultation required,,"Oxford-AstraZeneca Vaxzevria, Covishield",Bulgarian Drug Agency,Regulatory Body,BG,Bulgaria,Europe and Central Asia,Upper middle income
1008,2021-11-04,2021-11-28,https://www.bda.bg/bg/covid-19,Fact sheet,,Permitted with qualifications,Lactating people MUST consult provider,Provider consultation required,,Permitted with qualifications,Provider consultation required,,Pfizer/BioNTech Comirnaty,Bulgarian Drug Agency,Regulatory Body,BG,Bulgaria,Europe and Central Asia,Upper middle income
956,2021-11-06,2021-11-17,https://www.ens.ee/uudised/item/1430-rasedus-ja-covid-19-vaktsineerimine-infoposter,Press release,,Recommended for some or all,,,,Recommended for some or all,,,,Society of Estonian Gynaecologists,Professional Society,EE,Estonia,Europe and Central Asia,High income
928,,2021-11-08,http://www.goga.org.ge/page.php?kat=3,Guidance statement,,Recommended for some or all,,,,Recommended for some or all,,,"Pfizer/BioNTech Comirnaty|Moderna COVID-19 vaccine",Georgian Obstetricians and Gynecologists Association (GOGA),Professional Society,GE,Georgia,Europe and Central Asia,Upper middle income
1016,2021-11-08,2021-11-29,https://www.moh.gov.gr/articles/health/dieythynsh-prwtobathmias-frontidas-ygeias/nea-arthrografia/9648-enhmerwsh-diapisteymenwn-syntaktwn-gia-to-ethniko-sxedio-emboliastikhs-kalypshs-kata-ths-covid-19-apo-thn-proedro-ths-ethnikhs-epitrophs-emboliasmwn-maria-theodwridoy-kai-ton-g-g-prwtobathmias-frontidas-ygeias-mario-themistokleoys,Press release,,Recommended for some or all,,,,Recommended for some or all,,,,Ministry of Health,Public Health Authority,GR,Greece,Europe and Central Asia,High income
948,2021-11-08,2021-11-16,https://www.ssm.gov.mo/apps1/covid19vaccine/en.aspx#clg18755,FAQ,,Permitted,,,,Not recommended but with exceptions,"Elevated risk of exposure (occupational, housing)|Elevated risk of serious disease (underlying condition, co-morbidity, age)",,Pfizer/BioNTech Comirnaty,Center for Disease Control and Prevention,Public Health Authority,MO,"Macao SAR, China",East Asia and Pacific,High income
846,2021-11-08,2021-11-16,https://www.ssm.gov.mo/apps1/covid19vaccine/en.aspx#clg18755,FAQ,,Permitted with qualifications,,"Elevated risk of serious disease|Elevated risk of exposure",,Not recommended but with exceptions,"Elevated risk of exposure (occupational, housing)|Elevated risk of serious disease (underlying condition, co-morbidity, age)",,Sinopharm BIBP-CorV,Center for Disease Control and Prevention,Public Health Authority,MO,"Macao SAR, China",East Asia and Pacific,High income
1165,2021-11-08,2022-01-12,https://www.oeggg.at/leitlinien-stellungnahmen/covid-19-sars-cov-2/,Guidance statement,,,,,,Recommended for some or all,Advises administration in 2nd and 3rd trimester,,Pfizer/BioNTech Comirnaty,Austrian Society for Gynecology and Obstetrics,Professional Society,AT,Austria,Europe and Central Asia,High income
943,2021-11-08,2021-11-15,https://www.cdc.gov/coronavirus/2019-ncov/vaccines/recommendations/pregnancy.html,Guidance statement,,Recommended for some or all,,,,Recommended for some or all,,,"Pfizer/BioNTech Comirnaty|Moderna COVID-19 vaccine|Johnson & Johnson Janssen COVID-19 vaccine",Centers for Disease Control and Prevention,Public Health Authority,"US|VI","United States|Virgin Islands (US)","North America|Latin America and Caribbean","High income|High income"
1011,2021-11-08,2021-11-29,https://covid19.gov.vu/index.php/updates/press-releases/204-update-from-the-ministry-of-health-on-two-covid-19-cases-and-vaccination-targets,Press release,,,,,,,,,,Ministry of Health,Public Health Authority,VU,Vanuatu,East Asia and Pacific,Lower middle income
1156,2021-11-09,2021-12-12,https://deputyprimeminister.gov.mt/en/health-promotion/covid-19/Pages/vaccines.aspx,FAQ,,Permitted,,,,Permitted with qualifications,"Advises administration in 2nd and 3rd trimester|Only if received 1st dose with this vaccine",,"Oxford-AstraZeneca Vaxzevria, Covishield",Ministry of Health,Public Health Authority,MT,Malta,Middle East and North Africa,High income
1157,2021-11-09,2021-12-12,https://deputyprimeminister.gov.mt/en/health-promotion/covid-19/Pages/vaccines.aspx,FAQ,,Permitted,,,,,,,Johnson & Johnson Janssen COVID-19 vaccine,Ministry of Health,Public Health Authority,MT,Malta,Middle East and North Africa,High income
950,2021-11-09,2021-11-16,https://www.facebook.com/mohtonga,Press release,,,,,,Permitted,,,Pfizer/BioNTech Comirnaty,Ministry of Health,Public Health Authority,TO,Tonga,East Asia and Pacific,Upper middle income
1079,2021-11-09,2021-12-12,https://deputyprimeminister.gov.mt/en/health-promotion/covid-19/Pages/vaccines.aspx,FAQ,,Permitted,,,,Recommended for some or all,Advises administration in 2nd and 3rd trimester,,"Pfizer/BioNTech Comirnaty|Moderna COVID-19 vaccine",Ministry of Health,Public Health Authority,MT,Malta,Middle East and North Africa,High income
949,2021-11-10,2021-11-16,https://www.facebook.com/photo/?fbid=311606220791914&set=a.284142476871622,Official social media post,,,,,,Permitted,,,Pfizer/BioNTech Comirnaty,Ministry of Health,Public Health Authority,TO,Tonga,East Asia and Pacific,Upper middle income
962,2021-11-11,2021-11-17,https://www.batut.org.rs/index.php?content=2223,Guidance statement,,Permitted,,,,Permitted,Advises administration in 2nd and 3rd trimester,,Pfizer/BioNTech Comirnaty,Institute of Public Health,Public Health Authority,RS,Serbia,Europe and Central Asia,Upper middle income
963,2021-11-11,2021-11-17,https://www.batut.org.rs/index.php?content=2223,Guidance statement,,Permitted,,,,,,,"Oxford-AstraZeneca Vaxzevria, Covishield|Sinopharm BIBP-CorV",Institute of Public Health,Public Health Authority,RS,Serbia,Europe and Central Asia,Upper middle income
961,2021-11-11,2021-11-17,https://www.batut.org.rs/index.php?content=2223,Guidance statement,,Not recommended,,,,Not recommended,,,Gamaleya Sputnik V,Institute of Public Health,Public Health Authority,RS,Serbia,Europe and Central Asia,Upper middle income
1009,2021-11-12,2021-11-28,https://twitter.com/SaludPublicaRD/status/1459167375983579151/photo/1,Official social media post,,,,,,Permitted,Advises administration in 2nd and 3rd trimester,,,Ministry of Public Health,Public Health Authority,DO,Dominican Republic,Latin America and Caribbean,Upper middle income
1042,2021-11-12,2021-12-01,https://ncoc.gov.pk/covid-vaccination-en.php,Guidance statement,,Recommended for some or all,,,,Recommended for some or all,,,Sinovac CoronaVac,Ministry of National Health Services Regulation and Coordination,Public Health Authority,PK,Pakistan,South Asia,Lower middle income
1041,2021-11-12,2021-12-01,https://ncoc.gov.pk/covid-vaccination-en.php,Guidance statement,,Recommended for some or all,,,,Recommended for some or all,,,Sinopharm BIBP-CorV,Ministry of National Health Services Regulation and Coordination,Public Health Authority,PK,Pakistan,South Asia,Lower middle income
1006,2021-11-12,2021-11-28,https://www.bda.bg/bg/covid-19,Fact sheet,,Permitted with qualifications,Lactating people MUST consult provider,Provider consultation required,,Permitted with qualifications,Provider consultation required,,Moderna COVID-19 vaccine,Bulgarian Drug Agency,Regulatory Body,BG,Bulgaria,Europe and Central Asia,Upper middle income
992,2021-11-13,2021-11-27,https://www.wvi.org/stories/south-sudan/south-sudans-officials-set-examples-people-get-covid-19-vaccinated,Media article,,Recommended for some or all,,,,Recommended for some or all,,,Johnson & Johnson Janssen COVID-19 vaccine,Ministry of Health,Public Health Authority,SS,South Sudan,Sub-Saharan Africa,Low income
955,2021-11-15,2021-11-17,https://www.ens.ee/uudised/item/1433-ens-soovitus-raseduse-ja-covid-19-vastase-vaktsineerimise-osas,Guidance statement,,Recommended for some or all,Lactating people CAN/MAY consult provider,,,Recommended for some or all,,Not required,"Pfizer/BioNTech Comirnaty|Moderna COVID-19 vaccine",Society of Estonian Gynaecologists,Professional Society,EE,Estonia,Europe and Central Asia,High income
947,2021-11-16,2021-11-16,https://www.covidvaccine.gov.hk/en/faq,FAQ,,Not recommended,,,,Not recommended,,,Sinovac CoronaVac,"Centre for Health Protection, Department of Health",Public Health Authority,HK,"Hong Kong SAR, China",East Asia and Pacific,High income
1005,2021-11-16,2021-11-28,http://med.kg/ru/novosti/5709-ministerstvom-zdravookhraneniya-kr-prinyato-reshenie-o-vaktsinatsii-ot-covid-19-novykh-kategorij-grazhdan.html,Press release,,Permitted,,,,Permitted,,,,Ministry of Health and Social Development,Public Health Authority,KG,Kyrgyz Republic,Europe and Central Asia,Lower middle income
946,2021-11-16,2021-11-16,https://www.covidvaccine.gov.hk/en/faq,FAQ,,Recommended for some or all,"Lactating people SHOULD consult provider / ""talk to provider""",,,Recommended for some or all,,,Pfizer/BioNTech Comirnaty,"Centre for Health Protection, Department of Health",Public Health Authority,HK,"Hong Kong SAR, China",East Asia and Pacific,High income
1077,2021-11-16,2021-12-11,https://www.zzjzfbih.ba/informacije-o-cjepivu/,Fact sheet,,,"Lactating people SHOULD consult provider / ""talk to provider""",,,Permitted with qualifications,"Elevated risk of exposure (occupational, housing)|Elevated risk of serious disease (underlying condition, co-morbidity, age)",,Moderna COVID-19 vaccine,Institute for Public Health,Public Health Authority,BA,Bosnia and Herzegovina,Europe and Central Asia,Upper middle income
952,,2021-11-17,https://covid19asi.saglik.gov.tr/TR-77694/sikca-sorulan-sorular.html?Sayfa=2,FAQ,,Recommended for some or all,,,,Recommended for some or all,,,"Pfizer/BioNTech Comirnaty|Sinovac CoronaVac",Ministry of Health,Public Health Authority,TR,Turkey,Europe and Central Asia,Upper middle income
1206,2021-11-17,2022-01-25,https://www.sogc.org/en/-COVID-19/en/content/COVID-19/COVID-19.aspx?hkey=4e808c0d-555f-4714-8a4a-348b547dc268,FAQ,,Recommended for some or all,,,,Recommended for some or all,,,"Pfizer/BioNTech Comirnaty|Moderna COVID-19 vaccine",The Society of Obstetricians and Gynaecologists of Canada,Professional Society,CA,Canada,North America,High income
980,2021-11-17,2021-11-23,http://www.cngof.fr/coronavirus-go-cngof/apercu?path=Vaccination-anti-covid-19%252FCNGOF-GRIG-171021-3e%2Bdose%2Bvaccin%2Banti%2BSARS-COV2%2Bfemmes%2Benceintes.pdf&i=54376,Press release,,,,,,Recommended for some or all,,,,College National des Gynecologues et Obstetriciens Francais,Professional Society,FR,France,Europe and Central Asia,High income
977,2021-11-18,2021-11-23,https://www.health.govt.nz/our-work/diseases-and-conditions/covid-19-novel-coronavirus/covid-19-vaccines/covid-19-vaccine-health-advice/covid-19-vaccine-pregnancy-and-breastfeeding,Guidance statement,,Permitted,,,,Recommended for some or all,,,Pfizer/BioNTech Comirnaty,Ministry of Health,Public Health Authority,"NZ|TK|NU","New Zealand|Tokelau|Niue","East Asia and Pacific|East Asia and Pacific|East Asia and Pacific","High income|Upper middle income|High income"
1137,2021-11-18,2021-12-30,https://www.dsog.dk/covid19,Guidance statement,,Recommended for some or all,,,,Recommended for some or all,Advises administration in 2nd and 3rd trimester,,"Pfizer/BioNTech Comirnaty|Moderna COVID-19 vaccine",Dansk Selskab for Obstetric og Gynaekologi,Professional Society,DK,Denmark,Europe and Central Asia,High income
989,2021-11-18,2021-11-26,https://www.rki.de/DE/Content/Infekt/EpidBull/Archiv/2021/46/Art_02.html,Guidance statement,,Permitted with qualifications,,Age restriction,,Not recommended,,,Moderna COVID-19 vaccine,Standing Vaccination Commission (STIKO),Public Health Authority,DE,Germany,Europe and Central Asia,High income
1057,2021-11-18,2021-12-04,https://www.ssm.gov.mo/apps1/covid19vaccine/en.aspx#clg18755,FAQ,,Permitted with qualifications,,"Elevated risk of serious disease|Elevated risk of exposure",,Not recommended but with exceptions,"Elevated risk of exposure (occupational, housing)|Elevated risk of serious disease (underlying condition, co-morbidity, age)",,Sinopharm BIBP-CorV,Center for Disease Control and Prevention,Public Health Authority,MO,"Macao SAR, China",East Asia and Pacific,High income
1315,2021-11-18,2022-03-22,https://www.facebook.com/permalink.php?story_fbid=4347452512044567&id=667727723350416,Official social media post,,,,,,Recommended for some or all,"Elevated risk of exposure (occupational, housing)|Elevated risk of serious disease (underlying condition, co-morbidity, age)|Advises administration in 2nd and 3rd trimester",,Johnson & Johnson Janssen COVID-19 vaccine,Ministry of Health,Public Health Authority,SO,Somalia,Sub-Saharan Africa,Low income
1058,2021-11-18,2021-12-04,https://www.ssm.gov.mo/apps1/covid19vaccine/en.aspx#clg18755,FAQ,,Permitted,,,,Not recommended but with exceptions,"Elevated risk of exposure (occupational, housing)|Elevated risk of serious disease (underlying condition, co-morbidity, age)",,Pfizer/BioNTech Comirnaty,Center for Disease Control and Prevention,Public Health Authority,MO,"Macao SAR, China",East Asia and Pacific,High income
990,2021-11-18,2021-11-26,https://www.rki.de/DE/Content/Infekt/EpidBull/Archiv/2021/46/Art_02.html,Guidance statement,,Recommended for some or all,,,,Recommended for some or all,Advises administration in 2nd and 3rd trimester,,Pfizer/BioNTech Comirnaty,Standing Vaccination Commission (STIKO),Public Health Authority,DE,Germany,Europe and Central Asia,High income
973,2021-11-19,2021-11-23,https://www.who.int/publications/i/item/WHO-2019-nCoV-vaccines-SAGE_recommendation-BNT162b2-2021.1,Guidance statement,,Recommended for some or all,,,,Recommended for some or all,,Not recommended,Pfizer/BioNTech Comirnaty,World Health Organization,Public Health Authority,,Global,,
1014,2021-11-19,2021-11-29,http://www.minsa.gob.ni/index.php/111-noticias2021/7011-esta-es-la-nueva-estrategia-de-vacunacion-contra-la-covid-19-en-nicaragua,Press release,,,,,,Recommended for some or all,,,"Gamaleya Sputnik V|Abdala",Ministry of Health,Public Health Authority,NI,Nicaragua,Latin America and Caribbean,Lower middle income
1072,2021-11-19,2021-12-09,https://www.hzjz.hr/sluzba-epidemiologija-zarazne-bolesti/cijepljenje-protiv-covid-19-bolesti-najcesca-pitanja-i-odgovori/,FAQ,,Recommended for some or all,,,,Recommended for some or all,,,"Pfizer/BioNTech Comirnaty|Moderna COVID-19 vaccine",Institute of Public Health,Public Health Authority,HR,Croatia,Europe and Central Asia,High income
1345,2021-11-19,2022-04-26,https://www.facebook.com/gouvci.officiel/posts/260708476100831,Official social media post,,,,,,Permitted,,,,Ministry of Public Health and Hygiene,Public Health Authority,CI,Cote d'Ivoire,Sub-Saharan Africa,Lower middle income
974,2021-11-19,2021-11-23,https://www.who.int/publications/i/item/interim-recommendations-for-use-of-the-moderna-mrna-1273-vaccine-against-covid-19,Guidance statement,,Recommended for some or all,,,,Recommended for some or all,,Not recommended,Moderna COVID-19 vaccine,World Health Organization,Public Health Authority,,Global,,
1204,2021-11-20,2022-01-25,https://health.govmu.org/Documents/Main%20Page/Communique/Communiqu%C3%A9%20for%2022-30%20November%202021%20final.pdf,Guidance statement,,,,,,Recommended for some or all,,,Pfizer/BioNTech Comirnaty,Ministry of Health and Wellness,Public Health Authority,MU,Mauritius,Sub-Saharan Africa,High income
1019,2021-11-21,2021-11-29,https://twitter.com/mohpnep/status/1462449853145882638,Official social media post,,,,,,Permitted,Advises administration in 2nd and 3rd trimester,,,Ministry of Health and Population,Public Health Authority,NP,Nepal,South Asia,Lower middle income
1044,2021-11-22,2021-12-01,https://solomons.gov.sb/pfizer-vaccines-targeted-towards-adolescents-12-to-below-18-years-and-pregnant-women/,Press release,,,,,,Permitted,,,Pfizer/BioNTech Comirnaty,Ministry of Health,Public Health Authority,SB,Solomon Islands,East Asia and Pacific,Lower middle income
1080,2021-11-22,2021-12-12,https://covid-19.moh.gov.my/vaksin-covid-19/pick-dos-penggalak,FAQ,,,,,,,,,"Pfizer/BioNTech Comirnaty|Sinovac CoronaVac|Oxford-AstraZeneca Vaxzevria, Covishield","Ministry of Health of Malaysia and the Ministry of Science, Technology and Innovation",Public Health Authority,MY,Malaysia,East Asia and Pacific,Upper middle income
999,2021-11-23,2021-11-28,https://www.vmnvd.gov.lv/lv/vakcinacijas-rokasgramata-informativais-materials-vakcinacijas-veicejiem,Guidance statement,,Permitted,,,,Not recommended,,Not required,"Oxford-AstraZeneca Vaxzevria, Covishield|Johnson & Johnson Janssen COVID-19 vaccine",National Health Service,Public Health Authority,LV,Latvia,Europe and Central Asia,High income
1059,2021-11-23,2021-12-04,https://www.ssm.gov.mo/apps1/covid19vaccine/en.aspx#clg18756,Guidance statement,,,,,,Not recommended but with exceptions,,,,Center for Disease Control and Prevention,Public Health Authority,MO,"Macao SAR, China",East Asia and Pacific,High income
1051,2021-11-23,2021-12-04,http://health.gov.az/xeberler/3507-shiyy-nazirliyinin-mtxssis-eksperti-mhmmd-qmbrov-peyvnd-hamil-qadnlarda-vaxtndan-vvl-dou-l-dou-v-krplrd-anadanglm-anomaliya-riskini-artrmr.html,Press release,,,,,,Recommended for some or all,,,,Ministry of Public Health,Public Health Authority,AZ,Azerbaijan,Europe and Central Asia,Upper middle income
1090,2021-11-23,2021-12-17,https://www.zusammengegencorona.de/impfen/gesundheit-von-frauen/schwangere-und-stillende/,Guidance statement,,,,,,Recommended for some or all,Advises administration in 2nd and 3rd trimester,,Pfizer/BioNTech Comirnaty,Federal Ministry of Health,Public Health Authority,DE,Germany,Europe and Central Asia,High income
988,2021-11-23,2021-11-26,https://www.zusammengegencorona.de/impfen/familien/die-corona-schutzimpfung-fuer-schwangere/,FAQ,,Permitted with qualifications,,Age restriction,,Not recommended,,,Moderna COVID-19 vaccine,Federal Ministry of Health,Public Health Authority,DE,Germany,Europe and Central Asia,High income
998,2021-11-23,2021-11-28,https://www.vmnvd.gov.lv/lv/vakcinacijas-rokasgramata-informativais-materials-vakcinacijas-veicejiem,Guidance statement,,Permitted,,,,Recommended for some or all,,Not required,"Pfizer/BioNTech Comirnaty|Moderna COVID-19 vaccine",National Health Service,Public Health Authority,LV,Latvia,Europe and Central Asia,High income
1092,2021-11-23,2021-12-17,https://www.dggg.de/stellungnahmen/stellungnahme-zur-booster-impfung-mit-mrna-impfstoffen-fuer-schwangere-und-stillende-frauen,Guidance statement,,,,,,Recommended for some or all,Advises administration in 2nd and 3rd trimester,,Pfizer/BioNTech Comirnaty,The German Society for Gynecology and Obstetrics,Professional Society,DE,Germany,Europe and Central Asia,High income
987,2021-11-23,2021-11-26,https://www.zusammengegencorona.de/impfen/familien/die-corona-schutzimpfung-fuer-schwangere/,FAQ,,Recommended for some or all,,,,Recommended for some or all,Advises administration in 2nd and 3rd trimester,,Pfizer/BioNTech Comirnaty,Federal Ministry of Health,Public Health Authority,DE,Germany,Europe and Central Asia,High income
1367,2021-11-23,2022-05-29,https://corona.health.gov.il/vaccine-for-covid/,FAQ,,,,,,,,,,Ministry of Health,Public Health Authority,IL,Israel,Middle East and North Africa,High income
1273,2021-11-24,2022-02-14,https://www.asiaplustj.info/tj/news/tajikistan/20211124/dar-toikiston-zanoni-omilavu-shirdero-baroi-voksinzan-mabur-mekunand-vazorati-tandurust-in-atm-nest,Media article,,Permitted with qualifications,,Age restriction,,Permitted with qualifications,Provider consultation required,,,Ministry of Health and Social Protection,Public Health Authority,TJ,Tajikistan,Europe and Central Asia,Low income
1003,2021-11-25,2021-11-28,https://nvsc.lrv.lt/lt/naujienos/specialistai-primena-kad-nesciosios-ir-zindancios-mamos-neturetu-atideti-skiepu,Press release,,Recommended for some or all,,,,Recommended for some or all,,,,Ministry of Health,Public Health Authority,LT,Lithuania,Europe and Central Asia,High income
1021,2021-11-25,2021-11-29,https://www.facebook.com/MinstryofHealthKE/,Official social media post,,Permitted,,,,,,,,Ministry of Health,Public Health Authority,KE,Kenya,Sub-Saharan Africa,Lower middle income
986,2021-11-25,2021-11-26,https://www.aifa.gov.it/en/domande-e-risposte-su-vaccini-covid-19,FAQ,,Permitted,,,,,,,"Pfizer/BioNTech Comirnaty|Moderna COVID-19 vaccine|Oxford-AstraZeneca Vaxzevria, Covishield|Johnson & Johnson Janssen COVID-19 vaccine",Italian Medicines Agency,Regulatory Body,IT,Italy,Europe and Central Asia,High income
985,2021-11-25,2021-11-26,https://www.aifa.gov.it/en/domande-e-risposte-su-vaccini-covid-19,FAQ,,,,,,Recommended for some or all,Advises administration in 2nd and 3rd trimester,,"Pfizer/BioNTech Comirnaty|Moderna COVID-19 vaccine",Italian Medicines Agency,Regulatory Body,IT,Italy,Europe and Central Asia,High income
1039,2021-11-26,2021-12-01,https://www.serviceportal.li/de/privatpersonen/gesundheit-vorsorge-und-pflege/coronavirus/informationen-zur-covid-impfung#,FAQ,,Recommended for some or all,,,,Recommended for some or all,Advises administration in 2nd and 3rd trimester,,"Moderna COVID-19 vaccine|Pfizer/BioNTech Comirnaty",Liechtenstein State Administration,Public Health Authority,LI,Liechtenstein,Europe and Central Asia,High income
994,2021-11-26,2021-11-27,https://www.facebook.com/photo/?fbid=271347828361486&set=a.228059056023697,Official social media post,,,,,,Recommended for some or all,Advises administration in 2nd and 3rd trimester,,,Ministry of Health,Public Health Authority,LA,Lao PDR,East Asia and Pacific,Lower middle income
995,2021-11-26,2021-11-27,https://www.facebook.com/photo/?fbid=199972378977413&set=a.185510857090232,Official social media post,,,,,,,,,,Ministry of Health,Public Health Authority,SY,Syria,Middle East and North Africa,Low income
991,2021-11-26,2021-11-26,https://www.rcpi.ie/news/releases/information-for-women-who-are-pregnant-or-breastfeeding-about-the-covid-19-vaccine-update/,Guidance statement,,Recommended for some or all,,,,Recommended for some or all,,,"Pfizer/BioNTech Comirnaty|Moderna COVID-19 vaccine",Institute of Obstetricians and Gynaecologists of the Royal College of Physicians of Ireland,Professional Society,IE,Ireland,Europe and Central Asia,High income
1018,2021-11-28,2021-11-29,https://twitter.com/mohpnep/status/1464921122894331905,Official social media post,,,,,,Recommended for some or all,Advises administration in 2nd and 3rd trimester,,,Ministry of Health and Population,Public Health Authority,NP,Nepal,South Asia,Lower middle income
1060,2021-11-28,2021-12-05,https://see.news/covid-19-egypt-authorizes-pfizer-vaccine-for-children/,Media article,,Permitted,,,,Permitted,,,Pfizer/BioNTech Comirnaty,Ministry of Health,Public Health Authority,EG,"Egypt, Arab Rep.",Middle East and North Africa,Lower middle income
1033,2021-11-29,2021-11-30,https://www.rivm.nl/covid-19-vaccinatie/vragen-achtergronden/vaccineren-tijdens-zwangerschap,Guidance statement,,Permitted,,,,Recommended for some or all,,,"Pfizer/BioNTech Comirnaty|Moderna COVID-19 vaccine","Ministry of Health, Welfare, and Sport",Public Health Authority,NL,Netherlands,Europe and Central Asia,High income
1105,2021-11-29,2021-12-19,https://www.facebook.com/NCDC.LY/photos/a.1506138162990736/3088531728084697/,Guidance statement,,,,,,Permitted,,,Pfizer/BioNTech Comirnaty,National Center for Disease Control,Public Health Authority,LY,Libya,Middle East and North Africa,Upper middle income
1085,2021-11-30,2021-12-14,https://www.rcog.org.uk/en/news/maternity-royal-colleges-welcome-extension-to-booster-covid-19-vaccine-programme/,Press release,,,,,,Recommended for some or all,,,"Pfizer/BioNTech Comirnaty|Moderna COVID-19 vaccine","Royal College of Midwives|Royal College of Obstetricians and Gynaecologists","Professional Society|Professional Society","GB|GB","United Kingdom|United Kingdom","Europe and Central Asia|Europe and Central Asia","High income|High income"
1036,,2021-12-01,https://www.coronavirus2020.kz/ru/faq,FAQ,,Permitted,,,,Recommended for some or all,Advises administration in 2nd and 3rd trimester,,Pfizer/BioNTech Comirnaty,Ministry of Health,Public Health Authority,KZ,Kazakhstan,Europe and Central Asia,Upper middle income
1119,2021-12-01,2021-12-27,https://www.facebook.com/photo/?fbid=206781231635234&set=a.189119903401367,Official social media post,,,,,,Permitted,,,,"National Center for Disease Control (NCDC), Ministry of Health",Public Health Authority,AM,Armenia,Europe and Central Asia,Upper middle income
1110,2021-12-01,2021-12-22,https://www.cepimose.si/cepljenje-proti-covidu-19/pogosta-vprasanja-in-odgovori/,FAQ,,Recommended for some or all,,,,Recommended for some or all,,,"Pfizer/BioNTech Comirnaty|Moderna COVID-19 vaccine|Oxford-AstraZeneca Vaxzevria, Covishield|Johnson & Johnson Janssen COVID-19 vaccine",Ministry of Health,Public Health Authority,SI,Slovenia,Europe and Central Asia,High income
1116,2021-12-02,2021-12-26,https://www.coronavirus2020.kz/ru/rebenok-v-utrobe-vakcinirovannoy-beremennoy-zhenschiny-poluchaet-antitela-vrach_a3869466,Press release,,Permitted,,,,Permitted,Advises administration in 2nd and 3rd trimester,,Pfizer/BioNTech Comirnaty,Ministry of Health,Public Health Authority,KZ,Kazakhstan,Europe and Central Asia,Upper middle income
1118,2021-12-02,2021-12-27,https://www.vaccine.gov.sg/health-advisory/,Consent form/screening checklist,,,,,,Permitted,mRNA vaccine contraindicated or unavailable,,Sinovac CoronaVac,Ministry of Health,Public Health Authority,SG,Singapore,East Asia and Pacific,High income
1112,2021-12-02,2021-12-22,https://www.ccss.sa.cr/web/coronavirus/vacunacion,Guidance statement,,,,,,Not recommended,,,"Oxford-AstraZeneca Vaxzevria, Covishield",Ministry of Health,Public Health Authority,CR,Costa Rica,Latin America and Caribbean,Upper middle income
1111,2021-12-02,2021-12-22,https://www.ccss.sa.cr/web/coronavirus/vacunacion,Guidance statement,,,,,,Recommended for some or all,Advises administration in 2nd and 3rd trimester,,Pfizer/BioNTech Comirnaty,Ministry of Health,Public Health Authority,CR,Costa Rica,Latin America and Caribbean,Upper middle income
1127,2021-12-02,2021-12-28,https://minzdrav.gov.ru/news/2021/12/02/17917-glavnyy-vneshtatnyy-spetsialist-po-akusherstvu-minzdrava-rossii-roman-shmakov-vaktsinatsiya-ot-covid-19-v-period-beremennosti-i-vo-vremya-grudnogo-vskarmlivaniya-neobhodima,Press release,,Recommended for some or all,,,,Recommended for some or all,Advises administration in 2nd and 3rd trimester,,,Ministry of Health,Public Health Authority,RU,Russian Federation,Europe and Central Asia,Upper middle income
1055,2021-12-03,2021-12-04,https://www.covidvaccine.gov.hk/en/faq,FAQ,,Recommended for some or all,"Lactating people SHOULD consult provider / ""talk to provider""",,,Recommended for some or all,,,Pfizer/BioNTech Comirnaty,"Centre for Health Protection, Department of Health",Public Health Authority,HK,"Hong Kong SAR, China",East Asia and Pacific,High income
1135,2021-12-03,2021-12-30,https://www.canada.ca/en/public-health/services/immunization/national-advisory-committee-on-immunization-naci/guidance-booster-covid-19-vaccine-doses.html#a4,Guidance statement,,Recommended for some or all,,,,Recommended for some or all,,,"Pfizer/BioNTech Comirnaty|Moderna COVID-19 vaccine",Public Health Agency of Canada,Public Health Authority,CA,Canada,North America,High income
1139,2021-12-03,2022-01-03,https://www.acog.org/clinical/clinical-guidance/practice-advisory/articles/2020/12/covid-19-vaccination-considerations-for-obstetric-gynecologic-care,Guidance statement,,Recommended for some or all,,,,Recommended for some or all,,Not recommended,"Pfizer/BioNTech Comirnaty|Moderna COVID-19 vaccine|Johnson & Johnson Janssen COVID-19 vaccine",American College of Obstetricians and Gynecologists,Professional Society,US,United States,North America,High income
1056,2021-12-03,2021-12-04,https://www.covidvaccine.gov.hk/en/faq,FAQ,,Not recommended,,,,Not recommended,,,Sinovac CoronaVac,"Centre for Health Protection, Department of Health",Public Health Authority,HK,"Hong Kong SAR, China",East Asia and Pacific,High income
1074,2021-12-04,2021-12-09,https://www.facebook.com/MinistriaeShendetesisedheMbrojtjesSociale/videos/236547258581593/,Press release,,,,,,Recommended for some or all,,,,Ministry of Health and Social Services,Public Health Authority,AL,Albania,Europe and Central Asia,Upper middle income
1062,2021-12-06,2021-12-07,https://health.gov.tt/update-on-covid-19-vaccination-for-the-pregnant-population-in-trinidad-and-tobago,Press release,,,,,,Permitted,Advises administration in 2nd and 3rd trimester,,Pfizer/BioNTech Comirnaty,Ministry of Health,Public Health Authority,TT,Trinidad and Tobago,Latin America and Caribbean,High income
1063,2021-12-06,2021-12-08,https://www.cdc.gov/coronavirus/2019-ncov/vaccines/recommendations/pregnancy.html#print,Guidance statement,,Recommended for some or all,Lactation consultation NOT required,,,Recommended for some or all,,,"Pfizer/BioNTech Comirnaty|Moderna COVID-19 vaccine|Johnson & Johnson Janssen COVID-19 vaccine",Centers for Disease Control and Prevention,Public Health Authority,"US|VI","United States|Virgin Islands (US)","North America|Latin America and Caribbean","High income|High income"
1104,2021-12-06,2021-12-19,https://www.bda.bg/bg/covid-19,Fact sheet,,Permitted with qualifications,Lactating people MUST consult provider,Provider consultation required,,Permitted with qualifications,Provider consultation required,,Pfizer/BioNTech Comirnaty,Bulgarian Drug Agency,Regulatory Body,BG,Bulgaria,Europe and Central Asia,Upper middle income
1148,2021-12-06,2022-01-06,https://www.tjod.org/tjod-baskani-prof-dr-karateke-gebeligin-ilk-3-ayi-dahil-her-donem-covid-asilari-yapilabilir/,Press release,,,,,,Recommended for some or all,,,"Pfizer/BioNTech Comirnaty|Sinovac CoronaVac",Turkish Society of Obstetrics and Gynecology,Professional Society,TR,Turkey,Europe and Central Asia,Upper middle income
1184,2021-12-07,2022-01-18,https://www.facebook.com/www.progyn.org/photos/a.222830191447848/1468280806902774/,Official social media post,,Recommended for some or all,,,,Recommended for some or all,,,,Puerto Rico Obstetrics and Gynecology,Professional Society,PR,Puerto Rico,Latin America and Caribbean,High income
1308,2021-12-09,2022-03-08,https://www.legeforeningen.no/sok/?searchPhrase=ammende&union=113&sortBy=published,Guidance statement,,Permitted,,,,Recommended for some or all,Advises administration in 2nd and 3rd trimester,,"Pfizer/BioNTech Comirnaty|Moderna COVID-19 vaccine",Norsk gynekologisk Forening (Norwegian Society for Gynecology and Obstetrics),Professional Society,NO,Norway,Europe and Central Asia,High income
1071,,2021-12-09,https://covid19asi.saglik.gov.tr/TR-77694/sikca-sorulan-sorular.html?Sayfa=2,FAQ,,Recommended for some or all,,,,Recommended for some or all,,,"Pfizer/BioNTech Comirnaty|Sinovac CoronaVac",Ministry of Health,Public Health Authority,TR,Turkey,Europe and Central Asia,Upper middle income
1084,2021-12-09,2021-12-14,https://www.who.int/publications/i/item/WHO-2019-nCoV-vaccines-SAGE-recommendation-Ad26.COV2.S-2021.1,Guidance statement,,Recommended for some or all,,,,Permitted with qualifications,"Elevated risk of exposure (occupational, housing)|Elevated risk of serious disease (underlying condition, co-morbidity, age)",Not recommended,Johnson & Johnson Janssen COVID-19 vaccine,World Health Organization,Public Health Authority,,Global,,
1172,2021-12-09,2022-01-12,https://www.bda.bg/bg/covid-19,Fact sheet,,Permitted with qualifications,Lactating people MUST consult provider,Provider consultation required,,Permitted with qualifications,Provider consultation required,,Moderna COVID-19 vaccine,Bulgarian Drug Agency,Regulatory Body,BG,Bulgaria,Europe and Central Asia,Upper middle income
1291,2021-12-10,2022-02-24,https://www.ginasoc.lv/covid-19-un-grutnieciba,Guidance statement,,Recommended for some or all,,,,Recommended for some or all,,,"Pfizer/BioNTech Comirnaty|Moderna COVID-19 vaccine",Latvian Association of Gynecologists and Obstetricians,Professional Society,LV,Latvia,Europe and Central Asia,High income
1293,2021-12-10,2022-02-24,https://www.ginasoc.lv/covid-19-un-grutnieciba,Guidance statement,,,,,,Not recommended,,,"Oxford-AstraZeneca Vaxzevria, Covishield",Latvian Association of Gynecologists and Obstetricians,Professional Society,LV,Latvia,Europe and Central Asia,High income
1292,2021-12-10,2022-02-24,https://www.ginasoc.lv/covid-19-un-grutnieciba,Guidance statement,,,,,,Not recommended,,,Johnson & Johnson Janssen COVID-19 vaccine,Latvian Association of Gynecologists and Obstetricians,Professional Society,LV,Latvia,Europe and Central Asia,High income
1192,2021-12-10,2022-01-19,https://www.moh.gov.sg/news-highlights/details/expert-committee-on-covid-19-vaccination-recommends-using-the-paediatric-dose-pfizer-biontech-comirnaty-vaccine-for-children-aged-5-11-years-and-extending-booster-vaccination-to-persons-aged-under-30-years,Press release,,,,,,,,,"Pfizer/BioNTech Comirnaty|Moderna COVID-19 vaccine",Ministry of Health,Public Health Authority,SG,Singapore,East Asia and Pacific,High income
1107,2021-12-11,2021-12-21,https://naigo.ir/%d8%af%d8%b3%d8%aa%d9%88%d8%b1%d8%a7%d9%84%d8%b9%d9%85%d9%84-%d9%88%d8%a7%da%a9%d8%b3%db%8c%d9%86%d8%a7%d8%b3%db%8c%d9%88%d9%86-%d8%a8%db%8c%d9%85%d8%a7%d8%b1%db%8c-%da%a9%d9%88%d9%88%db%8c%d8%af/,Guidance statement,,,,,,Permitted,,,Sinopharm BIBP-CorV,National Association of Iranian Obstetricians & Gynecologists,Professional Society,IR,"Iran, Islamic Rep.",Middle East and North Africa,Upper middle income
1108,2021-12-11,2021-12-21,https://naigo.ir/%d8%af%d8%b3%d8%aa%d9%88%d8%b1%d8%a7%d9%84%d8%b9%d9%85%d9%84-%d9%88%d8%a7%da%a9%d8%b3%db%8c%d9%86%d8%a7%d8%b3%db%8c%d9%88%d9%86-%d8%a8%db%8c%d9%85%d8%a7%d8%b1%db%8c-%da%a9%d9%88%d9%88%db%8c%d8%af/,Guidance statement,,,,,,Permitted,Prescription required,,"Oxford-AstraZeneca Vaxzevria, Covishield",National Association of Iranian Obstetricians & Gynecologists,Professional Society,IR,"Iran, Islamic Rep.",Middle East and North Africa,Upper middle income
1103,2021-12-13,2021-12-19,https://www.vmnvd.gov.lv/lv/vakcinacijas-rokasgramata-informativais-materials-vakcinacijas-veicejiem,Guidance statement,,Permitted,,,,Not recommended,,Not required,"Oxford-AstraZeneca Vaxzevria, Covishield|Johnson & Johnson Janssen COVID-19 vaccine",National Health Service,Public Health Authority,LV,Latvia,Europe and Central Asia,High income
1102,2021-12-13,2021-12-19,https://www.vmnvd.gov.lv/lv/vakcinacijas-rokasgramata-informativais-materials-vakcinacijas-veicejiem,Guidance statement,,Permitted,,,,Recommended for some or all,,Not required,"Pfizer/BioNTech Comirnaty|Moderna COVID-19 vaccine",National Health Service,Public Health Authority,LV,Latvia,Europe and Central Asia,High income
1101,2021-12-13,2021-12-19,https://www.sozialministerium.at/Corona-Schutzimpfung/Corona-Schutzimpfung---Haeufig-gestellte-Fragen/Corona-Schutzimpfung-%E2%80%93-Haeufig-gestellte-Fragen---Allgemeine-Fragen.html,FAQ,,Permitted,,,,Permitted,Advises administration in 2nd and 3rd trimester,Not required,"Pfizer/BioNTech Comirnaty|Moderna COVID-19 vaccine","Federal Ministry Republic of Austria Social Affairs, Health, Care and Consumer Protection",Public Health Authority,AT,Austria,Europe and Central Asia,High income
1088,2021-12-13,2021-12-15,https://www.health.govt.nz/our-work/diseases-and-conditions/covid-19-novel-coronavirus/covid-19-vaccines/covid-19-vaccine-health-advice/covid-19-vaccine-pregnancy-and-breastfeeding,Guidance statement,,Not recommended,,,,Not recommended,,,"Oxford-AstraZeneca Vaxzevria, Covishield",Ministry of Health,Public Health Authority,"NZ|TK|NU","New Zealand|Tokelau|Niue","East Asia and Pacific|East Asia and Pacific|East Asia and Pacific","High income|Upper middle income|High income"
1099,2021-12-13,2021-12-18,https://www.facebook.com/watch/?v=876968459667545,Official social media post,,,,,,Recommended for some or all,,,,"Ministry of Health, Wellness, and the Environment",Public Health Authority,VC,St. Vincent and the Grenadines (OECS),Latin America and Caribbean,Upper middle income
1324,2021-12-14,2022-03-27,https://www.gob.pe/13223-coronavirus-efectos-secundarios-y-contraindicaciones-para-la-vacuna-contra-la-covid-19,Government website,,Permitted with qualifications,,,,,,,,Ministry of Health,Public Health Authority,PE,Peru,Latin America and Caribbean,Upper middle income
1160,2021-12-14,2022-01-06,https://fb.watch/amG9Bcv2Fu/,Official social media post,,,,,,,,,,"Ministry of Health of Malaysia and the Ministry of Science, Technology and Innovation",Public Health Authority,MY,Malaysia,East Asia and Pacific,Upper middle income
1096,2021-12-15,2021-12-17,https://www2.hse.ie/screening-and-vaccinations/covid-19-vaccine/get-the-vaccine/breastfeeding/,Guidance statement,,Recommended for some or all,,,,Recommended for some or all,,,,Health Services Executive,Public Health Authority,IE,Ireland,Europe and Central Asia,High income
1115,2021-12-15,2021-12-26,https://koronavirus.gov.hu/aktualis,Government website,,,,,,Permitted,,,"Pfizer/BioNTech Comirnaty|Moderna COVID-19 vaccine",National Public Health Center,Public Health Authority,HU,Hungary,Europe and Central Asia,High income
1154,2021-12-16,2022-01-06,https://deputyprimeminister.gov.mt/en/health-promotion/covid-19/Pages/vaccines.aspx,FAQ,,Permitted,,,,Permitted with qualifications,"Advises administration in 2nd and 3rd trimester|Only if received 1st dose with this vaccine",,"Oxford-AstraZeneca Vaxzevria, Covishield",Ministry of Health,Public Health Authority,MT,Malta,Middle East and North Africa,High income
1153,2021-12-16,2022-01-06,https://deputyprimeminister.gov.mt/en/health-promotion/covid-19/Pages/vaccines.aspx,FAQ,,Permitted,,,,Recommended for some or all,"Elevated risk of exposure (occupational, housing)|Elevated risk of serious disease (underlying condition, co-morbidity, age)|Advises administration in 2nd and 3rd trimester",,"Pfizer/BioNTech Comirnaty|Moderna COVID-19 vaccine",Ministry of Health,Public Health Authority,MT,Malta,Middle East and North Africa,High income
1121,2021-12-16,2021-12-27,https://fb.watch/a9_sgiA7Db/,Official social media post,,,,,,Recommended for some or all,,,,Ministry of Health,Public Health Authority,PS,West Bank and Gaza,Middle East and North Africa,Lower middle income
1161,2021-12-16,2022-01-06,https://covid-19.moh.gov.my/vaksin-covid-19/pick-dos-penggalak,FAQ,,,,,,,,,,"Ministry of Health of Malaysia and the Ministry of Science, Technology and Innovation",Public Health Authority,MY,Malaysia,East Asia and Pacific,Upper middle income
1089,2021-12-16,2021-12-17,https://prensa.gob.gt/comunicado/inicia-campana-por-un-embarazo-seguro-para-mi-y-mi-bebe,Press release,,,,,,Recommended for some or all,Advises administration in 2nd and 3rd trimester,,,Ministry of Public Health and Social Assistance,Public Health Authority,GT,Guatemala,Latin America and Caribbean,Upper middle income
1155,2021-12-16,2022-01-06,https://deputyprimeminister.gov.mt/en/health-promotion/covid-19/Pages/vaccines.aspx,FAQ,,Permitted,,,,,,,Johnson & Johnson Janssen COVID-19 vaccine,Ministry of Health,Public Health Authority,MT,Malta,Middle East and North Africa,High income
1113,2021-12-17,2021-12-22,https://www.nvog.nl/actueel/update-standpunt-vaccinatie-tegen-covid-19-rondom-zwangerschap-en-kraambed-2/,Guidance statement,,Permitted,,,,Recommended for some or all,,,"Pfizer/BioNTech Comirnaty|Moderna COVID-19 vaccine",The Dutch Society of Obstetrics and Gynaecology,Professional Society,NL,Netherlands,Europe and Central Asia,High income
1166,2021-12-17,2022-01-12,https://www.oeggg.at/leitlinien-stellungnahmen/covid-19-sars-cov-2/,FAQ,,Recommended for some or all,,,,Recommended for some or all,Advises administration in 2nd and 3rd trimester,,Pfizer/BioNTech Comirnaty,Austrian Society for Gynecology and Obstetrics,Professional Society,AT,Austria,Europe and Central Asia,High income
1146,2021-12-17,2022-01-06,http://www.rtcog.or.th/home/cpg/1380/,Guidance statement,,,,,,Recommended for some or all,,,,The Royal Thai College of Obstetricians and Gynaecologists,Professional Society,TH,Thailand,East Asia and Pacific,Upper middle income
1191,2021-12-18,2022-01-19,https://www.moh.gov.sg/news-highlights/details/opening-remarks-by-parliamentary-secretary-for-ministry-of-health-and-ministry-of-communications-and-information-ms-rahayu-mahzam-at-the-30th-anniversary-celebrations-of-the-breastfeeding-mothers-support-group-(singapore)-on-18-december-2021/,Press release,,Recommended for some or all,,,,Recommended for some or all,,,,Ministry of Health,Public Health Authority,SG,Singapore,East Asia and Pacific,High income
1147,2021-12-19,2022-01-06,https://twitter.com/Sante_Gouv_dz/status/1472583638269190145,Official social media post,,Permitted,,,,Permitted,,,Sinovac CoronaVac,"Ministry of Health, Population, and Hospital Reform",Public Health Authority,DZ,Algeria,Middle East and North Africa,Lower middle income
1174,2021-12-20,2022-01-12,https://www.bda.bg/bg/covid-19,Fact sheet,,Permitted with qualifications,Lactating people MUST consult provider,Provider consultation required,,Permitted with qualifications,Provider consultation required,,Pfizer/BioNTech Comirnaty,Bulgarian Drug Agency,Regulatory Body,BG,Bulgaria,Europe and Central Asia,Upper middle income
1126,2021-12-20,2021-12-28,https://www.fhi.no/nyheter/2021/gravide-prioriteres-for-oppfriskningsdose/o,Government website,,,,,,Recommended for some or all,Advises administration in 2nd and 3rd trimester,,"Pfizer/BioNTech Comirnaty|Moderna COVID-19 vaccine",National Institute of Public Health,Public Health Authority,NO,Norway,Europe and Central Asia,High income
1142,2021-12-20,2022-01-03,https://www.who.int/publications/i/item/WHO-2019-nCoV-vaccines-SAGE-recommendation-novavax-nvx-cov2373,Guidance statement,,Recommended for some or all,,,,Permitted with qualifications,"mRNA vaccine contraindicated or unavailable|Elevated risk of exposure (occupational, housing)",Not recommended,"Novavax Covovax, TAK-019",World Health Organization,Public Health Authority,,Global,,
1173,2021-12-21,2022-01-12,https://www.bda.bg/bg/covid-19,Fact sheet,,Permitted with qualifications,Lactating people MUST consult provider,Provider consultation required,,Permitted with qualifications,Provider consultation required,,Johnson & Johnson Janssen COVID-19 vaccine,Bulgarian Drug Agency,Regulatory Body,BG,Bulgaria,Europe and Central Asia,Upper middle income
1133,2021-12-21,2021-12-30,https://www.zusammengegencorona.de/impfen/gesundheit-von-frauen/schwangere-und-stillende/,FAQ,,Permitted with qualifications,,Age restriction,,Not recommended,,,Moderna COVID-19 vaccine,Standing Vaccination Commission (STIKO),Public Health Authority,DE,Germany,Europe and Central Asia,High income
1120,2021-12-21,2021-12-27,https://www.facebook.com/photo/?fbid=288158960013706&set=a.228059059357030,Official social media post,,Recommended for some or all,,,,,,,,Ministry of Health,Public Health Authority,LA,Lao PDR,East Asia and Pacific,Lower middle income
1132,2021-12-21,2021-12-30,https://www.zusammengegencorona.de/impfen/gesundheit-von-frauen/schwangere-und-stillende/,FAQ,,Recommended for some or all,,,,Recommended for some or all,Advises administration in 2nd and 3rd trimester,,Pfizer/BioNTech Comirnaty,Standing Vaccination Commission (STIKO),Public Health Authority,DE,Germany,Europe and Central Asia,High income
1145,2021-12-22,2022-01-04,https://www.gov.uk/government/publications/covid-19-vaccination-women-of-childbearing-age-currently-pregnant-planning-a-pregnancy-or-breastfeeding/covid-19-vaccination-a-guide-for-women-of-childbearing-age-pregnant-planning-a-pregnancy-or-breastfeeding,Guidance statement,,Recommended for some or all,,,,Recommended for some or all,,,"Pfizer/BioNTech Comirnaty|Moderna COVID-19 vaccine",Public Health England,Public Health Authority,GB,United Kingdom,Europe and Central Asia,High income
1350,2021-12-22,2022-05-03,https://www.gov.im/categories/health-and-wellbeing/vaccinations/covid-19-vaccination-programme/information-for-adults/covid-19-vaccination-a-guide-on-pregnancy-and-breastfeeding/,Guidance statement,,Recommended for some or all,,,,Recommended for some or all,,,"Pfizer/BioNTech Comirnaty|Moderna COVID-19 vaccine",Isle of Man Government,Public Health Authority,IM,Isle of Man,Europe and Central Asia,High income
1129,2021-12-22,2021-12-28,https://www.facebook.com/mohzambia/photos/a.773733439467982/2076455569195756/,Official social media post,,,,,,Recommended for some or all,,,,Ministry of Health,Public Health Authority,ZM,Zambia,Sub-Saharan Africa,Lower middle income
1136,2021-12-22,2021-12-30,https://www.sst.dk/en/English/Corona-eng/Vaccination-against-COVID-19/Pregnant-and-breastfeeding,Guidance statement,,Recommended for some or all,Lactating people CAN/MAY consult provider,,,Recommended for some or all,Advises administration in 2nd and 3rd trimester,,"Pfizer/BioNTech Comirnaty|Moderna COVID-19 vaccine",Danish Health Authority,Public Health Authority,DK,Denmark,Europe and Central Asia,High income
1163,2021-12-22,2022-01-11,https://thl.fi/en/web/infectious-diseases-and-vaccinations/what-s-new/coronavirus-covid-19-latest-updates/vaccines-and-coronavirus/suitability-of-covid-19-vaccines-for-various-groups#COVID_vaccine_pregnancy,FAQ,,Permitted,,,,Recommended for some or all,,,,Finish Institute for Health and Welfare,Public Health Authority,FI,Finland,Europe and Central Asia,High income
1266,2021-12-23,2022-02-08,https://www.youtube.com/watch?v=8SFjFW3qJtI,Press release,,Permitted,,,,Permitted,,,,National Primary Health Care Development Agency,Public Health Authority,NG,Nigeria,Sub-Saharan Africa,Lower middle income
1152,2021-12-23,2022-01-06,https://www.facebook.com/MaltaCollegeofObGyn/photos/a.2325671907758094/3129770244014919/,Press release,,Recommended for some or all,,,,Recommended for some or all,,,,Malta College of Obstetricians and Gynaecologists,Professional Society,MT,Malta,Middle East and North Africa,High income
1167,2021-12-23,2022-01-12,https://www.sozialministerium.at/Corona-Schutzimpfung/Corona-Schutzimpfung---Haeufig-gestellte-Fragen/Corona-Schutzimpfung-%E2%80%93-Haeufig-gestellte-Fragen---Allgemeine-Fragen.html,FAQ,,Recommended for some or all,,,,Permitted,Advises administration in 2nd and 3rd trimester,Not required,"Pfizer/BioNTech Comirnaty|Moderna COVID-19 vaccine","Federal Ministry Republic of Austria Social Affairs, Health, Care and Consumer Protection",Public Health Authority,AT,Austria,Europe and Central Asia,High income
1180,2021-12-23,2022-01-18,https://www.facebook.com/MHMSFiji/photos/pcb.2453264431471748/2453263724805152/,Official social media post,,,,,,Permitted,,,,Ministry of Health and Medical Services,Public Health Authority,FJ,Fiji,East Asia and Pacific,Upper middle income
1124,2021-12-23,2021-12-27,https://www.covidvaccine.gov.hk/en/expert#Part2,Guidance statement,,Recommended for some or all,,,,Recommended for some or all,,,Pfizer/BioNTech Comirnaty,"Centre for Health Protection, Department of Health",Public Health Authority,HK,"Hong Kong SAR, China",East Asia and Pacific,High income
1138,2021-12-24,2022-01-03,https://ranzcog.edu.au/news/ranzcog-reiterates-advice-on-covid-19-vaccination,Press release,,Recommended for some or all,,,,Recommended for some or all,,,"Pfizer/BioNTech Comirnaty|Moderna COVID-19 vaccine",The Royal Australian and New Zealand College of Obstetricians and Gynaecologists (RANZCOG),Professional Society,"AU|NZ","Australia|New Zealand","East Asia and Pacific|East Asia and Pacific","High income|High income"
1169,2021-12-24,2022-01-12,https://www.health.go.ke/wp-content/uploads/2021/12/DG_Letter_to_CDHS_Vaccination_Final.pdf,Guidance statement,,,,,,Recommended for some or all,,,"Pfizer/BioNTech Comirnaty|Moderna COVID-19 vaccine",Ministry of Health,Public Health Authority,KE,Kenya,Sub-Saharan Africa,Lower middle income
1128,2021-12-24,2021-12-27,https://www.health.gov.au/initiatives-and-programs/covid-19-vaccines/who-can-get-vaccinated/pregnant-women,Guidance statement,,Recommended for some or all,,,,Recommended for some or all,,,"Pfizer/BioNTech Comirnaty|Moderna COVID-19 vaccine",Australian Government Department of Health,Public Health Authority,AU,Australia,East Asia and Pacific,High income
1122,2021-12-26,2021-12-27,https://www.covidvaccine.gov.hk/en/faq,FAQ,,Recommended for some or all,,,,Recommended for some or all,,,Pfizer/BioNTech Comirnaty,"Centre for Health Protection, Department of Health",Public Health Authority,HK,"Hong Kong SAR, China",East Asia and Pacific,High income
1123,2021-12-26,2021-12-27,https://www.covidvaccine.gov.hk/en/faq,FAQ,,Not recommended,,,,Not recommended,,,Sinovac CoronaVac,"Centre for Health Protection, Department of Health",Public Health Authority,HK,"Hong Kong SAR, China",East Asia and Pacific,High income
1125,,2021-12-27,https://corona.moh.gov.jo/ar/Coronavirus-Vaccine?category=3#Media,Government website,,Permitted,,,,,,,,Ministry of Health,Public Health Authority,JO,Jordan,Middle East and North Africa,Upper middle income
1194,2021-12-28,2022-01-19,https://www.facebook.com/597689407055317/photos/a.597758140381777/2172435386247370/,Official social media post,,Recommended for some or all,,,,Recommended for some or all,,,,Ministry of Health,Public Health Authority,,Kosovo,Europe and Central Asia,Upper middle income
1134,2021-12-29,2021-12-30,https://www.sigo.it/news/gravidanza-e-covid/,Press release,,,,,,Recommended for some or all,,,,Società Italiana di Ginecologia e Ostetricia,Professional Society,IT,Italy,Europe and Central Asia,High income
1186,2021-12-30,2022-01-18,https://www.rivm.nl/covid-19-vaccinatie/vragen-achtergronden/vaccineren-tijdens-zwangerschap,Guidance statement,,Permitted,,,,Recommended for some or all,,,"Pfizer/BioNTech Comirnaty|Moderna COVID-19 vaccine",National Institute for Public Health and the Environment,Public Health Authority,NL,Netherlands,Europe and Central Asia,High income
1170,2021-12-30,2022-01-12,https://www.vmnvd.gov.lv/lv/vakcinacijas-rokasgramata-informativais-materials-vakcinacijas-veicejiem,Guidance statement,,Permitted,,,,Recommended for some or all,,Not required,"Pfizer/BioNTech Comirnaty|Moderna COVID-19 vaccine",National Health Service,Public Health Authority,LV,Latvia,Europe and Central Asia,High income
1171,2021-12-30,2022-01-12,https://www.vmnvd.gov.lv/lv/vakcinacijas-rokasgramata-informativais-materials-vakcinacijas-veicejiem,Guidance statement,,Permitted,,,,Not recommended,,Not required,"Oxford-AstraZeneca Vaxzevria, Covishield|Johnson & Johnson Janssen COVID-19 vaccine",National Health Service,Public Health Authority,LV,Latvia,Europe and Central Asia,High income
1149,2021-12-30,2022-01-06,https://www.ijzcg.me/me/novosti/preporuke-o-vakcinaciji-protiv-covid-19,Guidance statement,,Recommended for some or all,,,,Recommended for some or all,Advises administration in 2nd and 3rd trimester,,"Pfizer/BioNTech Comirnaty|Moderna COVID-19 vaccine",Institute of Public Health,Public Health Authority,ME,Montenegro,Europe and Central Asia,Upper middle income
1150,2022-01-03,2022-01-06,https://www.hzjz.hr/sluzba-epidemiologija-zarazne-bolesti/cijepljenje-protiv-covid-19-bolesti-najcesca-pitanja-i-odgovori/,FAQ,,Recommended for some or all,,,,Recommended for some or all,,,"Pfizer/BioNTech Comirnaty|Moderna COVID-19 vaccine",Institute of Public Health,Public Health Authority,HR,Croatia,Europe and Central Asia,High income
1151,2022-01-04,2022-01-06,https://twitter.com/SaudiMOH/status/1478312751030317059,Official social media post,,,,,,,,,,Ministry of Health,Public Health Authority,SA,Saudi Arabia,Middle East and North Africa,High income
1144,,2022-01-04,https://www.gov.tc/moh/coronavirus/resources/graphics,FAQ,,,,,,,,,,Ministry of Health,Public Health Authority,TC,Turks and Caicos Islands,Latin America and Caribbean,High income
1223,2022-01-06,2022-01-31,https://deputyprimeminister.gov.mt/en/health-promotion/covid-19/Pages/vaccines.aspx,FAQ,,Permitted,,,,Recommended for some or all,Advises administration in 2nd and 3rd trimester,,"Pfizer/BioNTech Comirnaty|Moderna COVID-19 vaccine",Ministry of Health,Public Health Authority,MT,Malta,Middle East and North Africa,High income
1215,2022-01-06,2022-01-30,https://www.ssm.gov.mo/apps1/covid19vaccine/en.aspx#4.3,FAQ,,Permitted,,,,Not recommended but with exceptions,"Elevated risk of exposure (occupational, housing)|Elevated risk of serious disease (underlying condition, co-morbidity, age)",,Pfizer/BioNTech Comirnaty,Center for Disease Control and Prevention,Public Health Authority,MO,"Macao SAR, China",East Asia and Pacific,High income
1224,2022-01-06,2022-01-31,https://deputyprimeminister.gov.mt/en/health-promotion/covid-19/Pages/vaccines.aspx,FAQ,,Permitted,,,,Permitted with qualifications,"Advises administration in 2nd and 3rd trimester|Only if received 1st dose with this vaccine",,"Oxford-AstraZeneca Vaxzevria, Covishield",Ministry of Health,Public Health Authority,MT,Malta,Middle East and North Africa,High income
1185,2022-01-06,2022-01-18,https://www.nvog.nl/vakinformatie/covid-19/,Guidance statement,,,,,,Recommended for some or all,,,"Pfizer/BioNTech Comirnaty|Moderna COVID-19 vaccine",The Dutch Society of Obstetrics and Gynaecology,Professional Society,NL,Netherlands,Europe and Central Asia,High income
1267,2022-01-07,2022-02-08,http://www.fspog.com/pt/destaques-livres/covid-19-vaccine-and-pregnancy/,Press release,,,,,,Recommended for some or all,,,,Federação das Sociedades Portuguesas de Obstetricia e Ginecologia FSPOG,Professional Society,PT,Portugal,Europe and Central Asia,High income
1164,2022-01-10,2022-01-12,https://www.facebook.com/SociedadSEGO/,Official social media post,,,,,,Recommended for some or all,Advises administration in 2nd and 3rd trimester,,"Moderna COVID-19 vaccine|Pfizer/BioNTech Comirnaty",Sociedad Espanõla de Ginecología y Obstetricia,Professional Society,ES,Spain,Europe and Central Asia,High income
1226,2022-01-11,2022-01-31,https://covid-19.moh.gov.my/vaksin-covid-19/pick-dos-penggalak,FAQ,,,,,,,Advises administration in 2nd and 3rd trimester,,Pfizer/BioNTech Comirnaty,"Ministry of Health of Malaysia and the Ministry of Science, Technology and Innovation",Public Health Authority,MY,Malaysia,East Asia and Pacific,Upper middle income
1225,2022-01-11,2022-01-31,https://covid-19.moh.gov.my/vaksin-covid-19/pick-dos-penggalak,FAQ,,,,,,,,,"Oxford-AstraZeneca Vaxzevria, Covishield|Sinovac CoronaVac","Ministry of Health of Malaysia and the Ministry of Science, Technology and Innovation",Public Health Authority,MY,Malaysia,East Asia and Pacific,Upper middle income
1199,2022-01-11,2022-01-25,https://bancos.salud.gob.ar/recurso/recomendacion-de-vacunacion-contra-la-covid-19-en-personas-gestantes,Press release,,,,,,Recommended for some or all,,,"Pfizer/BioNTech Comirnaty|Moderna COVID-19 vaccine|Sinopharm BIBP-CorV",Ministry of Health,Public Health Authority,AR,Argentina,Latin America and Caribbean,Upper middle income
1278,2022-01-12,2022-02-21,https://hsog.gr/?page_id=4274,Guidance statement,,,,,,Recommended for some or all,,,,The Hellenic Obstetrical and Gynecological Society,Professional Society,GR,Greece,Europe and Central Asia,High income
1335,2022-01-12,2022-04-10,https://allafrica.com/stories/202201120040.html,Media article,,,,,,Recommended for some or all,,,,Ministry of Health,Public Health Authority,UG,Uganda,Sub-Saharan Africa,Low income
1168,2022-01-12,2022-01-12,https://www.health.govt.nz/our-work/diseases-and-conditions/covid-19-novel-coronavirus/covid-19-vaccines/covid-19-vaccine-health-advice/covid-19-vaccine-pregnancy-and-breastfeeding,Guidance statement,,Recommended for some or all,,,,Recommended for some or all,,,Pfizer/BioNTech Comirnaty,Ministry of Health,Public Health Authority,"NZ|TK|NU","New Zealand|Tokelau|Niue","East Asia and Pacific|East Asia and Pacific|East Asia and Pacific","High income|Upper middle income|High income"
1235,2022-01-12,2022-02-06,https://www.sozialministerium.at/Services/Leichter-Lesen/Corona-Schutzimpfung/Corona-Schutzimpfung-Informationen-f%C3%BCr-Schwangere.html,Guidance statement,,Recommended for some or all,,,,Recommended for some or all,Advises administration in 2nd and 3rd trimester,,Pfizer/BioNTech Comirnaty,"Federal Ministry Republic of Austria Social Affairs, Health, Care and Consumer Protection",Public Health Authority,AT,Austria,Europe and Central Asia,High income
1190,2022-01-13,2022-01-18,https://www.serviceportal.li/de/privatpersonen/gesundheit-vorsorge-und-pflege/coronavirus/informationen-zur-covid-impfung#,FAQ,,Recommended for some or all,,,,Recommended for some or all,Advises administration in 2nd and 3rd trimester,,"Pfizer/BioNTech Comirnaty|Moderna COVID-19 vaccine",Liechtenstein State Administration,Public Health Authority,LI,Liechtenstein,Europe and Central Asia,High income
1383,2022-01-13,2022-06-28,https://twitter.com/KUWAIT_MOH/status/1481657403007512579,Official social media post,,,,,,Permitted,,,,Ministry of Health,Public Health Authority,KW,Kuwait,Middle East and North Africa,High income
1193,2022-01-14,2022-01-19,https://www.jsog.or.jp/modules/citizen/index.php?content_id=1,Guidance statement,,,,,,Recommended for some or all,,,"Pfizer/BioNTech Comirnaty|Moderna COVID-19 vaccine",Japan Society of Obstetrics and Gynecology,Professional Society,JP,Japan,East Asia and Pacific,High income
1382,2022-01-15,2022-06-28,https://twitter.com/KUWAIT_MOH/status/1482412309133897732,Official social media post,,Permitted,,,,,,,,Ministry of Health,Public Health Authority,KW,Kuwait,Middle East and North Africa,High income
1205,2022-01-16,2022-01-25,http://ptwakc.org.pl/wytyczne-i-stanowiska/stanowisko-fundacji-bank-mleka-kobiecego-centrum-nauki-o-laktacji-i-polskiego-towarzystwa-wakcynologii-w-sprawie-szczepienia-przeciwko-sars-cov-2-kobiet-w-okresie-laktacji/,Guidance statement,,Recommended for some or all,,,,,,,Pfizer/BioNTech Comirnaty,"Women's Milk Bank Foundation, Lactation Science Center and the Polish Society of Wakcynology: ",Professional Society,PL,Poland,Europe and Central Asia,High income
1220,2022-01-16,2022-01-31,https://www.facebook.com/photo/?fbid=294749052693762&set=a.291348059700528,Official social media post,,,,,,,,,,Ministry of Health,Public Health Authority,SA,Saudi Arabia,Middle East and North Africa,High income
1179,,2022-01-17,https://www.vacunate.gov.py/index-preguntas-frecuentes.html,FAQ,,,,,,Permitted,Advises administration in 2nd and 3rd trimester,,"Pfizer/BioNTech Comirnaty|Moderna COVID-19 vaccine",Ministry of Public Health and Social Welfare,Public Health Authority,PY,Paraguay,Latin America and Caribbean,Upper middle income
1189,2022-01-18,2022-01-18,https://www.coronavirus2020.kz/ru/komu-i-kogda-nado-revakcinirovat-sya-rasskazala-stolichnyy-vrach-epidemiolog_a3887424,Press release,,,,,,Permitted,Advises administration in 2nd and 3rd trimester,,Pfizer/BioNTech Comirnaty,Ministry of Health,Public Health Authority,KZ,Kazakhstan,Europe and Central Asia,Upper middle income
1187,,2022-01-18,https://www.moh.gov.et/site/Covid-19_Vaccine_FAQ,FAQ,,Permitted,,,,Permitted,,,,Ministry of Health,Public Health Authority,ET,Ethiopia,Sub-Saharan Africa,Low income
1221,2022-01-18,2022-01-31,https://www.batut.org.rs/index.php?content=2223,Guidance statement,,Permitted,,,,Recommended for some or all,,,Pfizer/BioNTech Comirnaty,Institute of Public Health,Public Health Authority,RS,Serbia,Europe and Central Asia,Upper middle income
1255,2022-01-19,2022-02-07,https://www.rivm.nl/covid-19-vaccinatie/vragen-achtergronden/vaccineren-tijdens-zwangerschap,Government website,,,,,,Not recommended,,,"Oxford-AstraZeneca Vaxzevria, Covishield",National Institute for Public Health and the Environment,Public Health Authority,NL,Netherlands,Europe and Central Asia,High income
1196,2022-01-19,2022-01-19,www.covidvaccine.gov.hk/en/faq,FAQ,,Not recommended,,,,Not recommended,,,Sinovac CoronaVac,"Centre for Health Protection, Department of Health",Public Health Authority,HK,"Hong Kong SAR, China",East Asia and Pacific,High income
1254,2022-01-19,2022-02-07,https://www.rivm.nl/covid-19-vaccinatie/vragen-achtergronden/vaccineren-tijdens-zwangerschap,Government website,,Permitted,,,,Recommended for some or all,,,"Pfizer/BioNTech Comirnaty|Moderna COVID-19 vaccine",National Institute for Public Health and the Environment,Public Health Authority,NL,Netherlands,Europe and Central Asia,High income
1201,2022-01-19,2022-01-25,https://www.gov.ms/2022/01/19/omicron-and-delta-variants-in-circulation/,Government website,,Permitted,,,,Permitted,,,Pfizer/BioNTech Comirnaty,Government of Montserrat,Public Health Authority,MS,Montserrat,Latin America and Caribbean,High income
1195,2022-01-19,2022-01-19,www.covidvaccine.gov.hk/en/faq,FAQ,,Recommended for some or all,,,,Recommended for some or all,,,Pfizer/BioNTech Comirnaty,"Centre for Health Protection, Department of Health",Public Health Authority,HK,"Hong Kong SAR, China",East Asia and Pacific,High income
1231,2022-01-20,2022-02-06,https://www.facebook.com/SociedadSEGO/photos/a.5191797017514172/5402772969749908/,Official social media post,,,,,,Recommended for some or all,,,,Sociedad Espanõla de Ginecología y Obstetricia,Professional Society,ES,Spain,Europe and Central Asia,High income
1214,2022-01-20,2022-01-30,https://www.facebook.com/photo/?fbid=252658403712048&set=a.113299807647909,Official social media post,,,,,,,,,,Ministry of Health,Public Health Authority,EG,"Egypt, Arab Rep.",Middle East and North Africa,Lower middle income
1242,2022-01-20,2022-02-06,https://www.bda.bg/bg/covid-19,Fact sheet,,Permitted with qualifications,Lactating people MUST consult provider,Provider consultation required,,Permitted with qualifications,Provider consultation required,,Johnson & Johnson Janssen COVID-19 vaccine,Bulgarian Drug Agency,Regulatory Body,BG,Bulgaria,Europe and Central Asia,Upper middle income
1228,2022-01-20,2022-02-01,https://www.youtube.com/watch?v=Ke5LSvOrcjI,Press release,,Recommended for some or all,,,,Recommended for some or all,,,"Pfizer/BioNTech Comirnaty|Moderna COVID-19 vaccine",Ghana Health Service,Public Health Authority,GH,Ghana,Sub-Saharan Africa,Lower middle income
1213,2022-01-21,2022-01-30,https://www.facebook.com/photo/?fbid=253079403669948&set=a.113299804314576,Official social media post,,Recommended for some or all,,,,,,,,Ministry of Health,Public Health Authority,EG,"Egypt, Arab Rep.",Middle East and North Africa,Lower middle income
1356,2022-01-21,2022-05-11,https://www.worldbank.org/en/news/feature/2022/01/21/mauritania-fighting-the-pandemic-one-jab-at-a-time,Media article,,No position found,,,,No position found,,,,Ministry of Health,Public Health Authority,MR,Mauritania,Sub-Saharan Africa,Lower middle income
1239,2022-01-21,2022-02-06,https://www.facebook.com/ncdcgeorgia/photos/a.126526410768631/4784002591687633/,Official social media post,,,,,,Recommended for some or all,,,,National Centers for Disease Control,Public Health Authority,GE,Georgia,Europe and Central Asia,Upper middle income
1207,2022-01-21,2022-01-26,https://www.who.int/publications/i/item/WHO-2019-nCoV-vaccines-SAGE_recommendation-BNT162b2-2021.1,Guidance statement,,Recommended for some or all,,,,Recommended for some or all,,Not recommended,Pfizer/BioNTech Comirnaty,World Health Organization,Public Health Authority,,Global,,
1208,2022-01-21,2022-01-26,https://www.who.int/publications/i/item/who-sage-roadmap-for-prioritizing-uses-of-covid-19-vaccines,Guidance statement,,,,,,Recommended for some or all,,,,World Health Organization,Public Health Authority,,Global,,
1253,2022-01-21,2022-02-07,https://www.nvog.nl/actueel/livestream-over-zwangerschap-en-coronavaccinatie/,FAQ,,Permitted,,,,Recommended for some or all,,,"Moderna COVID-19 vaccine|Pfizer/BioNTech Comirnaty",The Dutch Society of Obstetrics and Gynaecology,Professional Society,NL,Netherlands,Europe and Central Asia,High income
1248,2022-01-24,2022-02-06,https://www.facebook.com/NCDC.LY/photos/a.1571459083125310/3128253787445824/,Official social media post,,,,,,Recommended for some or all,,,Pfizer/BioNTech Comirnaty,National Center for Disease Control,Public Health Authority,LY,Libya,Middle East and North Africa,Upper middle income
1227,2022-01-25,2022-01-31,https://www.khmertimeskh.com/501013048/secretary-of-state-or-vandine-calls-on-pregnant-and-breastfeeding-women-to-get-covid-19-vaccines-and-booster-shots/,Media article,,Recommended for some or all,,,,Recommended for some or all,,,,Ministry of Health,Public Health Authority,KH,Cambodia,East Asia and Pacific,Lower middle income
1211,2022-01-25,2022-01-26,https://www.zusammengegencorona.de/impfen/gesundheit-von-frauen/schwangere-und-stillende/,FAQ,,Recommended for some or all,,,,Recommended for some or all,Advises administration in 2nd and 3rd trimester,,Pfizer/BioNTech Comirnaty,Federal Ministry of Health,Public Health Authority,DE,Germany,Europe and Central Asia,High income
1269,2022-01-25,2022-02-14,https://www.hkcog.org.hk/hkcog/default.aspx,Guidance statement,,Recommended for some or all,,,,Recommended for some or all,,Not required,Pfizer/BioNTech Comirnaty,Hong Kong College of Obstetricians and Gynaecologists,Professional Society,HK,"Hong Kong SAR, China",East Asia and Pacific,High income
1270,2022-01-25,2022-02-14,https://www.hkcog.org.hk/hkcog/default.aspx,Guidance statement,,Not recommended,,,,Not recommended,,,Sinovac CoronaVac,Hong Kong College of Obstetricians and Gynaecologists,Professional Society,HK,"Hong Kong SAR, China",East Asia and Pacific,High income
1212,2022-01-25,2022-01-26,https://www.dggg.de/presse/pressemitteilungen-und-nachrichten/booster-impfung-mit-mrna-impfstoffen-gegen-das-sars-cov-2-virus,Press release,,Recommended for some or all,,,,Recommended for some or all,,,Pfizer/BioNTech Comirnaty,The German Society for Gynecology and Obstetrics,Professional Society,DE,Germany,Europe and Central Asia,High income
1210,2022-01-26,2022-01-26,https://www.acog.org/clinical/clinical-guidance/practice-advisory/articles/2020/12/covid-19-vaccination-considerations-for-obstetric-gynecologic-care,Guidance statement,,Permitted with qualifications,,mRNA vaccine contraindicated or unavailable,,Permitted with qualifications,mRNA vaccine contraindicated or unavailable,,Johnson & Johnson Janssen COVID-19 vaccine,American College of Obstetricians and Gynecologists,Professional Society,US,United States,North America,High income
1209,2022-01-26,2022-01-26,https://www.acog.org/clinical/clinical-guidance/practice-advisory/articles/2020/12/covid-19-vaccination-considerations-for-obstetric-gynecologic-care,Guidance statement,,Recommended for some or all,,,,Recommended for some or all,,,"Pfizer/BioNTech Comirnaty|Moderna COVID-19 vaccine",American College of Obstetricians and Gynecologists,Professional Society,US,United States,North America,High income
1237,2022-01-28,2022-02-06,https://www.vmnvd.gov.lv/lv/vakcinacijas-rokasgramata-informativais-materials-vakcinacijas-veicejiem,Guidance statement,,Permitted,,,,Recommended for some or all,,Not required,"Pfizer/BioNTech Comirnaty|Moderna COVID-19 vaccine",National Health Service,Public Health Authority,LV,Latvia,Europe and Central Asia,High income
1238,2022-01-28,2022-02-06,https://www.vmnvd.gov.lv/lv/vakcinacijas-rokasgramata-informativais-materials-vakcinacijas-veicejiem,Guidance statement,,Permitted,,,,Not recommended,,Not required,"Oxford-AstraZeneca Vaxzevria, Covishield|Johnson & Johnson Janssen COVID-19 vaccine",National Health Service,Public Health Authority,LV,Latvia,Europe and Central Asia,High income
1234,2022-01-28,2022-02-06,https://www.facebook.com/photo/?fbid=243563514626042&set=a.189134130068981,Official social media post,,Permitted,Lactating people CAN/MAY consult provider,,,Permitted,,,,"Ministry of Health, Social Security, and International Business",Public Health Authority,GD,Grenada (OECS),Latin America and Caribbean,Upper middle income
1412,2022-01-28,2022-08-08,https://koronavirus.gov.hu/cikkek/se-semmilyen-negativ-valtozast-nem-okoz-termekenysegben-koronavirus-elleni-vakcina,Press release,,,,,,Recommended for some or all,Advises administration in 2nd and 3rd trimester,,"Pfizer/BioNTech Comirnaty|Moderna COVID-19 vaccine",National Public Health Center,Public Health Authority,HU,Hungary,Europe and Central Asia,High income
1262,2022-01-29,2022-02-07,https://www.facebook.com/MinstryofHealthKE/posts/304791785009109,Official social media post,,Recommended for some or all,,,,Recommended for some or all,,,,Ministry of Health,Public Health Authority,KE,Kenya,Sub-Saharan Africa,Lower middle income
1244,2022-01-30,2022-02-06,https://ncdc.org.ly/Ar/31_1_2022/,Guidance statement,,Permitted,,,,Recommended for some or all,,,Pfizer/BioNTech Comirnaty,National Center for Disease Control,Public Health Authority,LY,Libya,Middle East and North Africa,Upper middle income
1245,2022-01-30,2022-02-06,https://ncdc.org.ly/Ar/31_1_2022/,Guidance statement,,Permitted,,,,,,,Sinopharm BIBP-CorV,National Center for Disease Control,Public Health Authority,LY,Libya,Middle East and North Africa,Upper middle income
1219,,2022-01-31,https://healthalert.gov.bh/en/category/vaccine,Government website,,Permitted,,,,Permitted,,,Pfizer/BioNTech Comirnaty,Ministry of Health,Public Health Authority,BH,Bahrain,Middle East and North Africa,High income
1272,2022-02-01,2022-02-14,https://fb.watch/baEkVQJ6Pk/,Official social media post,,Recommended for some or all,,,,Recommended for some or all,,,,Philippine Obstetrical and Gynecological Society,Professional Society,PH,Philippines,East Asia and Pacific,Lower middle income
1263,2022-02-01,2022-02-07,https://healthygibraltar.org/other-resources/pregnancy-and-covid-19-2/,Government website,,,,,,Recommended for some or all,,,,Health Authority,Public Health Authority,GI,Gibraltar,Europe and Central Asia,High income
1323,2022-02-01,2022-03-27,https://bancos.salud.gob.ar/recurso/actualizacion-de-los-lineamientos-tecnicos-resumen-de-recomendaciones-vigentes-para-la,Guidance statement,,Recommended for some or all,Lactation consultation NOT required,,,Recommended for some or all,,Not recommended,"Pfizer/BioNTech Comirnaty|Moderna COVID-19 vaccine",Ministry of Health,Public Health Authority,AR,Argentina,Latin America and Caribbean,Upper middle income
1233,2022-02-02,2022-02-06,https://www.facebook.com/photo/?fbid=246513010997759&set=a.189134130068981,Official social media post,,,,,,Permitted,,,,"Ministry of Health, Social Security, and International Business",Public Health Authority,GD,Grenada (OECS),Latin America and Caribbean,Upper middle income
1268,2022-02-02,2022-02-12,https://www.facebook.com/photo/?fbid=315641247265477&set=a.228059059357030r,Official social media post,,Recommended for some or all,,,,,,,,Ministry of Health,Public Health Authority,LA,Lao PDR,East Asia and Pacific,Lower middle income
1391,2022-02-02,2022-07-20,https://guineasalud.org/el-minsabs-aprueba-el-plan-para-la-introduccion-de-la-dosis-de-refuerzo-de-la-vacuna-contra-la-covid-19/,Press release,,No position found,,,,No position found,,,,Ministry of Health and Social Wellbeing,Public Health Authority,GQ,Equatorial Guinea,Sub-Saharan Africa,Upper middle income
1241,2022-02-03,2022-02-06,https://www.bda.bg/bg/covid-19,Fact sheet,,Permitted with qualifications,Lactating people MUST consult provider,Provider consultation required,,Permitted with qualifications,Provider consultation required,,"Oxford-AstraZeneca Vaxzevria, Covishield",Bulgarian Drug Agency,Regulatory Body,BG,Bulgaria,Europe and Central Asia,Upper middle income
1329,2022-02-04,2022-03-29,https://id-ea.org/cameroons-nitag-recommends-covid-19-vaccination-among-pregnant-and-lactating-women/,Media article,,Recommended for some or all,,,,Recommended for some or all,,,Pfizer/BioNTech Comirnaty,Ministry of Public Health,Public Health Authority,CM,Cameroon,Sub-Saharan Africa,Lower middle income
1247,2022-02-05,2022-02-06,https://www.facebook.com/NCDC.LY/photos/a.1571459083125310/3137196049884931/,Official social media post,,Permitted,,,,,,,Sinopharm BIBP-CorV,National Center for Disease Control,Public Health Authority,LY,Libya,Middle East and North Africa,Upper middle income
1246,2022-02-05,2022-02-06,https://www.facebook.com/NCDC.LY/photos/a.1571459083125310/3137196049884931/,Official social media post,,Permitted,,,,Recommended for some or all,,,Pfizer/BioNTech Comirnaty,National Center for Disease Control,Public Health Authority,LY,Libya,Middle East and North Africa,Upper middle income
1236,2022-02-05,2022-02-06,https://www.facebook.com/MOH.GOV.IQ/videos/453697212975180,Official social media post,,,,,,Recommended for some or all,,,,Ministry of Health,Public Health Authority,IQ,Iraq,Middle East and North Africa,Upper middle income
1375,2022-02-07,2022-06-21,https://www.iph.mk/vakcinacija-protiv-covid-19-vo-period-na-bremenost/,Press release,,Recommended for some or all,,,,Recommended for some or all,,,"Pfizer/BioNTech Comirnaty|Moderna COVID-19 vaccine",Institute of Public Health of the Republic of Northern Macedonia,Public Health Authority,MK,North Macedonia,Europe and Central Asia,Upper middle income
1379,2022-02-08,2022-06-22,https://moh.gov.iq/?page=2035,Press release,,Permitted,,,,Permitted,,,,Ministry of Health,Public Health Authority,IQ,Iraq,Middle East and North Africa,Upper middle income
1299,2022-02-09,2022-02-28,https://www.rivm.nl/covid-19-vaccinatie/vragen-achtergronden/vaccineren-tijdens-zwangerschap,Government website,,,,,,Not recommended,,,"Oxford-AstraZeneca Vaxzevria, Covishield",National Institute for Public Health and the Environment,Public Health Authority,NL,Netherlands,Europe and Central Asia,High income
1298,2022-02-09,2022-02-28,https://www.rivm.nl/covid-19-vaccinatie/vragen-achtergronden/vaccineren-tijdens-zwangerschap,Government website,,Permitted,,,,Recommended for some or all,,,"Pfizer/BioNTech Comirnaty|Moderna COVID-19 vaccine",National Institute for Public Health and the Environment,Public Health Authority,NL,Netherlands,Europe and Central Asia,High income
1314,2022-02-09,2022-03-15,https://www.facebook.com/salud.sv/posts/310530554441993,Official social media post,,,,,,Permitted,,,,Ministry of Health,Public Health Authority,SV,El Salvador,Latin America and Caribbean,Lower middle income
1280,2022-02-10,2022-02-21,https://moph.gov.lb/en/Pages/2/44738/covid-19-vaccine,FAQ,,Recommended for some or all,"Lactating people SHOULD consult provider / ""talk to provider""",,,Recommended for some or all,,,"Pfizer/BioNTech Comirnaty|Moderna COVID-19 vaccine",Ministry of Public Health,Public Health Authority,LB,Lebanon,Middle East and North Africa,Upper middle income
1275,2022-02-10,2022-02-14,https://www.fhi.no/nyheter/2021/gravide-prioriteres-for-oppfriskningsdose/o,Government website,,Permitted,,,,Recommended for some or all,,,"Pfizer/BioNTech Comirnaty|Moderna COVID-19 vaccine",National Institute of Public Health,Public Health Authority,NO,Norway,Europe and Central Asia,High income
1279,2022-02-11,2022-02-21,https://www.facebook.com/photo/?fbid=313687427452147&set=a.294419049378985,Official social media post,,,,,,Recommended for some or all,,,"Pfizer/BioNTech Comirnaty|Moderna COVID-19 vaccine",Ministry of Health,Public Health Authority,UA,Ukraine,Europe and Central Asia,Lower middle income
1271,2022-02-14,2022-02-14,www.covidvaccine.gov.hk/en/faq,FAQ,,Recommended for some or all,,,,Recommended for some or all,,,Pfizer/BioNTech Comirnaty,"Centre for Health Protection, Department of Health",Public Health Authority,HK,"Hong Kong SAR, China",East Asia and Pacific,High income
1284,2022-02-15,2022-02-22,https://www.facebook.com/healthsamoa/posts/314192894060746,Official social media post,,Permitted,,,,Permitted,,,Pfizer/BioNTech Comirnaty,Ministry of Health,Public Health Authority,WS,Samoa,East Asia and Pacific,Upper middle income
1285,2022-02-15,2022-02-16,https://www.who.int/publications/i/item/WHO-2019-nCoV-FAQ-Pregnancy-Vaccines-2022.1,FAQ,,,,,,Recommended for some or all,,Not recommended,"Pfizer/BioNTech Comirnaty|Moderna COVID-19 vaccine|Oxford-AstraZeneca Vaxzevria, Covishield|Johnson & Johnson Janssen COVID-19 vaccine|Novavax Covovax, TAK-019|Sinopharm BIBP-CorV|Sinovac CoronaVac|Bharat Biotech Covaxin",World Health Organization,Public Health Authority,,Global,,
1296,2022-02-17,2022-02-28,https://www.facebook.com/photo/?fbid=308956481264872&set=a.299991835494670,Official social media post,,,,,,Permitted,,,,Ministry of Health and Medical Services,Public Health Authority,FJ,Fiji,East Asia and Pacific,Upper middle income
1287,2022-02-18,2022-02-23,https://www.cdc.gov/coronavirus/2019-ncov/vaccines/recommendations/pregnancy.html#print,Guidance statement,,Recommended for some or all,,,,Recommended for some or all,,,"Pfizer/BioNTech Comirnaty|Moderna COVID-19 vaccine",Centers for Disease Control and Prevention,Public Health Authority,"US|VI","United States|Virgin Islands (US)","North America|Latin America and Caribbean","High income|High income"
1288,2022-02-18,2022-02-23,https://www.cdc.gov/coronavirus/2019-ncov/vaccines/recommendations/pregnancy.html#print,Guidance statement,,Permitted with qualifications,,mRNA vaccine contraindicated or unavailable,,Permitted with qualifications,mRNA vaccine contraindicated or unavailable,,Johnson & Johnson Janssen COVID-19 vaccine,Centers for Disease Control and Prevention,Public Health Authority,"US|VI","United States|Virgin Islands (US)","North America|Latin America and Caribbean","High income|High income"
1294,2022-02-21,2022-02-24,https://www.vmnvd.gov.lv/lv/vakcinacijas-rokasgramata-informativais-materials-vakcinacijas-veicejiem,Guidance statement,,Permitted,,,,Recommended for some or all,,Not required,"Pfizer/BioNTech Comirnaty|Moderna COVID-19 vaccine",National Health Service,Public Health Authority,LV,Latvia,Europe and Central Asia,High income
1290,2022-02-21,2022-02-24,https://www.sozialministerium.at/Corona-Schutzimpfung/Corona-Schutzimpfung---Haeufig-gestellte-Fragen/Corona-Schutzimpfung-%E2%80%93-Haeufig-gestellte-Fragen---Allgemeine-Fragen.html,FAQ,,Recommended for some or all,,,,Permitted,Advises administration in 2nd and 3rd trimester,Not recommended,Moderna COVID-19 vaccine,"Federal Ministry Republic of Austria Social Affairs, Health, Care and Consumer Protection",Public Health Authority,AT,Austria,Europe and Central Asia,High income
1295,2022-02-21,2022-02-24,https://www.vmnvd.gov.lv/lv/vakcinacijas-rokasgramata-informativais-materials-vakcinacijas-veicejiem,Guidance statement,,Permitted,,,,Not recommended,,Not required,"Oxford-AstraZeneca Vaxzevria, Covishield|Johnson & Johnson Janssen COVID-19 vaccine",National Health Service,Public Health Authority,LV,Latvia,Europe and Central Asia,High income
1289,2022-02-21,2022-02-24,https://www.sozialministerium.at/Corona-Schutzimpfung/Corona-Schutzimpfung---Haeufig-gestellte-Fragen/Corona-Schutzimpfung-%E2%80%93-Haeufig-gestellte-Fragen---Allgemeine-Fragen.html,FAQ,,Recommended for some or all,,,,Recommended for some or all,Advises administration in 2nd and 3rd trimester,Not recommended,Pfizer/BioNTech Comirnaty,"Federal Ministry Republic of Austria Social Affairs, Health, Care and Consumer Protection",Public Health Authority,AT,Austria,Europe and Central Asia,High income
1352,2022-03-01,,https://www.facebook.com/photo?fbid=315279373968214&set=a.285787756917376,"Official social media post|Press release",,,,,,Recommended for some or all,,,,Ministry of Health,Public Health Authority,SC,Seychelles,Sub-Saharan Africa,High income
1313,2022-03-01,2022-03-13,https://www.facebook.com/photo/?fbid=280840980893790&set=a.113299807647909,Official social media post,,Permitted,,,,Permitted,,,,Ministry of Health,Public Health Authority,EG,"Egypt, Arab Rep.",Middle East and North Africa,Lower middle income
1338,2022-03-02,2022-04-19,https://www.acog.org/clinical/clinical-guidance/practice-advisory/articles/2020/12/covid-19-vaccination-considerations-for-obstetric-gynecologic-care,Guidance statement,,Permitted with qualifications,,mRNA vaccine contraindicated or unavailable,,Permitted with qualifications,mRNA vaccine contraindicated or unavailable,Not recommended,Johnson & Johnson Janssen COVID-19 vaccine,American College of Obstetricians and Gynecologists,Professional Society,US,United States,North America,High income
1337,2022-03-02,2022-04-19,https://www.acog.org/clinical/clinical-guidance/practice-advisory/articles/2020/12/covid-19-vaccination-considerations-for-obstetric-gynecologic-care,Guidance statement,,Recommended for some or all,,,,Recommended for some or all,,Not recommended,"Pfizer/BioNTech Comirnaty|Moderna COVID-19 vaccine",American College of Obstetricians and Gynecologists,Professional Society,US,United States,North America,High income
1304,2022-03-03,2022-03-07,https://www.hkcog.org.hk/hkcog/news_4_65.html,Guidance statement,,Permitted,,,,Permitted,,Not required,Sinovac CoronaVac,Hong Kong College of Obstetricians and Gynaecologists,Professional Society,HK,"Hong Kong SAR, China",East Asia and Pacific,High income
1303,2022-03-03,2022-03-07,https://www.hkcog.org.hk/hkcog/news_4_65.html,Guidance statement,,Recommended for some or all,,,,Recommended for some or all,,Not required,Pfizer/BioNTech Comirnaty,Hong Kong College of Obstetricians and Gynaecologists,Professional Society,HK,"Hong Kong SAR, China",East Asia and Pacific,High income
1328,2022-03-03,2022-03-27,https://www.cdc.gov/coronavirus/2019-ncov/vaccines/recommendations/pregnancy.html#print,Guidance statement,,Recommended for some or all,,,,Recommended for some or all,,,"Moderna COVID-19 vaccine|Pfizer/BioNTech Comirnaty",Centers for Disease Control and Prevention,Public Health Authority,"US|VI","United States|Virgin Islands (US)","North America|Latin America and Caribbean","High income|High income"
1359,2022-03-04,2022-05-15,https://www.facebook.com/moh.barbados/posts/pfbid02dMuJbjLxLQsLqATX8J8tXN9Upy5PHgkgAwpn3NrEvGXijYFSDL2ksP8Lupht2ytLl,Official social media post,,,,,,,,,,Ministry of Health and Wellness,Public Health Authority,BB,Barbados,Latin America and Caribbean,High income
1320,2022-03-04,2022-03-23,https://www.bda.bg/bg/covid-19,Fact sheet,,Permitted with qualifications,Lactating people MUST consult provider,Provider consultation required,,Permitted with qualifications,Provider consultation required,,Moderna COVID-19 vaccine,Bulgarian Drug Agency,Regulatory Body,BG,Bulgaria,Europe and Central Asia,Upper middle income
1310,2022-03-07,2022-03-08,https://www.canada.ca/en/public-health/services/publications/healthy-living/canadian-immunization-guide-part-4-active-vaccines/page-26-covid-19-vaccine.html,Guidance statement,,Recommended for some or all,,,,Recommended for some or all,,,"Pfizer/BioNTech Comirnaty|Moderna COVID-19 vaccine",Public Health Agency of Canada,Public Health Authority,CA,Canada,North America,High income
1240,2022-03-07,2022-03-23,https://www.bda.bg/bg/covid-19,Fact sheet,,Permitted with qualifications,Lactating people MUST consult provider,Provider consultation required,,Permitted with qualifications,Provider consultation required,,Pfizer/BioNTech Comirnaty,Bulgarian Drug Agency,Regulatory Body,BG,Bulgaria,Europe and Central Asia,Upper middle income
1305,2022-03-07,2022-03-07,https://www.covidvaccine.gov.hk/en/faq,FAQ,,Permitted,,,,Permitted,,,Sinovac CoronaVac,"Centre for Health Protection, Department of Health",Public Health Authority,HK,"Hong Kong SAR, China",East Asia and Pacific,High income
1332,2022-03-09,2022-03-30,https://twitter.com/MinSaludGuate/status/1501619748844584966,Official social media post,,Recommended for some or all,,,,Recommended for some or all,Advises administration in 2nd and 3rd trimester,,"Pfizer/BioNTech Comirnaty|Moderna COVID-19 vaccine|Oxford-AstraZeneca Vaxzevria, Covishield",Ministry of Public Health and Social Assistance,Public Health Authority,GT,Guatemala,Latin America and Caribbean,Upper middle income
1322,2022-03-11,2022-03-27,https://www.facebook.com/MinistriaeShendetesisedheMbrojtjesSociale/posts/271765315133252,Official social media post,,Recommended for some or all,,,,Recommended for some or all,,,Pfizer/BioNTech Comirnaty,Ministry of Health and Social Services,Public Health Authority,AL,Albania,Europe and Central Asia,Upper middle income
1333,2022-03-14,2022-03-30,https://www.sogc.org/en/-COVID-19/en/content/COVID-19/COVID-19.aspx?hkey=4e808c0d-555f-4714-8a4a-348b547dc268,Guidance statement,,Recommended for some or all,,,,Recommended for some or all,,,"Pfizer/BioNTech Comirnaty|Moderna COVID-19 vaccine",The Society of Obstetricians and Gynaecologists of Canada,Professional Society,CA,Canada,North America,High income
1321,2022-03-15,2022-03-23,https://www.rivm.nl/covid-19-vaccinatie/vragen-achtergronden/vaccineren-tijdens-zwangerschap,Government website,,Permitted,,,,Recommended for some or all,,,"Pfizer/BioNTech Comirnaty|Moderna COVID-19 vaccine",National Institute for Public Health and the Environment,Public Health Authority,NL,Netherlands,Europe and Central Asia,High income
1325,2022-03-15,2022-03-27,https://www.who.int/publications/i/item/WHO-2019-nCoV-vaccines-SAGE-recommendation-bbv152-covaxin,Guidance statement,,Recommended for some or all,,,,Permitted,,Not recommended,Bharat Biotech Covaxin,World Health Organization,Public Health Authority,,Global,,
1326,2022-03-15,2022-03-27,https://www.who.int/publications/i/item/WHO-2019-nCoV-vaccines-SAGE_recommendation-Sinovac-CoronaVac-2021.1,Guidance statement,,Recommended for some or all,,,,Permitted,,Not recommended,Sinovac CoronaVac,World Health Organization,Public Health Authority,,Global,,
1327,2022-03-15,2022-03-27,https://www.who.int/publications/i/item/WHO-2019-nCoV-vaccines-SAGE-recommendation-BIBP,Guidance statement,,Recommended for some or all,,,,Permitted,,Not recommended,Sinopharm BIBP-CorV,World Health Organization,Public Health Authority,,Global,,
1318,2022-03-15,2022-03-23,https://www.vmnvd.gov.lv/lv/vakcinacijas-rokasgramata-informativais-materials-vakcinacijas-veicejiem,Guidance statement,,Permitted,,,,Not recommended,,Not required,"Oxford-AstraZeneca Vaxzevria, Covishield|Johnson & Johnson Janssen COVID-19 vaccine",National Health Service,Public Health Authority,LV,Latvia,Europe and Central Asia,High income
1317,2022-03-15,2022-03-23,https://www.vmnvd.gov.lv/lv/vakcinacijas-rokasgramata-informativais-materials-vakcinacijas-veicejiem,Guidance statement,,Permitted,,,,Recommended for some or all,,Not required,"Pfizer/BioNTech Comirnaty|Moderna COVID-19 vaccine",National Health Service,Public Health Authority,LV,Latvia,Europe and Central Asia,High income
1341,2022-03-18,2022-04-19,https://www.dggg.de/presse/pressemitteilungen-und-nachrichten/fachempfehlung-zur-2-boosterimpfung-fuer-schwangere-und-stillende,Guidance statement,,,,,,Recommended for some or all,,,,The German Society for Gynecology and Obstetrics,Professional Society,DE,Germany,Europe and Central Asia,High income
1319,2022-03-21,2022-03-23,https://covid19.gov.vu/index.php/updates/press-releases/250-pregnant-women-urged-to-get-the-covid-19-vaccine,Press release,,,,,,Recommended for some or all,,,,Ministry of Health,Public Health Authority,VU,Vanuatu,East Asia and Pacific,Lower middle income
1336,2022-03-22,2022-04-10,https://www.facebook.com/msdsmali1/posts/3210143732548456,Official social media post,,Permitted,,,,Permitted,,,Pfizer/BioNTech Comirnaty,Ministry of Health and Social Development,Public Health Authority,ML,Mali,Sub-Saharan Africa,Low income
1331,2022-03-25,2022-03-30,https://www.fhi.no/nyheter/2021/gravide-prioriteres-for-oppfriskningsdose/o,Government website,,Permitted,,,,Recommended for some or all,,,"Pfizer/BioNTech Comirnaty|Moderna COVID-19 vaccine",National Institute of Public Health,Public Health Authority,NO,Norway,Europe and Central Asia,High income
1344,2022-03-29,2022-04-20,https://coronavirus.bg/bg/news,Press release,,,,,,Recommended for some or all,Advises administration in 2nd and 3rd trimester,,"Pfizer/BioNTech Comirnaty|Moderna COVID-19 vaccine",Unified Government Information Portal,Public Health Authority,BG,Bulgaria,Europe and Central Asia,Upper middle income
1369,2022-03-30,2022-06-07,https://www.health.gov.fj/media-center/novel-coronavirus-covid-19/resources/,FAQ,,,,,,,,,"Pfizer/BioNTech Comirnaty|Moderna COVID-19 vaccine",Ministry of Health and Medical Services,Public Health Authority,FJ,Fiji,East Asia and Pacific,Upper middle income
1342,2022-03-31,2022-04-19,https://www.vmnvd.gov.lv/lv/vakcinacijas-rokasgramata-informativais-materials-vakcinacijas-veicejiem,Guidance statement,,Permitted,,,,Recommended for some or all,,Not required,"Pfizer/BioNTech Comirnaty|Moderna COVID-19 vaccine",National Health Service,Public Health Authority,LV,Latvia,Europe and Central Asia,High income
1343,2022-03-31,2022-04-19,https://www.vmnvd.gov.lv/lv/vakcinacijas-rokasgramata-informativais-materials-vakcinacijas-veicejiem,Guidance statement,,Permitted,,,,Not recommended,,Not required,"Oxford-AstraZeneca Vaxzevria, Covishield|Johnson & Johnson Janssen COVID-19 vaccine",National Health Service,Public Health Authority,LV,Latvia,Europe and Central Asia,High income
1334,2022-04-03,2022-04-12,https://www.facebook.com/stan.manicka/posts/4987272278027821,Media article,,Permitted,,,,Permitted,,,"Pfizer/BioNTech Comirnaty|Moderna COVID-19 vaccine|Sinopharm BIBP-CorV|Johnson & Johnson Janssen COVID-19 vaccine",Ministry of Health,Public Health Authority,GA,Gabon,Sub-Saharan Africa,Upper middle income
1349,2022-04-07,2022-04-29,https://www.sogc.org/en/-COVID-19/en/content/COVID-19/COVID-19.aspx?hkey=4e808c0d-555f-4714-8a4a-348b547dc268,FAQ,,Recommended for some or all,,,,Recommended for some or all,,,"Pfizer/BioNTech Comirnaty|Moderna COVID-19 vaccine",The Society of Obstetricians and Gynaecologists of Canada,Professional Society,CA,Canada,North America,High income
1348,2022-04-07,2022-04-29,https://www.legeforeningen.no/sok/?searchPhrase=ammende&union=113&sortBy=published,Guidance statement,,Permitted,,,,Recommended for some or all,,,"Pfizer/BioNTech Comirnaty|Moderna COVID-19 vaccine",Norsk gynekologisk Forening (Norwegian Society for Gynecology and Obstetrics),Professional Society,NO,Norway,Europe and Central Asia,High income
1339,2022-04-10,2022-04-19,https://www.zusammengegencorona.de/faqs/spezifische-personengruppen/schwangere-und-stillende/,FAQ,,Recommended for some or all,,,,Recommended for some or all,Advises administration in 2nd and 3rd trimester,,Pfizer/BioNTech Comirnaty,Federal Ministry of Health,Public Health Authority,DE,Germany,Europe and Central Asia,High income
1340,2022-04-10,2022-04-19,https://www.zusammengegencorona.de/faqs/spezifische-personengruppen/schwangere-und-stillende/,FAQ,,Permitted with qualifications,,Age restriction,,Not recommended,Advises administration in 2nd and 3rd trimester,,Moderna COVID-19 vaccine,Federal Ministry of Health,Public Health Authority,DE,Germany,Europe and Central Asia,High income
1390,2022-04-11,2022-07-09,https://www.facebook.com/caymangov/photos/a.417006685580/10166319910045581,Official social media post,,,,,,Permitted,,,,Cayman Islands Government,Public Health Authority,KY,Cayman Islands,Latin America and Caribbean,High income
1386,2022-04-14,2022-07-01,https://www.facebook.com/watch/?v=1037373360507660,Official social media post,,,,,,,,,,Ministry of Health,Public Health Authority,GA,Gabon,Sub-Saharan Africa,Upper middle income
1362,2022-04-19,2022-05-19,https://www.cdc.gov/coronavirus/2019-ncov/vaccines/recommendations/pregnancy.html#print,Guidance statement,,Recommended for some or all,,,,Recommended for some or all,,Not recommended,"Pfizer/BioNTech Comirnaty|Moderna COVID-19 vaccine",Centers for Disease Control and Prevention,Public Health Authority,"US|VI","United States|Virgin Islands (US)","North America|Latin America and Caribbean","High income|High income"
1397,2022-04-19,2022-07-27,https://www.cov19-vaccine.mhlw.go.jp/qa/0027.html,FAQ,,Recommended for some or all,,,,Recommended for some or all,,,"Pfizer/BioNTech Comirnaty|Moderna COVID-19 vaccine","Ministry of Health, Labor, and Welfare",Public Health Authority,JP,Japan,East Asia and Pacific,High income
1363,2022-04-19,2022-05-19,https://www.cdc.gov/coronavirus/2019-ncov/vaccines/recommendations/pregnancy.html#print,Guidance statement,,Permitted with qualifications,,mRNA vaccine contraindicated or unavailable,,Permitted with qualifications,mRNA vaccine contraindicated or unavailable,Not recommended,"Oxford-AstraZeneca Vaxzevria, Covishield",Centers for Disease Control and Prevention,Public Health Authority,"US|VI","United States|Virgin Islands (US)","North America|Latin America and Caribbean","High income|High income"
1358,2022-04-19,2022-05-13,https://www.minsa.gob.ni/index.php/component/content/article/112-noticias-2022/7373-vacunacion-masiva-contra-la-covid-19-llega-al-barrio-tierra-prometida,Press release,,Permitted,,,,Permitted,,,Pfizer/BioNTech Comirnaty,Ministry of Health,Public Health Authority,NI,Nicaragua,Latin America and Caribbean,Lower middle income
1354,2022-04-21,2022-05-09,https://www.vmnvd.gov.lv/lv/vakcinacijas-rokasgramata-informativais-materials-vakcinacijas-veicejiem,Guidance statement,,Permitted,,,,Not recommended,,Not required,"Oxford-AstraZeneca Vaxzevria, Covishield|Johnson & Johnson Janssen COVID-19 vaccine",National Health Service,Public Health Authority,LV,Latvia,Europe and Central Asia,High income
1401,2022-04-21,2022-08-02,https://www.ijzcg.me/me/novosti/preporuke-o-vakcinaciji-protiv-covid-19-azurirano-21042022,Guidance statement,,Recommended for some or all,,,,Recommended for some or all,Advises administration in 2nd and 3rd trimester,,"Pfizer/BioNTech Comirnaty|Moderna COVID-19 vaccine",Institute of Public Health,Public Health Authority,ME,Montenegro,Europe and Central Asia,Upper middle income
1353,2022-04-21,2022-05-09,https://www.vmnvd.gov.lv/lv/vakcinacijas-rokasgramata-informativais-materials-vakcinacijas-veicejiem,Guidance statement,,Permitted,,,,Recommended for some or all,,Not required,"Pfizer/BioNTech Comirnaty|Moderna COVID-19 vaccine",National Health Service,Public Health Authority,LV,Latvia,Europe and Central Asia,High income
1361,2022-04-22,2022-05-18,https://ranzcog.edu.au/statements-guidelines/covid-19-statement/covid-19-vaccination-information,Guidance statement,,Permitted,,,,Permitted,,,"Novavax Covovax, TAK-019",The Royal Australian and New Zealand College of Obstetricians and Gynaecologists (RANZCOG),Professional Society,"AU|NZ","Australia|New Zealand","East Asia and Pacific|East Asia and Pacific","High income|High income"
1360,2022-04-22,2022-05-18,https://ranzcog.edu.au/statements-guidelines/covid-19-statement/covid-19-vaccination-information,Guidance statement,,Recommended for some or all,,,,Recommended for some or all,,,"Pfizer/BioNTech Comirnaty|Moderna COVID-19 vaccine",The Royal Australian and New Zealand College of Obstetricians and Gynaecologists (RANZCOG),Professional Society,"AU|NZ","Australia|New Zealand","East Asia and Pacific|East Asia and Pacific","High income|High income"
1355,2022-04-28,2022-05-09,https://www.facebook.com/MinistryofHealthAnguilla/posts/304639418517544,Official social media post,,,,,,Permitted,,,,The Government of Anguilla,Public Health Authority,AI,Anguilla,Latin America and Caribbean,High income
1388,2022-04-28,2022-07-08,https://www.facebook.com/profile/100069144641856/search?q=pregnant,Official social media post,,,,,,Permitted,,,,The Government of Anguilla,Public Health Authority,AI,Anguilla,Latin America and Caribbean,High income
1403,2022-04-28,2022-08-02,https://deputyprimeminister.gov.mt/en/health-promotion/covid-19/Pages/vaccines.aspx,FAQ,,Permitted,,,,Permitted with qualifications,"Advises administration in 2nd and 3rd trimester|Only if received 1st dose with this vaccine",,"Oxford-AstraZeneca Vaxzevria, Covishield",Ministry of Health,Public Health Authority,MT,Malta,Middle East and North Africa,High income
1402,2022-04-28,2022-08-02,https://deputyprimeminister.gov.mt/en/health-promotion/covid-19/Pages/vaccines.aspx,FAQ,,Permitted,,,,Recommended for some or all,Advises administration in 2nd and 3rd trimester,,"Pfizer/BioNTech Comirnaty|Moderna COVID-19 vaccine",Ministry of Health,Public Health Authority,MT,Malta,Middle East and North Africa,High income
1351,2022-05-03,2022-05-03,https://www.facebook.com/malawimoh/posts/306245058354441,Official social media post,,Recommended for some or all,,,,Recommended for some or all,,,,Ministry of Health,Public Health Authority,MW,Malawi,Sub-Saharan Africa,Low income
1365,2022-05-06,2022-05-26,https://www.hkcog.org.hk/hkcog/news_4_65.html,Guidance statement,,Recommended for some or all,,,,Recommended for some or all,,Not required,Pfizer/BioNTech Comirnaty,Hong Kong College of Obstetricians and Gynaecologists,Professional Society,HK,"Hong Kong SAR, China",East Asia and Pacific,High income
1357,2022-05-09,2022-05-12,https://www.bda.bg/bg/covid-19,Fact sheet,,Permitted,,,,Permitted,,,Pfizer/BioNTech Comirnaty,Bulgarian Drug Agency,Regulatory Body,BG,Bulgaria,Europe and Central Asia,Upper middle income
1370,2022-05-09,2022-06-07,https://www.facebook.com/msdsmali1/posts/pfbid022vnksN4GaxVX1sjSRhwaW86n2hnXHfbkvfGeRKM2cQpmuaadaHP1tAccFZ31ZqP5l,Official social media post,,Permitted,,,,Permitted,,,Pfizer/BioNTech Comirnaty,Ministry of Health and Social Development,Public Health Authority,ML,Mali,Sub-Saharan Africa,Low income
1399,2022-05-19,2022-07-28,https://www.who.int/publications/i/item/WHO-2019-nCoV-vaccines-SAGE-recommendation-Ad5-nCoV-Convidecia,Guidance statement,,Recommended for some or all,,,,Permitted,,Not recommended,CanSino Biologics Convidecia,World Health Organization,Public Health Authority,,Global,,
1366,2022-05-20,2022-05-29,https://www.sozialministerium.at/Corona-Schutzimpfung/Corona-Schutzimpfung---Haeufig-gestellte-Fragen/Corona-Schutzimpfung-%E2%80%93-Haeufig-gestellte-Fragen---Allgemeine-Fragen.html,FAQ,,Recommended for some or all,,,,Recommended for some or all,Advises administration in 2nd and 3rd trimester,Not recommended,Pfizer/BioNTech Comirnaty,"Federal Ministry Republic of Austria Social Affairs, Health, Care and Consumer Protection",Public Health Authority,AT,Austria,Europe and Central Asia,High income
1378,2022-05-23,2022-06-22,https://www.ssm.gov.mo/apps1/covid19vaccine/en.aspx#4.3,FAQ,,Permitted,,,,Not recommended but with exceptions,"Elevated risk of exposure (occupational, housing)|Elevated risk of serious disease (underlying condition, co-morbidity, age)",,Pfizer/BioNTech Comirnaty,Center for Disease Control and Prevention,Public Health Authority,MO,"Macao SAR, China",East Asia and Pacific,High income
1400,2022-05-31,,https://www.facebook.com/photo/?fbid=675263923751248&set=a.582034583074183,Official social media post,,,,,,,,,,"Ministry of Health, Wellness & Environment",Public Health Authority,AG,Antigua and Barbuda (OECS),Latin America and Caribbean,High income
1368,2022-05-31,2022-06-07,https://coronavirus.bg/bg/news/3466,Fact sheet,,,,,,Recommended for some or all,Advises administration in 2nd and 3rd trimester,,"Pfizer/BioNTech Comirnaty|Moderna COVID-19 vaccine",Unified Government Information Portal,Public Health Authority,BG,Bulgaria,Europe and Central Asia,Upper middle income
1398,2022-06-06,2022-07-28,https://www.who.int/publications/i/item/WHO-2019-nCoV-vaccines-SAGE-recommendation-Ad26.COV2.S-2021.1,Guidance statement,,Recommended for some or all,,,,Permitted,,Not recommended,Johnson & Johnson Janssen COVID-19 vaccine,World Health Organization,Public Health Authority,,Global,,
1374,,2022-06-14,https://bakuna.cw/meest-gestelde-vragen/,Government website,,,,,,Permitted,,,,Government of Curacao,Public Health Authority,CW,Curacao,Latin America and Caribbean,High income
1377,2022-06-16,2022-06-21,https://www.moh.gov.sy/Default.aspx?tabid=242&smid=1050&ArticleID=1318&reftab=56&t=%D8%A7%D9%84%D8%AD%D9%85%D9%84%D8%A9-%D8%A7%D9%84%D9%88%D8%B7%D9%86%D9%8A%D8%A9-%D8%A7%D9%84%D9%85%D9%83%D8%AB%D9%81%D8%A9-%D8%A7%D9%84%D8%AB%D8%A7%D9%86%D9%8A%D8%A9-%D9%84%D9%84%D8%AA%D8%B7%D8%B9%D9%8A%D9%85-%D8%B6%D8%AF-%D9%81%D9%8A%D8%B1%D9%88%D8%B3-%D9%83%D9%88%D8%B1%D9%88%D9%86%D8%A7-%D8%AA%D9%8F%D8%B7%D9%84%D9%82%D9%87%D8%A7-%D9%88%D8%B2%D8%A7%D8%B1%D8%A9-%D8%A7%D9%84%D8%B5%D8%AD%D8%A9-%D8%A7%D8%B9%D8%AA%D8%A8%D8%A7%D8%B1%D8%A7%D9%8B-%D9%85%D9%86-19-%D9%88%D9%84%D8%BA%D8%A7%D9%8A%D8%A9-30-%D8%AD%D8%B2%D9%8A%D8%B1%D8%A7%D9%86&language=ar-YE,Press release,,Permitted,,,,Permitted,,,,Ministry of Health,Public Health Authority,SY,Syria,Middle East and North Africa,Low income
1395,2022-06-20,2022-07-27,https://covid19.gov.vn/thu-truong-bo-y-te-de-duy-tri-hieu-qua-bao-ve-can-phai-tiem-vaccine-phong-covid-19-mui-3-mui-4-171220620193500272.htm,Press release,,,,,,,,,,Ministry of Health,Public Health Authority,VN,Vietnam,East Asia and Pacific,Lower middle income
1376,2022-06-21,2022-06-21,https://www.facebook.com/MinistryOfHealthSYR/posts/331950839112899,Official social media post,,Permitted,,,,Permitted,,,,Ministry of Health,Public Health Authority,SY,Syria,Middle East and North Africa,Low income
1381,2022-06-24,2022-06-28,https://www.facebook.com/MinistryOfHealthMyanmar/photos/pcb.5749152691780655/5749152505114007/,Official social media post,,Recommended for some or all,,,,Recommended for some or all,,,,Ministry of Health and Sports,Public Health Authority,MM,Myanmar,East Asia and Pacific,Lower middle income
1380,2022-06-24,2022-06-28,https://plusmen.bg/%D0%B2%D0%B0%D0%BA%D1%81%D0%B8%D0%BD%D0%B0%D1%86%D0%B8%D1%8F%D1%82%D0%B0#%D1%82%D0%B5%D0%BC%D0%B06,Government website,,Permitted,,,,Recommended for some or all,Advises administration in 2nd and 3rd trimester,Not required,"Pfizer/BioNTech Comirnaty|Moderna COVID-19 vaccine",Ministry of Health,Public Health Authority,BG,Bulgaria,Europe and Central Asia,Upper middle income
1396,2022-06-30,2022-07-27,https://www.facebook.com/Ministria.Shendetesise.RKS/posts/pfbid0JTN8E55YvmZA6Cr3y143VM1k5o6HaaACtwxH9iG521FzWVdyrxY9KerF5Ma9NXkCl,Official social media post,,,,,,Recommended for some or all,,,,Ministry of Health,Public Health Authority,,Kosovo,Europe and Central Asia,Upper middle income
1413,2022-07-05,2022-08-08,https://fb.watch/eN9Thtu-4X/,Official social media post,,,,,,,,,,Ministry of Health and Medical Services,Public Health Authority,FJ,Fiji,East Asia and Pacific,Upper middle income
1393,2022-07-12,2022-07-27,https://www.facebook.com/photo/?fbid=422928669870067&set=a.228059059357030,Official social media post,,,,,,Recommended for some or all,Advises administration in 2nd and 3rd trimester,,,Ministry of Health,Public Health Authority,LA,Lao PDR,East Asia and Pacific,Lower middle income
1410,2022-07-21,2022-08-04,https://www.vmnvd.gov.lv/lv/vakcinacijas-rokasgramata-informativais-materials-vakcinacijas-veicejiem,Guidance statement,,Permitted,,,,Recommended for some or all,,Not required,"Pfizer/BioNTech Comirnaty|Moderna COVID-19 vaccine",National Health Service,Public Health Authority,LV,Latvia,Europe and Central Asia,High income
1411,2022-07-21,2022-08-04,https://www.vmnvd.gov.lv/lv/vakcinacijas-rokasgramata-informativais-materials-vakcinacijas-veicejiem,Guidance statement,,Permitted,,,,Not recommended,,Not required,"Oxford-AstraZeneca Vaxzevria, Covishield|Johnson & Johnson Janssen COVID-19 vaccine",National Health Service,Public Health Authority,LV,Latvia,Europe and Central Asia,High income
1394,2022-07-23,2022-07-27,https://covid19.gov.vn/huong-dan-moi-nhat-ve-thoi-gian-tiem-vaccine-covid-19-mui-3-va-mui-4-cua-bo-y-te-171220723204930461.htm,Press release,,,,,,,,,,Ministry of Health,Public Health Authority,VN,Vietnam,East Asia and Pacific,Lower middle income
1408,2022-07-25,2022-08-04,https://www.sozialministerium.at/Corona/Corona-Schutzimpfung/Corona-Schutzimpfung---Haeufig-gestellte-Fragen/Corona-Schutzimpfung---Haeufig-gestellte-Fragen---Allgemeine-Fragen.html,FAQ,,Recommended for some or all,,,,Recommended for some or all,Advises administration in 2nd and 3rd trimester,Not recommended,Pfizer/BioNTech Comirnaty,"Federal Ministry Republic of Austria Social Affairs, Health, Care and Consumer Protection",Public Health Authority,AT,Austria,Europe and Central Asia,High income
1409,2022-07-25,2022-08-04,https://www.sozialministerium.at/Corona/Corona-Schutzimpfung/Corona-Schutzimpfung---Haeufig-gestellte-Fragen/Corona-Schutzimpfung---Haeufig-gestellte-Fragen---Allgemeine-Fragen.html,FAQ,,Recommended for some or all,,,,Recommended for some or all,Advises administration in 2nd and 3rd trimester,Not recommended,Moderna COVID-19 vaccine,"Federal Ministry Republic of Austria Social Affairs, Health, Care and Consumer Protection",Public Health Authority,AT,Austria,Europe and Central Asia,High income
1407,2022-07-27,2022-03-08,https://www.canada.ca/en/public-health/services/publications/healthy-living/canadian-immunization-guide-part-4-active-vaccines/page-26-covid-19-vaccine.html#a6.1,Guidance statement,,Recommended for some or all,,,,Recommended for some or all,,,"Pfizer/BioNTech Comirnaty|Moderna COVID-19 vaccine",Public Health Agency of Canada,Public Health Authority,CA,Canada,North America,High income
1415,2022-08-03,2022-08-22,"https://www.health.gov.au/initiatives-and-programs/covid-19-vaccines/who-can-get-vaccinated/pregnant-women#:~:text=months%20of%20life.-,Third%20and%20booster%20doses%20during%20pregnancy,months%20after%20your%20primary%20course.",FAQ,,Recommended for some or all,,,,Recommended for some or all,,,,Australian Government Department of Health,Public Health Authority,AU,Australia,East Asia and Pacific,High income
1406,2022-08-03,2022-08-03,https://www.covidvaccine.gov.hk/en/faq,FAQ,,Recommended for some or all,,,,Recommended for some or all,,,"Pfizer/BioNTech Comirnaty|Sinovac CoronaVac","Centre for Health Protection, Department of Health",Public Health Authority,HK,"Hong Kong SAR, China",East Asia and Pacific,High income
1281,,,https://ewnews.com/bahamian-ob-gyn-encourages-pregnant-women-to-get-the-jab,,,,,,,,,,,,,,,,